stage,update,total_actor_updates,episodes,corner_success,room_success,vertical_success,success,collision,timeout,batch_half_squared_command_error,checkpoint_sha256,bank_sha256
root-run,0,0,90,0,11,28,39,51,0,,01650f67a0166be3774309991980fc250b29303d0903c923eefc122cf90ad89a,e2170fbe8e8c2d074ffb08de4269175a6de0bdcd410c3b60bd699ee7b5fc491e
root-run,1,1,90,0,12,28,40,50,0,0.570942,9b3bdc27ebca03df0737ac4fae6635c00c701dd9189d6a9ccb829ce77338e4ec,e2170fbe8e8c2d074ffb08de4269175a6de0bdcd410c3b60bd699ee7b5fc491e
root-run,100,100,90,0,16,25,41,49,0,0.278398,925c0fa7b178ecba947b2879c84934c0b34542ae7f81b813050d57ca36b9a0f3,e2170fbe8e8c2d074ffb08de4269175a6de0bdcd410c3b60bd699ee7b5fc491e
root-run,200,200,90,0,16,17,33,57,0,0.364463,d6d0a6ca45280e9c3b6924ef7fce0285eb83c8bcfb57c2f1db3cecf447606de8,e2170fbe8e8c2d074ffb08de4269175a6de0bdcd410c3b60bd699ee7b5fc491e
root-run,300,300,90,0,8,10,18,72,0,0.242415,c3615657e9d8a35885b468d150565ddc619ead733e91fb38a6d84bb5faa07032,e2170fbe8e8c2d074ffb08de4269175a6de0bdcd410c3b60bd699ee7b5fc491e
root-run,400,400,90,0,0,1,1,88,1,0.190723,3b6a170e500d95698e6aa9fc12ad6aeead80b5b68c7b5aae8f7e0afae511b9a5,e2170fbe8e8c2d074ffb08de4269175a6de0bdcd410c3b60bd699ee7b5fc491e
root-run,500,500,90,0,0,0,0,90,0,0.129902,33f1b17c58c0a7c26dd2144b5d0ea843cc3cb8d6a6d0e35fa27f087f260fc23e,e2170fbe8e8c2d074ffb08de4269175a6de0bdcd410c3b60bd699ee7b5fc491e
root-run,600,600,90,0,0,0,0,90,0,0.0685352,157a849dcefa178060fcaa19c058c76038c1d5e47146841a86738cc5242ada96,e2170fbe8e8c2d074ffb08de4269175a6de0bdcd410c3b60bd699ee7b5fc491e
root-run,700,700,90,0,0,0,0,90,0,0.0559408,722bcf948b8af5bd0706f06ebb425245bf5b57ef59bb8eca132c672723408732,e2170fbe8e8c2d074ffb08de4269175a6de0bdcd410c3b60bd699ee7b5fc491e
root-run,800,800,90,0,0,0,0,90,0,0.0459474,55a9a41d01e18c1e23c9ceecb920b21b0e76abc0d34468eeea9976393ca7544f,e2170fbe8e8c2d074ffb08de4269175a6de0bdcd410c3b60bd699ee7b5fc491e
root-run,900,900,90,0,0,0,0,90,0,0.0483945,70d3fd46bf209e67765071a00ebd15ce5a5878289fd35a00d079b27062c71dd4,e2170fbe8e8c2d074ffb08de4269175a6de0bdcd410c3b60bd699ee7b5fc491e
root-run,1000,1000,90,0,0,0,0,90,0,0.0440976,d433e89030e77c2d6dda690e80b99ee3e0bec13303bfbd0bd7dd52ec7a4266bd,e2170fbe8e8c2d074ffb08de4269175a6de0bdcd410c3b60bd699ee7b5fc491e
aggregate-run,0,1000,90,0,0,0,0,90,0,,d433e89030e77c2d6dda690e80b99ee3e0bec13303bfbd0bd7dd52ec7a4266bd,e2170fbe8e8c2d074ffb08de4269175a6de0bdcd410c3b60bd699ee7b5fc491e
aggregate-run,1,1001,90,0,0,0,0,90,0,0.0652788,a5c7c0713bd46196fb0f984abca9afd7e4ebecaef4b52b2aad8ca9727f8bf8e2,e2170fbe8e8c2d074ffb08de4269175a6de0bdcd410c3b60bd699ee7b5fc491e
aggregate-run,100,1100,90,0,0,0,0,90,0,0.0520105,4d4c4416abd5152d97e6ac7ca6412391f704447f6c3a6b08dd0b87661fb922bd,e2170fbe8e8c2d074ffb08de4269175a6de0bdcd410c3b60bd699ee7b5fc491e
aggregate-run,200,1200,90,0,0,0,0,90,0,0.0555081,f9e61bf35b8f96632fc1dcc484e42ff917461887c81a632846cfd6208522fdea,e2170fbe8e8c2d074ffb08de4269175a6de0bdcd410c3b60bd699ee7b5fc491e
aggregate-run,300,1300,90,0,0,0,0,90,0,0.0431802,9fd260cc6e755d38c02758d3c1153ad69af445a22113a7fcbf3929e2afcb734c,e2170fbe8e8c2d074ffb08de4269175a6de0bdcd410c3b60bd699ee7b5fc491e
aggregate-run,400,1400,90,0,0,0,0,90,0,0.0382338,cf305c77b0ac6342c782d6769e3b3523daa94005b911ea773ed4ebbfda14b6e6,e2170fbe8e8c2d074ffb08de4269175a6de0bdcd410c3b60bd699ee7b5fc491e
aggregate-run,500,1500,90,0,0,0,0,90,0,0.0315958,b1d290edc82e5cd872f19a1df856e6be10580197baac51a88b86d69d9fbcebed,e2170fbe8e8c2d074ffb08de4269175a6de0bdcd410c3b60bd699ee7b5fc491e
aggregate-run,600,1600,90,0,0,0,0,90,0,0.0266358,43ca3023bd4bf27bc5b27698914e0172a5a5b39e0784cff075ef0eab437276cf,e2170fbe8e8c2d074ffb08de4269175a6de0bdcd410c3b60bd699ee7b5fc491e
aggregate-run,700,1700,90,0,0,0,0,90,0,0.0257336,e57dca00670c25444be93704af1a4ca135dc73bd0ecbe9d40b889c7faff3299c,e2170fbe8e8c2d074ffb08de4269175a6de0bdcd410c3b60bd699ee7b5fc491e
aggregate-run,800,1800,90,0,0,0,0,90,0,0.0221148,da104500a3bdf4637dc132f49388d25e69a001b0dc99509434575befeac7d522,e2170fbe8e8c2d074ffb08de4269175a6de0bdcd410c3b60bd699ee7b5fc491e
aggregate-run,900,1900,90,0,0,0,0,90,0,0.0208171,24b483297ad4277046aa479d5ce1c4c5a74e9649e6206a9e1f345a0956ba5443,e2170fbe8e8c2d074ffb08de4269175a6de0bdcd410c3b60bd699ee7b5fc491e
aggregate-run,1000,2000,90,0,0,0,0,90,0,0.0175367,23a3e1c6064ea87bf7ef93655792020487983284e56f35ae0e47f0e83ba592a7,e2170fbe8e8c2d074ffb08de4269175a6de0bdcd410c3b60bd699ee7b5fc491e
