rollout,transitions,dev_corner,dev_rooms,dev_vertical,dev_total,dev_collision,dev_timeout,retention_gate_eligible_this_arm,checkpoint_sha256,dev_csv_sha256
0,0,0,25,29,54,36,0,false,d5a726949551d12bb471380eb9f5efd6c93eb4c2dab5b60ff75c95eb26e440d9,02a870e4d9bbb87b5e11d22f00997b3a36dc9ebc219805a8aa46112f33de3d82
100,409600,0,13,29,42,48,0,false,ea8dd02382397cc5ec6f25f19b880e4aa8634ce70d94d940076708058fe33d39,86b8f82bf3a55f25d164dadce98e332dea5532332414195bb66e28d9eee63174
200,819200,0,14,28,42,48,0,false,7f8d1a974e78452b87bda4b6537325b491af3e8ababc2a97c59caf1f24e42198,c09781042894d655d6fed70a9f28fb95409f125fc04561089c6e20494a3eb0c3
300,1228800,0,7,2,9,56,25,false,468f3f27e28c64976ea05856a04cb77d0c43646e724943b090347479436c0bbe,80999621bd3867fedb5cf4857fc85ff003dcac1bc6c92c8d48668fb3a30755dc
400,1638400,0,6,28,34,56,0,false,c74b9953f10323807e3bac98a58a63330e2f812660e6b57ae652ff4afcab51be,a1bc81e1f0fb304df02ad730ccb7d0da2dd42dff5d93a213e28e87aee3b5b090
500,2048000,0,3,26,29,61,0,false,268515d8387e1ef29ca2eec8b715464f637caed6c6466142b071d695a76a2395,cd18a1c79480df0bd33a6d1cd012b4714aa748f16d42f9663804ba8a64e427b3
600,2457600,0,6,27,33,57,0,false,07a2055428127f17146bef332758dd2fa542e0288d9b9e4b79614d07940b264f,22e49e62bb0f27084d156966916fe542ebd892a7812e76c7db4575829187bd6a
700,2867200,0,6,27,33,57,0,false,62ead7f8910f80422de7affeab6f78e007a7a8d790ea51ae4e4a4ad3ba271136,a0dce6b9d0f07fe58f0e79fd7b475720ac982ebad2dc2d32975d974723992bb1
800,3276800,0,4,29,33,57,0,false,e054b744ae9787f036fc42efb11a9d62e04cfc97b3940611412f010331772152,6196e7c2cc21cfd871d4ee52a0e4a16d7642bce527b28308b3447de51bfdcba8
