actor,arrival_s,collision,exit_code,family,family_name,final_error_m,final_speed_mps,first_entry_count,first_entry_s,flight_dir,goal_distance_m,index,initial_position_error_m,initial_velocity_applied_mps,initial_velocity_error_mps,initial_yaw_error_rad,invalid_reason,mean_speed_mps,min_clearance_m,min_sensor_range_m,nav_task_ticks,path_m,peak_speed_mps,raptor_steps,route_class,scene_seed,slug,stable_hold_s,start_clearance_m,start_speed_mps,success,time_s,timeout,trace_samples,valid,wall_s,world,world_sha256
arrival,4.1,0,0,2,poles,0.229998,0.239634,1,1.89,/Users/muadhsambul/RL/results/omp-waypoint-transfer/flights/lwt-env000-poles-arrival,1.9366379976272583,0,0.005642686901576117,"[0.198348, -0.266302, -0.402368]",3.3691596984519734e-07,0.005172281203446705,,0.870009756097561,0.15164605695259642,0.543222,82,3.56704,1.53503,410,0,549423487,lwt-env000-poles-arrival,0.2,1.1037964820861816,0.5216886967905203,1,4.1,0,410,True,3.091,/Users/muadhsambul/.codex/worktrees/calibrated-navigation-sensors/RL/webots/worlds/local-waypoint-transfer-lwt-env000-poles-arrival.wbt,973f35ed691bc339c51400403358e017dabda99558322283cbfdb9fe69ddf2fc
fast,3.2,0,0,2,poles,0.272884,0.445241,1,3.01,/Users/muadhsambul/RL/results/omp-waypoint-transfer/flights/lwt-env000-poles-fast,1.9366379976272583,0,0.005642686901576117,"[0.198348, -0.266302, -0.402368]",3.3691596984519734e-07,0.005172281203446705,,0.543890625,0.537358152238077,1.26874,64,1.74045,0.834116,320,0,549423487,lwt-env000-poles-fast,0.2,1.1037964820861816,0.5216886967905203,1,3.2,0,320,True,2.297,/Users/muadhsambul/.codex/worktrees/calibrated-navigation-sensors/RL/webots/worlds/local-waypoint-transfer-lwt-env000-poles-fast.wbt,468436cf48f95af5d52abd2374cc635e3a676f1b4aa37a49c7cd5e442036380b
arrival,2.95,0,0,4,doorway,0.185113,0.354304,1,1.41,/Users/muadhsambul/RL/results/omp-waypoint-transfer/flights/lwt-env001-doorway-arrival,1.6540647745132446,1,0.007729468137039647,"[0.318769, -0.11283, 0.749]",1.4109039309095905e-07,0.005172633839540364,,0.8221932203389829,0.8192555134930612,1.63953,59,2.42547,1.28144,295,0,150323922,lwt-env001-doorway-arrival,0.2,1.3253796100616455,0.8217938010312815,1,2.95,0,295,True,2.549,/Users/muadhsambul/.codex/worktrees/calibrated-navigation-sensors/RL/webots/worlds/local-waypoint-transfer-lwt-env001-doorway-arrival.wbt,d52d0f9bae7ba7120e976dec33273a91192f2f30bb1e3e58bb28bfa76fec80b6
fast,2.6,0,0,4,doorway,0.114763,0.362917,1,2.11,/Users/muadhsambul/RL/results/omp-waypoint-transfer/flights/lwt-env001-doorway-fast,1.6540647745132446,1,0.007729468137039647,"[0.318769, -0.11283, 0.749]",1.4109039309095905e-07,0.005172633839540364,,0.7392115384615384,0.8986915134930611,1.71228,52,1.92195,1.0238,260,0,150323922,lwt-env001-doorway-fast,0.2,1.3253796100616455,0.8217938010312815,1,2.6,0,260,True,2.545,/Users/muadhsambul/.codex/worktrees/calibrated-navigation-sensors/RL/webots/worlds/local-waypoint-transfer-lwt-env001-doorway-fast.wbt,f317c5186d5713f1fb5ee6fd51663813cb6ed491f247ab9f0abaa6076392ef84
arrival,2.9,0,0,5,table,0.285805,0.45666,1,0.82,/Users/muadhsambul/RL/results/omp-waypoint-transfer/flights/lwt-env002-table-arrival,1.1294032335281372,2,0.002075907523562918,"[0.194932, -0.0570481, 0.0115878]",3.862791061459703e-07,0.005171499868640517,,0.8777931034482759,0.45396104840804213,0.559479,58,2.5456,1.63484,290,0,3979062701,lwt-env002-table-arrival,0.2,1.3435869216918945,0.2034389315146489,1,2.9,0,290,True,2.291,/Users/muadhsambul/.codex/worktrees/calibrated-navigation-sensors/RL/webots/worlds/local-waypoint-transfer-lwt-env002-table-arrival.wbt,c608723ade0dc7e502d901827f6305c5c61c4cb6b7069ceafa8dede93c3824ab
fast,2.55,0,0,5,table,0.320009,0.194195,1,2.37,/Users/muadhsambul/RL/results/omp-waypoint-transfer/flights/lwt-env002-table-fast,1.1294032335281372,2,0.002075907523562918,"[0.194932, -0.0570481, 0.0115878]",3.862791061459703e-07,0.005171499868640517,,0.6339490196078432,0.34262366082508205,0.471725,51,1.61657,1.35713,255,0,3979062701,lwt-env002-table-fast,0.2,1.3435869216918945,0.2034389315146489,1,2.55,0,255,True,2.554,/Users/muadhsambul/.codex/worktrees/calibrated-navigation-sensors/RL/webots/worlds/local-waypoint-transfer-lwt-env002-table-fast.wbt,2f6544edf05085ebd9002d19ffe7f62120fce4a9537c9dcbd1245489ae5144f3
arrival,2.8,0,0,14,bent_hallway,0.151321,0.36067,1,2.1,/Users/muadhsambul/RL/results/omp-waypoint-transfer/flights/lwt-env003-bent_hallway-arrival,2.0782222747802734,3,0.008038007870000058,"[0.265091, -0.474797, 0.645743]",4.0681076052262455e-07,0.005172386739784795,,0.829375,0.5904639675136567,1.25926,56,2.32225,1.03074,280,0,504101637,lwt-env003-bent_hallway-arrival,0.2,1.1327238082885742,0.8442089567598043,1,2.8,0,280,True,2.293,/Users/muadhsambul/.codex/worktrees/calibrated-navigation-sensors/RL/webots/worlds/local-waypoint-transfer-lwt-env003-bent_hallway-arrival.wbt,48d2cac95e83765990f7f243898e57de1f5555c644a4464072ca27a960598fef
fast,2.6,0,0,14,bent_hallway,0.272616,0.171965,1,2.13,/Users/muadhsambul/RL/results/omp-waypoint-transfer/flights/lwt-env003-bent_hallway-fast,2.0782222747802734,3,0.008038007870000058,"[0.265091, -0.474797, 0.645743]",4.0681076052262455e-07,0.005172386739784795,,0.8790307692307693,0.6344844475136566,1.25926,52,2.28548,1.08418,260,0,504101637,lwt-env003-bent_hallway-fast,0.2,1.1327238082885742,0.8442089567598043,1,2.6,0,260,True,2.549,/Users/muadhsambul/.codex/worktrees/calibrated-navigation-sensors/RL/webots/worlds/local-waypoint-transfer-lwt-env003-bent_hallway-fast.wbt,e87967156c59d3d2549fc610b82743c50822dacc61743bf8cae1d9f6c89ac6e3
arrival,3.85,0,0,15,connected_rooms,0.249473,0.353804,1,1.73,/Users/muadhsambul/RL/results/omp-waypoint-transfer/flights/lwt-env004-connected_rooms-arrival,1.243180513381958,4,0.0020772296963439832,"[0.168347, -0.11106, 0.102955]",3.3432006836531247e-07,0.005171935784184178,,0.6517324675324675,0.20321312172746658,1.13046,77,2.50917,1.0617,385,0,1214290374,lwt-env004-connected_rooms-arrival,0.2,0.7333765625953674,0.22643928663831644,1,3.85,0,385,True,2.305,/Users/muadhsambul/.codex/worktrees/calibrated-navigation-sensors/RL/webots/worlds/local-waypoint-transfer-lwt-env004-connected_rooms-arrival.wbt,6fb25be8c84281942dc727d97353f2bd694f41e1e91dc20cf34db04b9bfb9948
fast,2.05,0,0,15,connected_rooms,0.211446,0.380792,1,1.71,/Users/muadhsambul/RL/results/omp-waypoint-transfer/flights/lwt-env004-connected_rooms-fast,1.243180513381958,4,0.0020772296963439832,"[0.168347, -0.11106, 0.102955]",3.3432006836531247e-07,0.005171935784184178,,0.6711170731707318,0.3683264217274666,1.12626,41,1.37579,1.08625,205,0,1214290374,lwt-env004-connected_rooms-fast,0.2,0.7333765625953674,0.22643928663831644,1,2.05,0,205,True,2.291,/Users/muadhsambul/.codex/worktrees/calibrated-navigation-sensors/RL/webots/worlds/local-waypoint-transfer-lwt-env004-connected_rooms-fast.wbt,fe5cce9e4960934af09fd906e322ae6b921b6a5decfda8af71d07b93dc3473c0
arrival,3.2,0,0,16,vertical_choices,0.315061,0.367216,1,3.05,/Users/muadhsambul/RL/results/omp-waypoint-transfer/flights/lwt-env005-vertical_choices-arrival,1.819656491279602,5,0.0020509742043542337,"[-0.0743397, 0.0209066, -0.136379]",4.733123779299131e-07,0.005173276990440212,,0.5370437499999999,0.2516576925342303,1.06192,64,1.71854,0.953214,320,0,1307374002,lwt-env005-vertical_choices-arrival,0.2,0.5487440824508667,0.15672451956055541,1,3.2,0,320,True,2.3,/Users/muadhsambul/.codex/worktrees/calibrated-navigation-sensors/RL/webots/worlds/local-waypoint-transfer-lwt-env005-vertical_choices-arrival.wbt,2ea1bd9a48c5b64ae3a5e1fbbf7655a7c7f34ad0d7c55fda0b83d7827b8f4d91
fast,5.7,0,0,16,vertical_choices,0.306031,0.282857,1,5.51,/Users/muadhsambul/RL/results/omp-waypoint-transfer/flights/lwt-env005-vertical_choices-fast,1.819656491279602,5,0.0020509742043542337,"[-0.0743397, 0.0209066, -0.136379]",4.733123779299131e-07,0.005173276990440212,,0.3326157894736842,0.4082836975301312,0.866707,114,1.89591,1.02243,570,0,1307374002,lwt-env005-vertical_choices-fast,0.2,0.5487440824508667,0.15672451956055541,1,5.7,0,570,True,2.541,/Users/muadhsambul/.codex/worktrees/calibrated-navigation-sensors/RL/webots/worlds/local-waypoint-transfer-lwt-env005-vertical_choices-fast.wbt,f9d4feb9261ccf25d5b1b8b0f36a8d8ac4125772f299022af23a5ba925bb193b
arrival,,1,0,2,poles,1.56432,0.65415,0,-1.0,/Users/muadhsambul/RL/results/omp-waypoint-transfer/flights/lwt-env006-poles-arrival,2.313368558883667,6,0.004282563983284349,"[0.419333, 0.0423476, 0.12998]",2.2139072416993422e-07,0.005173226518156326,,0.7862518518518518,-6.401807974787399e-06,1.22142,27,1.06144,1.44441,135,1,2902044213,lwt-env006-poles-arrival,0.0,0.38078099489212036,0.4410535443546843,0,1.35,0,135,True,2.296,/Users/muadhsambul/.codex/worktrees/calibrated-navigation-sensors/RL/webots/worlds/local-waypoint-transfer-lwt-env006-poles-arrival.wbt,e0046f01aa8205186e09f158401065f244fbc968556251ff4231e354eccae494
fast,,1,0,2,poles,1.60144,0.468957,0,-1.0,/Users/muadhsambul/RL/results/omp-waypoint-transfer/flights/lwt-env006-poles-fast,2.313368558883667,6,0.004282563983284349,"[0.419333, 0.0423476, 0.12998]",2.2139072416993422e-07,0.005173226518156326,,0.7650666666666666,-1.4607829982471454e-05,2.02478,27,1.03284,1.15433,135,1,2902044213,lwt-env006-poles-fast,0.0,0.38078099489212036,0.4410535443546843,0,1.35,0,135,True,2.551,/Users/muadhsambul/.codex/worktrees/calibrated-navigation-sensors/RL/webots/worlds/local-waypoint-transfer-lwt-env006-poles-fast.wbt,de55763705b366f016630e51a2055c65a473df9da61ca31eb24ba95b788d9279
arrival,,1,0,4,doorway,1.33961,0.243366,0,-1.0,/Users/muadhsambul/RL/results/omp-waypoint-transfer/flights/lwt-env007-doorway-arrival,2.9402318000793457,7,0.0009382744936117731,"[0.071754, -0.0466962, 0.0157975]",3.07691574094604e-08,0.005172169272054328,,0.8771727272727272,-1.0266406536063588e-05,1.2742,44,1.92978,1.56156,220,1,961355278,lwt-env007-doorway-arrival,0.0,1.2189726829528809,0.08705592570022508,0,2.2,0,220,True,2.552,/Users/muadhsambul/.codex/worktrees/calibrated-navigation-sensors/RL/webots/worlds/local-waypoint-transfer-lwt-env007-doorway-arrival.wbt,717d600719b80859f170cc3cfe4495dfcfb1c7a749f9e4eb3ea19b0931a9e9dd
fast,,1,0,4,doorway,1.83402,0.302309,0,-1.0,/Users/muadhsambul/RL/results/omp-waypoint-transfer/flights/lwt-env007-doorway-fast,2.9402318000793457,7,0.0009382744936117731,"[0.071754, -0.0466962, 0.0157975]",3.07691574094604e-08,0.005172169272054328,,0.7362085106382978,-6.0266406536169104e-05,0.697559,47,1.73009,1.29767,235,1,961355278,lwt-env007-doorway-fast,0.0,1.2189726829528809,0.08705592570022508,0,2.35,0,235,True,2.544,/Users/muadhsambul/.codex/worktrees/calibrated-navigation-sensors/RL/webots/worlds/local-waypoint-transfer-lwt-env007-doorway-fast.wbt,37052fb26b53997bc41bc5f17aca53bf5ea19eabf8cad2032efeec6b9a2013e2
arrival,,1,0,5,table,2.35099,0.522754,0,-1.0,/Users/muadhsambul/RL/results/omp-waypoint-transfer/flights/lwt-env008-table-arrival,2.8579883575439453,8,0.004981394354152459,"[0.412632, 0.278035, 0.0308831]",2.8308868410542587e-07,0.005171573508081284,,0.6221933333333333,-7.845665454869755e-05,0.479137,21,0.653303,0.897762,105,1,2705412342,lwt-env008-table-arrival,0.0,0.4613555669784546,0.49852040532042413,0,1.05,0,105,True,2.29,/Users/muadhsambul/.codex/worktrees/calibrated-navigation-sensors/RL/webots/worlds/local-waypoint-transfer-lwt-env008-table-arrival.wbt,e64ecd377e82649fc98ced600a553c5e4ef7fb9b11dc6d014f93dec929b48ab5
fast,,1,0,5,table,2.39413,0.298295,0,-1.0,/Users/muadhsambul/RL/results/omp-waypoint-transfer/flights/lwt-env008-table-fast,2.8579883575439453,8,0.004981394354152459,"[0.412632, 0.278035, 0.0308831]",2.8308868410542587e-07,0.005171573508081284,,0.5332950000000001,-8.273909012479486e-06,0.396729,24,0.639954,0.717078,120,1,2705412342,lwt-env008-table-fast,0.0,0.4613555669784546,0.49852040532042413,0,1.2,0,120,True,2.295,/Users/muadhsambul/.codex/worktrees/calibrated-navigation-sensors/RL/webots/worlds/local-waypoint-transfer-lwt-env008-table-fast.wbt,159d7f72255863c42e92866df1f86c3e6711ba892ae07506b0ddefee6ce32a15
arrival,2.05,0,0,14,bent_hallway,0.0803444,0.380669,1,1.55,/Users/muadhsambul/RL/results/omp-waypoint-transfer/flights/lwt-env009-bent_hallway-arrival,1.3681282997131348,9,0.009173265866143086,"[0.846271, 0.353219, 0.0297844]",3.849449157766749e-07,0.005172473381448328,,0.7861707317073171,0.3645976408863067,0.495275,41,1.61165,1.0612,205,0,509321952,lwt-env009-bent_hallway-arrival,0.2,0.810829222202301,0.917510256996015,1,2.05,0,205,True,2.295,/Users/muadhsambul/.codex/worktrees/calibrated-navigation-sensors/RL/webots/worlds/local-waypoint-transfer-lwt-env009-bent_hallway-arrival.wbt,7b14e94ccbdd8227792692e0a43e730bf0e5ef9977bd9fa0ca2e688f2ac56cf3
fast,2.05,0,0,14,bent_hallway,0.29155,0.376525,1,1.9,/Users/muadhsambul/RL/results/omp-waypoint-transfer/flights/lwt-env009-bent_hallway-fast,1.3681282997131348,9,0.009173265866143086,"[0.846271, 0.353219, 0.0297844]",3.849449157766749e-07,0.005172473381448328,,0.5644,0.6484869408863068,0.777001,41,1.15702,0.937049,205,0,509321952,lwt-env009-bent_hallway-fast,0.2,0.810829222202301,0.917510256996015,1,2.05,0,205,True,2.323,/Users/muadhsambul/.codex/worktrees/calibrated-navigation-sensors/RL/webots/worlds/local-waypoint-transfer-lwt-env009-bent_hallway-fast.wbt,31922e90d0dc063a227aa3eef933d9b330a06253596d978661d3162c42d19e8f
arrival,,0,0,15,connected_rooms,1.58973,0.270812,0,-1.0,/Users/muadhsambul/RL/results/omp-waypoint-transfer/flights/lwt-env010-connected_rooms-arrival,2.6784560680389404,10,0.0007108442839254815,"[0.0558827, 0.0288824, 0.0212972]",4.449110031085057e-08,0.005172615983080275,,0.2974645,0.020864413341999066,0.138595,400,5.94929,0.925688,2000,1,2507094576,lwt-env010-connected_rooms-arrival,0.0,0.9359694123268127,0.06641268685428348,0,20.0,1,2000,True,3.585,/Users/muadhsambul/.codex/worktrees/calibrated-navigation-sensors/RL/webots/worlds/local-waypoint-transfer-lwt-env010-connected_rooms-arrival.wbt,3a409fdf83032cac92e59079c50ff28ee00d8913ddd6cfbdd52467bdd3cf7a1f
fast,,0,0,15,connected_rooms,1.4399,0.225719,0,-1.0,/Users/muadhsambul/RL/results/omp-waypoint-transfer/flights/lwt-env010-connected_rooms-fast,2.6784560680389404,10,0.0007108442839254815,"[0.0558827, 0.0288824, 0.0212972]",4.449110031085057e-08,0.005172615983080275,,0.290364,0.0003654133419990768,0.11499,400,5.80728,0.988111,2000,1,2507094576,lwt-env010-connected_rooms-fast,0.0,0.9359694123268127,0.06641268685428348,0,20.0,1,2000,True,3.583,/Users/muadhsambul/.codex/worktrees/calibrated-navigation-sensors/RL/webots/worlds/local-waypoint-transfer-lwt-env010-connected_rooms-fast.wbt,c920732c64c8b0726b775ca99eb19851044194931d8fddb7401b62d8ede46b9a
arrival,,1,0,16,vertical_choices,1.54511,1.17096,0,-1.0,/Users/muadhsambul/RL/results/omp-waypoint-transfer/flights/lwt-env011-vertical_choices-arrival,2.820819616317749,11,0.002653041758940033,"[0.199136, 0.0923, -0.0950023]",4.657878875657939e-07,0.005172362741041492,,1.4343836734693876,-0.0005494811358451868,0.159463,49,3.51424,2.21176,245,1,1109239329,lwt-env011-vertical_choices-arrival,0.0,0.8503099083900452,0.23916536105336172,0,2.45,0,245,True,2.535,/Users/muadhsambul/.codex/worktrees/calibrated-navigation-sensors/RL/webots/worlds/local-waypoint-transfer-lwt-env011-vertical_choices-arrival.wbt,86b20c7179b5efa9b50005584f15327efec6afe15b3ce6d96966180294e2ec41
fast,3.95,0,0,16,vertical_choices,0.331356,0.155817,1,3.8,/Users/muadhsambul/RL/results/omp-waypoint-transfer/flights/lwt-env011-vertical_choices-fast,2.820819616317749,11,0.002653041758940033,"[0.199136, 0.0923, -0.0950023]",4.657878875657939e-07,0.005172362741041492,,0.8318050632911391,0.15902178228650793,0.612896,79,3.28563,2.11407,395,1,1109239329,lwt-env011-vertical_choices-fast,0.2,0.8503099083900452,0.23916536105336172,1,3.95,0,395,True,2.299,/Users/muadhsambul/.codex/worktrees/calibrated-navigation-sensors/RL/webots/worlds/local-waypoint-transfer-lwt-env011-vertical_choices-fast.wbt,c8926b42eed03d006ab5d67f21be774bdcd153a58a133ee73844a6e9f9a30e38
arrival,4.05,0,0,2,poles,0.318981,0.374781,3,1.02,/Users/muadhsambul/RL/results/omp-waypoint-transfer/flights/lwt-env012-poles-arrival,1.6860204935073853,12,0.0012903194887788267,"[0.0663391, -0.0532582, -0.0431959]",4.1402244570221125e-08,0.005172930027655286,,0.8263827160493827,0.12857376724153174,1.04672,81,3.34685,2.25983,405,0,1672977473,lwt-env012-poles-arrival,0.2,1.1882052421569824,0.0954106468135392,1,4.05,0,405,True,2.546,/Users/muadhsambul/.codex/worktrees/calibrated-navigation-sensors/RL/webots/worlds/local-waypoint-transfer-lwt-env012-poles-arrival.wbt,a97aa29aa518d1a88f67a60caa9a9ca41c0fdca344bb8fc924c433b72e0b8197
fast,1.6,0,0,2,poles,0.296998,0.0990485,1,0.99,/Users/muadhsambul/RL/results/omp-waypoint-transfer/flights/lwt-env012-poles-fast,1.6860204935073853,12,0.0012903194887788267,"[0.0663391, -0.0532582, -0.0431959]",4.1402244570221125e-08,0.005172930027655286,,1.2351062499999999,0.29170118180921406,1.21341,32,1.97617,2.26215,160,0,1672977473,lwt-env012-poles-fast,0.2,1.1882052421569824,0.0954106468135392,1,1.6,0,160,True,2.292,/Users/muadhsambul/.codex/worktrees/calibrated-navigation-sensors/RL/webots/worlds/local-waypoint-transfer-lwt-env012-poles-fast.wbt,68b77b48af25de52ebfa97a0ae9ac3db8a2ae9ef0495515209c5b35d0ac3a722
arrival,2.45,0,0,4,doorway,0.131738,0.326763,1,2.04,/Users/muadhsambul/RL/results/omp-waypoint-transfer/flights/lwt-env013-doorway-arrival,2.1156344413757324,13,0.0015298238961931265,"[0.0999391, -0.033048, -0.0569372]",2.2796058651852746e-08,0.005173232874178924,,0.8674530612244897,0.6564000000000001,1.69426,49,2.12526,1.18802,245,0,3645008205,lwt-env013-doorway-arrival,0.2,0.6553975939750671,0.11967391310929415,1,2.45,0,245,True,2.282,/Users/muadhsambul/.codex/worktrees/calibrated-navigation-sensors/RL/webots/worlds/local-waypoint-transfer-lwt-env013-doorway-arrival.wbt,4e51e08a7f09a91a977bc50e1f9ecd26d87b8f441198c00a4b1f5a216ccf2016
fast,2.55,0,0,4,doorway,0.27936,0.451853,1,2.4,/Users/muadhsambul/RL/results/omp-waypoint-transfer/flights/lwt-env013-doorway-fast,2.1156344413757324,13,0.0015298238961931265,"[0.0999391, -0.033048, -0.0569372]",2.2796058651852746e-08,0.005173232874178924,,0.8416196078431373,0.6564000000000001,1.42427,51,2.14613,1.38898,255,0,3645008205,lwt-env013-doorway-fast,0.2,0.6553975939750671,0.11967391310929415,1,2.55,0,255,True,2.307,/Users/muadhsambul/.codex/worktrees/calibrated-navigation-sensors/RL/webots/worlds/local-waypoint-transfer-lwt-env013-doorway-fast.wbt,623b57fb81960e04a173e2a141f179d613cb780c401af6a3ba72855b3bc68381
arrival,2.25,0,0,5,table,0.120033,0.207912,1,1.8,/Users/muadhsambul/RL/results/omp-waypoint-transfer/flights/lwt-env014-table-arrival,2.435889720916748,14,0.0008027438786893383,"[0.000399298, 0.0455087, -0.0123249]",2.8448057173835473e-08,0.005172262753153855,,1.12708,0.907373,1.01887,45,2.53593,1.95087,225,0,1511795247,lwt-env014-table-arrival,0.2,0.911494791507721,0.0471497745835435,1,2.25,0,225,True,2.284,/Users/muadhsambul/.codex/worktrees/calibrated-navigation-sensors/RL/webots/worlds/local-waypoint-transfer-lwt-env014-table-arrival.wbt,6c9916111fda515f7261f5fb6463283083ba89848d10eb36ca77566a4601220b
fast,2.25,0,0,5,table,0.29593,0.207833,1,1.86,/Users/muadhsambul/RL/results/omp-waypoint-transfer/flights/lwt-env014-table-fast,2.435889720916748,14,0.0008027438786893383,"[0.000399298, 0.0455087, -0.0123249]",2.8448057173835473e-08,0.005172262753153855,,1.1836488888888888,0.9009090000000002,1.01576,45,2.66321,1.91486,225,0,1511795247,lwt-env014-table-fast,0.2,0.911494791507721,0.0471497745835435,1,2.25,0,225,True,2.291,/Users/muadhsambul/.codex/worktrees/calibrated-navigation-sensors/RL/webots/worlds/local-waypoint-transfer-lwt-env014-table-fast.wbt,d687ff317f251ce9e6150a9eb1c285633bcfb5dcfe86d0a684daf63d627c993d
arrival,2.1,0,0,14,bent_hallway,0.10803,0.342411,1,1.44,/Users/muadhsambul/RL/results/omp-waypoint-transfer/flights/lwt-env015-bent_hallway-arrival,1.4960979223251343,15,0.002871123500031707,"[-0.154063, 0.220147, -0.047173]",4.930133819525118e-07,0.0051728247499177584,,0.8178714285714286,0.3100500000000001,0.881839,42,1.71753,1.06372,210,0,3288772737,lwt-env015-bent_hallway-arrival,0.2,0.7815678119659424,0.2728106416794526,1,2.1,0,210,True,2.295,/Users/muadhsambul/.codex/worktrees/calibrated-navigation-sensors/RL/webots/worlds/local-waypoint-transfer-lwt-env015-bent_hallway-arrival.wbt,4842675d2d8f6b4b8390889e0ab009a0e74008bd881a1b6717b2e4f15e80da7e
fast,2.5,0,0,14,bent_hallway,0.201426,0.230172,1,2.12,/Users/muadhsambul/RL/results/omp-waypoint-transfer/flights/lwt-env015-bent_hallway-fast,1.4960979223251343,15,0.002871123500031707,"[-0.154063, 0.220147, -0.047173]",4.930133819525118e-07,0.0051728247499177584,,0.632352,0.27538999999999997,1.22837,50,1.58088,0.847607,250,0,3288772737,lwt-env015-bent_hallway-fast,0.2,0.7815678119659424,0.2728106416794526,1,2.5,0,250,True,2.295,/Users/muadhsambul/.codex/worktrees/calibrated-navigation-sensors/RL/webots/worlds/local-waypoint-transfer-lwt-env015-bent_hallway-fast.wbt,0c044347bb93e6786abb934e349370e3bb1d17d279f1694554ca3881c52468d7
