actor,env,family,family_name,route_class,success,collision,timeout,time_s,path_m,mean_speed_mps,min_clearance_m,final_speed_mps,stable_hold_s
arrival,0,2,poles,0,1,0,0,3.14999747,2.83188844,0.899012923,0.261647701,0.481357932,0.200000003
arrival,1,4,doorway,0,1,0,0,7.30007219,5.60506582,0.767809629,0.734651029,0.403234959,0.200000003
arrival,2,5,table,0,1,0,0,2.74999785,2.53169274,0.920616269,0.451709688,0.350349158,0.200000003
arrival,3,14,bent_hallway,0,1,0,0,2.89999771,2.3051188,0.794869184,0.590961397,0.357541114,0.200000003
arrival,4,15,connected_rooms,0,1,0,0,3.84999681,2.56303024,0.665722668,0.19617328,0.357231945,0.200000003
arrival,5,16,vertical_choices,0,1,0,0,3.29999733,1.68907392,0.511840999,0.288542211,0.390446991,0.200000003
arrival,6,2,poles,1,0,1,0,0.46999982,0.445502698,0.94787842,-0.000576615334,1.51884115,0.0
arrival,7,4,doorway,1,0,1,0,1.47999895,1.61910701,1.09399199,-0.00370126963,0.890262365,0.0
arrival,8,5,table,1,0,1,0,0.539999783,0.479745597,0.888418138,-0.00438660383,1.1198926,0.0
arrival,9,14,bent_hallway,0,1,0,0,1.99999845,1.53298616,0.766493678,0.369295895,0.31569469,0.200000003
arrival,10,15,connected_rooms,1,0,0,1,20.0003624,6.12095261,0.306042075,0.0521348417,0.262972057,0.0
arrival,11,16,vertical_choices,1,1,0,0,4.30000353,3.29959702,0.767347515,0.306258798,0.380033433,0.200000003
arrival,12,2,poles,0,1,0,0,4.09999895,3.69213605,0.900521219,0.222073436,0.347455233,0.200000003
arrival,13,4,doorway,0,1,0,0,2.44999814,2.10443997,0.858955741,0.656397045,0.34119013,0.200000003
arrival,14,5,table,0,1,0,0,1.79999864,2.39577389,1.3309865,0.911498725,0.171877816,0.200000003
arrival,15,14,bent_hallway,0,1,0,0,1.99999845,1.65301728,0.826509297,0.318790019,0.378914207,0.200000003
fast,0,2,poles,0,1,0,0,3.59999704,1.71486509,0.476351798,0.557638109,0.402256787,0.200000003
fast,1,4,doorway,0,1,0,0,2.54999804,1.93282926,0.757972836,0.900877893,0.366946965,0.200000003
fast,2,5,table,0,1,0,0,4.30000353,1.98830533,0.462396204,0.28735894,0.0924838632,0.200000003
fast,3,14,bent_hallway,0,1,0,0,2.6999979,2.24815679,0.832651317,0.631906927,0.13743411,0.200000003
fast,4,15,connected_rooms,0,1,0,0,1.79999864,1.27795124,0.709973454,0.399629176,0.431975067,0.200000003
fast,5,16,vertical_choices,0,1,0,0,6.55005503,1.95413721,0.298339039,0.428955555,0.287220597,0.200000003
fast,6,2,poles,1,0,1,0,0.619999707,0.548509121,0.88469255,-0.00361478329,1.11653984,0.0
fast,7,4,doorway,1,0,1,0,1.8399986,1.54262638,0.838384569,-0.00135678053,0.460055918,0.0
fast,8,5,table,1,0,1,0,0.749999583,0.53461957,0.71282649,-0.000286564231,0.659593582,0.0
fast,9,14,bent_hallway,0,1,0,0,2.14999843,1.13498688,0.527901232,0.625652969,0.335990936,0.200000003
fast,10,15,connected_rooms,1,0,0,1,20.0003624,5.70039225,0.285014451,0.0563462377,0.214720324,0.0
fast,11,16,vertical_choices,1,1,0,0,4.6000104,3.37527275,0.733753264,0.329689384,0.140876144,0.200000003
fast,12,2,poles,0,1,0,0,1.49999893,1.90928364,1.27285671,0.377314448,0.159918785,0.200000003
fast,13,4,doorway,0,1,0,0,2.74999785,2.15895724,0.785075963,0.656397045,0.454875767,0.200000003
fast,14,5,table,0,1,0,0,1.9499985,2.63523483,1.35140347,0.911498725,0.0979384184,0.200000003
fast,15,14,bent_hallway,0,1,0,0,2.54999804,1.55441737,0.609575927,0.27466768,0.223855853,0.200000003
