env,family,success,collision,timeout,time_s,contact_geometry_id,first_raw_seen_s,first_pooled_seen_s,raw_warning_s,pooled_warning_s,last_raw_seen_s,last_pooled_seen_s,entire_collider_outside_view_all_frames,dense_counterfactual_first_seen_s
0,2,1,0,0,3.6,-1,-1,-1,-1,-1,-1,-1,0,-1
1,4,1,0,0,2.55,-1,-1,-1,-1,-1,-1,-1,0,-1
2,5,1,0,0,4.3,-1,-1,-1,-1,-1,-1,-1,0,-1
3,14,1,0,0,2.7,-1,-1,-1,-1,-1,-1,-1,0,-1
4,15,1,0,0,1.8,-1,-1,-1,-1,-1,-1,-1,0,-1
5,16,1,0,0,6.55006,-1,-1,-1,-1,-1,-1,-1,0,-1
6,2,0,1,0,0.62,7,-1,-1,-1,-1,-1,-1,0,-1
7,4,0,1,0,1.84,3,-1,-1,-1,-1,-1,-1,0,-1
8,5,0,1,0,0.75,2,-1,-1,-1,-1,-1,-1,1,-1
9,14,1,0,0,2.15,-1,-1,-1,-1,-1,-1,-1,0,-1
10,15,0,0,1,20.0004,-1,-1,-1,-1,-1,-1,-1,0,-1
11,16,1,0,0,4.60001,-1,-1,-1,-1,-1,-1,-1,0,-1
12,2,1,0,0,1.5,-1,-1,-1,-1,-1,-1,-1,0,-1
13,4,1,0,0,2.75,-1,-1,-1,-1,-1,-1,-1,0,-1
14,5,1,0,0,1.95,-1,-1,-1,-1,-1,-1,-1,0,-1
15,14,1,0,0,2.55,-1,-1,-1,-1,-1,-1,-1,0,-1
16,15,1,0,0,1.95,-1,-1,-1,-1,-1,-1,-1,0,-1
17,16,1,0,0,2.35,-1,-1,-1,-1,-1,-1,-1,0,-1
18,2,0,1,0,0.8,5,0,0,0.8,0.8,0.75,0.75,0,-1
19,4,1,0,0,3,-1,-1,-1,-1,-1,-1,-1,0,-1
20,5,1,0,0,2.05,-1,-1,-1,-1,-1,-1,-1,0,-1
21,14,1,0,0,5.50003,-1,-1,-1,-1,-1,-1,-1,0,-1
22,15,1,0,0,3.3,-1,-1,-1,-1,-1,-1,-1,0,-1
23,16,1,0,0,3.05,-1,-1,-1,-1,-1,-1,-1,0,-1
24,2,1,0,0,3.4,-1,-1,-1,-1,-1,-1,-1,0,-1
25,4,1,0,0,6.60006,-1,-1,-1,-1,-1,-1,-1,0,-1
26,5,1,0,0,3.65,-1,-1,-1,-1,-1,-1,-1,0,-1
27,14,1,0,0,1.8,-1,-1,-1,-1,-1,-1,-1,0,-1
28,15,1,0,0,2.75,-1,-1,-1,-1,-1,-1,-1,0,-1
29,16,1,0,0,3.6,-1,-1,-1,-1,-1,-1,-1,0,-1
30,2,0,1,0,0.51,2,-1,-1,-1,-1,-1,-1,0,-1
31,4,0,1,0,5.81004,1,0,0,5.81004,5.81004,5.8,5.8,0,-1
32,5,1,0,0,4,-1,-1,-1,-1,-1,-1,-1,0,-1
33,14,1,0,0,9.00011,-1,-1,-1,-1,-1,-1,-1,0,-1
34,15,1,0,0,2.5,-1,-1,-1,-1,-1,-1,-1,0,-1
35,16,1,0,0,16.8003,-1,-1,-1,-1,-1,-1,-1,0,-1
36,2,1,0,0,1.35,-1,-1,-1,-1,-1,-1,-1,0,-1
37,4,1,0,0,3.55,-1,-1,-1,-1,-1,-1,-1,0,-1
38,5,1,0,0,2.1,-1,-1,-1,-1,-1,-1,-1,0,-1
39,14,1,0,0,3.95,-1,-1,-1,-1,-1,-1,-1,0,-1
40,15,1,0,0,4.50001,-1,-1,-1,-1,-1,-1,-1,0,-1
41,16,1,0,0,2.5,-1,-1,-1,-1,-1,-1,-1,0,-1
42,2,0,1,0,1.2,4,1,1,0.199999,0.199999,1.15,1.15,0,-1
43,4,0,1,0,1.46,0,-1,-1,-1,-1,-1,-1,1,-1
44,5,1,0,0,2.5,-1,-1,-1,-1,-1,-1,-1,0,-1
45,14,1,0,0,3.7,-1,-1,-1,-1,-1,-1,-1,0,-1
46,15,0,1,0,7.17007,0,0,0,7.17007,7.17007,7.15,7.15,0,-1
47,16,0,1,0,2.52,0,-1,-1,-1,-1,-1,-1,0,-1
48,2,1,0,0,5.65003,-1,-1,-1,-1,-1,-1,-1,0,-1
49,4,1,0,0,1.45,-1,-1,-1,-1,-1,-1,-1,0,-1
50,5,1,0,0,5.90004,-1,-1,-1,-1,-1,-1,-1,0,-1
51,14,1,0,0,1.9,-1,-1,-1,-1,-1,-1,-1,0,-1
52,15,1,0,0,3.2,-1,-1,-1,-1,-1,-1,-1,0,-1
53,16,1,0,0,2.35,-1,-1,-1,-1,-1,-1,-1,0,-1
54,2,0,1,0,0.969999,5,0.05,0.05,0.919999,0.919999,0.95,0.95,0,-1
55,4,0,1,0,2.53,1,0,0,2.53,2.53,2.5,2.5,0,-1
56,5,1,0,0,7.65008,-1,-1,-1,-1,-1,-1,-1,0,-1
57,14,1,0,0,2.55,-1,-1,-1,-1,-1,-1,-1,0,-1
58,15,0,1,0,1.62,0,-1,-1,-1,-1,-1,-1,0,-1
59,16,0,1,0,1.2,0,-1,-1,-1,-1,-1,-1,0,-1
60,2,1,0,0,3.95,-1,-1,-1,-1,-1,-1,-1,0,-1
61,4,1,0,0,1.65,-1,-1,-1,-1,-1,-1,-1,0,-1
62,5,1,0,0,1.5,-1,-1,-1,-1,-1,-1,-1,0,-1
63,14,1,0,0,3.4,-1,-1,-1,-1,-1,-1,-1,0,-1
64,15,1,0,0,2.4,-1,-1,-1,-1,-1,-1,-1,0,-1
65,16,1,0,0,4.35,-1,-1,-1,-1,-1,-1,-1,0,-1
66,2,1,0,0,2.3,-1,-1,-1,-1,-1,-1,-1,0,-1
67,4,0,1,0,1.13,1,0,0,1.13,1.13,0.75,0.75,0,-1
68,5,1,0,0,1.75,-1,-1,-1,-1,-1,-1,-1,0,-1
69,14,1,0,0,1.55,-1,-1,-1,-1,-1,-1,-1,0,-1
70,15,0,1,0,1.67,1,-1,-1,-1,-1,-1,-1,0,-1
71,16,0,1,0,3.27,0,-1,-1,-1,-1,-1,-1,0,-1
72,2,1,0,0,4.15,-1,-1,-1,-1,-1,-1,-1,0,-1
73,4,1,0,0,1.6,-1,-1,-1,-1,-1,-1,-1,0,-1
74,5,1,0,0,4.90002,-1,-1,-1,-1,-1,-1,-1,0,-1
75,14,1,0,0,2.65,-1,-1,-1,-1,-1,-1,-1,0,-1
76,15,1,0,0,3.6,-1,-1,-1,-1,-1,-1,-1,0,-1
77,16,1,0,0,5.15002,-1,-1,-1,-1,-1,-1,-1,0,-1
78,2,0,1,0,2.95,5,-1,-1,-1,-1,-1,-1,1,-1
79,4,0,1,0,1.38,1,0,0,1.38,1.38,1.35,1.35,0,-1
80,5,0,1,0,0.899999,2,-1,-1,-1,-1,-1,-1,1,-1
81,14,1,0,0,3.75,-1,-1,-1,-1,-1,-1,-1,0,-1
82,15,0,1,0,1.16,0,-1,-1,-1,-1,-1,-1,1,-1
83,16,1,0,0,9.15011,-1,-1,-1,-1,-1,-1,-1,0,-1
84,2,1,0,0,1.9,-1,-1,-1,-1,-1,-1,-1,0,-1
85,4,1,0,0,3,-1,-1,-1,-1,-1,-1,-1,0,-1
86,5,1,0,0,5.35003,-1,-1,-1,-1,-1,-1,-1,0,-1
87,14,1,0,0,4.2,-1,-1,-1,-1,-1,-1,-1,0,-1
88,15,1,0,0,2.25,-1,-1,-1,-1,-1,-1,-1,0,-1
89,16,1,0,0,9.70013,-1,-1,-1,-1,-1,-1,-1,0,-1
90,2,1,0,0,2.55,-1,-1,-1,-1,-1,-1,-1,0,-1
91,4,1,0,0,3.45,-1,-1,-1,-1,-1,-1,-1,0,-1
92,5,1,0,0,4.2,-1,-1,-1,-1,-1,-1,-1,0,-1
93,14,1,0,0,2.9,-1,-1,-1,-1,-1,-1,-1,0,-1
94,15,0,1,0,0.79,0,-1,-1,-1,-1,-1,-1,0,-1
95,16,1,0,0,13.6502,-1,-1,-1,-1,-1,-1,-1,0,-1
96,2,1,0,0,7.05007,-1,-1,-1,-1,-1,-1,-1,0,-1
97,4,1,0,0,1.4,-1,-1,-1,-1,-1,-1,-1,0,-1
98,5,1,0,0,2.35,-1,-1,-1,-1,-1,-1,-1,0,-1
99,14,1,0,0,2.55,-1,-1,-1,-1,-1,-1,-1,0,-1
100,15,1,0,0,2.4,-1,-1,-1,-1,-1,-1,-1,0,-1
101,16,1,0,0,1.6,-1,-1,-1,-1,-1,-1,-1,0,-1
102,2,0,1,0,0.989999,2,-1,-1,-1,-1,-1,-1,0,-1
103,4,1,0,0,3.55,-1,-1,-1,-1,-1,-1,-1,0,-1
104,5,1,0,0,1.9,-1,-1,-1,-1,-1,-1,-1,0,-1
105,14,1,0,0,6.45005,-1,-1,-1,-1,-1,-1,-1,0,-1
106,15,1,0,0,2.2,-1,-1,-1,-1,-1,-1,-1,0,-1
107,16,0,1,0,0.74,0,0,0,0.74,0.74,0.7,0.7,0,-1
108,2,1,0,0,3.45,-1,-1,-1,-1,-1,-1,-1,0,-1
109,4,1,0,0,2.15,-1,-1,-1,-1,-1,-1,-1,0,-1
110,5,1,0,0,3.75,-1,-1,-1,-1,-1,-1,-1,0,-1
111,14,1,0,0,2.95,-1,-1,-1,-1,-1,-1,-1,0,-1
112,15,1,0,0,2.85,-1,-1,-1,-1,-1,-1,-1,0,-1
113,16,1,0,0,1.3,-1,-1,-1,-1,-1,-1,-1,0,-1
114,2,0,1,0,0.57,4,0.45,0.45,0.12,0.12,0.55,0.55,0,-1
115,4,0,1,0,2.13,1,-1,-1,-1,-1,-1,-1,0,-1
116,5,1,0,0,9.75013,-1,-1,-1,-1,-1,-1,-1,0,-1
117,14,1,0,0,2,-1,-1,-1,-1,-1,-1,-1,0,-1
118,15,1,0,0,2.7,-1,-1,-1,-1,-1,-1,-1,0,-1
119,16,1,0,0,2.75,-1,-1,-1,-1,-1,-1,-1,0,-1
120,2,1,0,0,1.75,-1,-1,-1,-1,-1,-1,-1,0,-1
121,4,1,0,0,2.2,-1,-1,-1,-1,-1,-1,-1,0,-1
122,5,1,0,0,6.70006,-1,-1,-1,-1,-1,-1,-1,0,-1
123,14,1,0,0,1.65,-1,-1,-1,-1,-1,-1,-1,0,-1
124,15,1,0,0,2.65,-1,-1,-1,-1,-1,-1,-1,0,-1
125,16,1,0,0,2.75,-1,-1,-1,-1,-1,-1,-1,0,-1
126,2,1,0,0,7.20007,-1,-1,-1,-1,-1,-1,-1,0,-1
127,4,0,1,0,1.7,1,-1,-1,-1,-1,-1,-1,1,-1
