policy,world,seed,success,collision,timeout,steps,time_s,path_m,final_error_m,peak_speed_mps,min_sensor_range_m,altitude_min_m,altitude_max_m,tracking_rms_mps,sensor_updates,navigation_loaded,family,obstacle_count,route_witness_length_m,generator_parameters,physics_step_ms,motor_sampling,physics_profile
navigation.bin,challenge_doorway_41001,41001,True,False,False,473,4.73,5.79889,0.345181,2.07271,0.460385,1.17195,2.26309,0.555606,94,True,doorway,4,5.2,"{""opening_center_y_m"": 0.897, ""opening_center_z_m"": 1.619, ""opening_height_m"": 1.665, ""opening_width_m"": 1.294, ""wall_x_m"": 2.081}",1,average,hover
navigation.bin,challenge_doorway_41002,41002,True,False,False,285,2.85,4.39867,0.347361,2.11339,0.579155,1.09293,1.86795,0.371242,57,True,doorway,4,4.8,"{""opening_center_y_m"": -0.735, ""opening_center_z_m"": 1.497, ""opening_height_m"": 1.672, ""opening_width_m"": 1.33, ""wall_x_m"": 1.916}",1,average,hover
navigation.bin,challenge_doorway_41003,41003,True,False,False,298,2.98,4.57281,0.347004,2.08306,0.595248,1.12082,1.86149,0.393609,59,True,doorway,4,5.2,"{""opening_center_y_m"": -0.939, ""opening_center_z_m"": 1.581, ""opening_height_m"": 1.664, ""opening_width_m"": 1.343, ""wall_x_m"": 2.056}",1,average,hover
navigation.bin,challenge_doorway_41004,41004,True,False,False,294,2.94,4.49394,0.346243,2.08563,0.551576,1.11174,1.84865,0.381799,58,True,doorway,4,5.2,"{""opening_center_y_m"": -0.891, ""opening_center_z_m"": 1.525, ""opening_height_m"": 1.694, ""opening_width_m"": 1.251, ""wall_x_m"": 2.004}",1,average,hover
navigation.bin,challenge_doorway_41005,41005,True,False,False,475,4.75,5.7971,0.342094,1.97487,0.464023,1.18987,2.16279,0.552877,95,True,doorway,4,5.2,"{""opening_center_y_m"": 0.888, ""opening_center_z_m"": 1.415, ""opening_height_m"": 1.761, ""opening_width_m"": 1.339, ""wall_x_m"": 1.945}",1,average,hover
navigation.bin,challenge_doorway_41006,41006,True,False,False,296,2.96,4.52787,0.347839,2.08394,0.538765,1.11008,1.83574,0.390297,59,True,doorway,4,5.2,"{""opening_center_y_m"": -0.871, ""opening_center_z_m"": 1.522, ""opening_height_m"": 1.725, ""opening_width_m"": 1.232, ""wall_x_m"": 1.933}",1,average,hover
navigation.bin,challenge_table_overhang_41001,41001,True,False,False,273,2.73,3.85868,0.349602,2.21643,0.529596,1.21022,1.66289,0.371938,54,True,table_overhang,5,4.4,"{""leg_radius_m"": 0.12, ""table_center_x_m"": 2.0, ""table_center_y_m"": 0.282, ""table_underside_z_m"": 1.692, ""tabletop_size_m"": [1.35, 2.0, 0.18]}",1,average,hover
navigation.bin,challenge_table_overhang_41002,41002,True,False,False,273,2.73,3.85245,0.343671,2.06414,0.507427,1.21116,1.65423,0.318344,54,True,table_overhang,5,4.4,"{""leg_radius_m"": 0.12, ""table_center_x_m"": 2.0, ""table_center_y_m"": 0.17, ""table_underside_z_m"": 1.638, ""tabletop_size_m"": [1.35, 2.0, 0.18]}",1,average,hover
navigation.bin,challenge_table_overhang_41003,41003,True,False,False,274,2.74,3.88882,0.341858,1.9891,0.530828,1.19535,1.6349,0.32961,54,True,table_overhang,5,4.4,"{""leg_radius_m"": 0.12, ""table_center_x_m"": 2.0, ""table_center_y_m"": 0.042, ""table_underside_z_m"": 1.622, ""tabletop_size_m"": [1.35, 2.0, 0.18]}",1,average,hover
navigation.bin,challenge_table_overhang_41004,41004,True,False,False,272,2.72,3.86714,0.345556,2.09865,0.526551,1.23023,1.65718,0.336791,54,True,table_overhang,5,4.4,"{""leg_radius_m"": 0.12, ""table_center_x_m"": 2.0, ""table_center_y_m"": 0.092, ""table_underside_z_m"": 1.647, ""tabletop_size_m"": [1.35, 2.0, 0.18]}",1,average,hover
navigation.bin,challenge_table_overhang_41005,41005,True,False,False,277,2.77,3.90058,0.346255,2.12167,0.51728,1.20641,1.6397,0.328684,55,True,table_overhang,5,4.4,"{""leg_radius_m"": 0.12, ""table_center_x_m"": 2.0, ""table_center_y_m"": -0.143, ""table_underside_z_m"": 1.648, ""tabletop_size_m"": [1.35, 2.0, 0.18]}",1,average,hover
navigation.bin,challenge_table_overhang_41006,41006,True,False,False,280,2.8,4.00809,0.346297,2.15727,0.506733,1.26375,1.713,0.355175,56,True,table_overhang,5,4.4,"{""leg_radius_m"": 0.12, ""table_center_x_m"": 2.0, ""table_center_y_m"": -0.251, ""table_underside_z_m"": 1.718, ""tabletop_size_m"": [1.35, 2.0, 0.18]}",1,average,hover
navigation.bin,challenge_mixed_clutter_41001,41001,True,False,False,423,4.23,5.16548,0.346582,2.22217,0.450523,1.27024,2.01388,0.431932,84,True,mixed_clutter,5,4.8,"{""alternating_side"": -1, ""box_lateral_m"": 1.368, ""first_pole_y_m"": 0.1, ""pole_lateral_m"": 0.692, ""pole_radii_m"": [0.2, 0.18, 0.18]}",1,average,hover
navigation.bin,challenge_mixed_clutter_41002,41002,False,False,True,800,8,12.3826,0.908922,3.26499,0.199716,0.18409,2.28579,0.778222,160,True,mixed_clutter,5,5.2,"{""alternating_side"": -1, ""box_lateral_m"": 1.117, ""first_pole_y_m"": -0.078, ""pole_lateral_m"": 0.505, ""pole_radii_m"": [0.2, 0.18, 0.18]}",1,average,hover
navigation.bin,challenge_mixed_clutter_41003,41003,True,False,False,309,3.09,4.48571,0.348143,1.92694,0.233761,1.37117,1.76347,0.515868,61,True,mixed_clutter,5,4.8,"{""alternating_side"": 1, ""box_lateral_m"": 1.359, ""first_pole_y_m"": -0.031, ""pole_lateral_m"": 0.631, ""pole_radii_m"": [0.2, 0.18, 0.18]}",1,average,hover
navigation.bin,challenge_mixed_clutter_41004,41004,False,False,True,800,8,11.7856,0.835834,3.7468,0.134312,0.186544,2.29443,0.95282,160,True,mixed_clutter,5,5.2,"{""alternating_side"": 1, ""box_lateral_m"": 1.373, ""first_pole_y_m"": 0.057, ""pole_lateral_m"": 0.499, ""pole_radii_m"": [0.2, 0.18, 0.18]}",1,average,hover
navigation.bin,challenge_mixed_clutter_41005,41005,True,False,False,495,4.95,6.29553,0.334528,2.2078,0.55174,1.25694,2.1014,0.431969,99,True,mixed_clutter,5,4.8,"{""alternating_side"": -1, ""box_lateral_m"": 1.124, ""first_pole_y_m"": 0.089, ""pole_lateral_m"": 0.498, ""pole_radii_m"": [0.2, 0.18, 0.18]}",1,average,hover
navigation.bin,challenge_mixed_clutter_41006,41006,True,False,False,309,3.09,4.41846,0.349404,1.93112,0.224487,1.43912,1.75061,0.484608,61,True,mixed_clutter,5,5.2,"{""alternating_side"": 1, ""box_lateral_m"": 1.33, ""first_pole_y_m"": -0.008, ""pole_lateral_m"": 0.681, ""pole_radii_m"": [0.2, 0.18, 0.18]}",1,average,hover
navigation-static.bin,challenge_doorway_41001,41001,True,False,False,388,3.88,5.67562,0.336264,2.55779,0.427768,1.24791,2.09949,0.60111,77,True,doorway,4,5.2,"{""opening_center_y_m"": 0.897, ""opening_center_z_m"": 1.619, ""opening_height_m"": 1.665, ""opening_width_m"": 1.294, ""wall_x_m"": 2.081}",1,average,hover
navigation-static.bin,challenge_doorway_41002,41002,True,False,False,312,3.12,4.50334,0.345109,2.17925,0.395142,1.13824,1.94671,0.41335,62,True,doorway,4,4.8,"{""opening_center_y_m"": -0.735, ""opening_center_z_m"": 1.497, ""opening_height_m"": 1.672, ""opening_width_m"": 1.33, ""wall_x_m"": 1.916}",1,average,hover
navigation-static.bin,challenge_doorway_41003,41003,True,False,False,402,4.02,5.43788,0.347214,2.55177,0.456704,1.15135,2.00965,0.507678,80,True,doorway,4,5.2,"{""opening_center_y_m"": -0.939, ""opening_center_z_m"": 1.581, ""opening_height_m"": 1.664, ""opening_width_m"": 1.343, ""wall_x_m"": 2.056}",1,average,hover
navigation-static.bin,challenge_doorway_41004,41004,False,False,True,800,8,11.8089,2.88288,2.44753,0.43243,1.15377,2.40471,0.691761,160,True,doorway,4,5.2,"{""opening_center_y_m"": -0.891, ""opening_center_z_m"": 1.525, ""opening_height_m"": 1.694, ""opening_width_m"": 1.251, ""wall_x_m"": 2.004}",1,average,hover
navigation-static.bin,challenge_doorway_41005,41005,True,False,False,385,3.85,5.54105,0.349113,2.51375,0.468693,1.2681,2.08023,0.58299,77,True,doorway,4,5.2,"{""opening_center_y_m"": 0.888, ""opening_center_z_m"": 1.415, ""opening_height_m"": 1.761, ""opening_width_m"": 1.339, ""wall_x_m"": 1.945}",1,average,hover
navigation-static.bin,challenge_doorway_41006,41006,True,False,False,300,3,4.52343,0.349272,2.08656,0.41685,1.14803,1.97495,0.38541,60,True,doorway,4,5.2,"{""opening_center_y_m"": -0.871, ""opening_center_z_m"": 1.522, ""opening_height_m"": 1.725, ""opening_width_m"": 1.232, ""wall_x_m"": 1.933}",1,average,hover
navigation-static.bin,challenge_table_overhang_41001,41001,True,False,False,285,2.85,4.06328,0.348837,2.17072,0.555456,1.23408,1.82189,0.352502,57,True,table_overhang,5,4.4,"{""leg_radius_m"": 0.12, ""table_center_x_m"": 2.0, ""table_center_y_m"": 0.282, ""table_underside_z_m"": 1.692, ""tabletop_size_m"": [1.35, 2.0, 0.18]}",1,average,hover
navigation-static.bin,challenge_table_overhang_41002,41002,True,False,False,290,2.9,4.04709,0.344568,2.12024,0.482048,1.22362,1.78794,0.350953,58,True,table_overhang,5,4.4,"{""leg_radius_m"": 0.12, ""table_center_x_m"": 2.0, ""table_center_y_m"": 0.17, ""table_underside_z_m"": 1.638, ""tabletop_size_m"": [1.35, 2.0, 0.18]}",1,average,hover
navigation-static.bin,challenge_table_overhang_41003,41003,True,False,False,310,3.1,4.3037,0.347615,2.00334,0.504964,1.23588,1.8445,0.36862,62,True,table_overhang,5,4.4,"{""leg_radius_m"": 0.12, ""table_center_x_m"": 2.0, ""table_center_y_m"": 0.042, ""table_underside_z_m"": 1.622, ""tabletop_size_m"": [1.35, 2.0, 0.18]}",1,average,hover
navigation-static.bin,challenge_table_overhang_41004,41004,True,False,False,313,3.13,4.33259,0.34716,2.05157,0.513713,1.22769,1.84682,0.383778,62,True,table_overhang,5,4.4,"{""leg_radius_m"": 0.12, ""table_center_x_m"": 2.0, ""table_center_y_m"": 0.092, ""table_underside_z_m"": 1.647, ""tabletop_size_m"": [1.35, 2.0, 0.18]}",1,average,hover
navigation-static.bin,challenge_table_overhang_41005,41005,True,False,False,336,3.36,4.53588,0.343394,2.09927,0.461579,1.21282,1.88525,0.391166,67,True,table_overhang,5,4.4,"{""leg_radius_m"": 0.12, ""table_center_x_m"": 2.0, ""table_center_y_m"": -0.143, ""table_underside_z_m"": 1.648, ""tabletop_size_m"": [1.35, 2.0, 0.18]}",1,average,hover
navigation-static.bin,challenge_table_overhang_41006,41006,True,False,False,326,3.26,4.48424,0.34392,2.16441,0.520975,1.26051,1.90233,0.406049,65,True,table_overhang,5,4.4,"{""leg_radius_m"": 0.12, ""table_center_x_m"": 2.0, ""table_center_y_m"": -0.251, ""table_underside_z_m"": 1.718, ""tabletop_size_m"": [1.35, 2.0, 0.18]}",1,average,hover
navigation-static.bin,challenge_mixed_clutter_41001,41001,True,False,False,515,5.15,7.83506,0.344613,2.44809,0.432576,1.26464,2.0005,0.720561,103,True,mixed_clutter,5,4.8,"{""alternating_side"": -1, ""box_lateral_m"": 1.368, ""first_pole_y_m"": 0.1, ""pole_lateral_m"": 0.692, ""pole_radii_m"": [0.2, 0.18, 0.18]}",1,average,hover
navigation-static.bin,challenge_mixed_clutter_41002,41002,True,False,False,503,5.03,6.98751,0.344719,2.90402,0.229311,1.23711,2.23361,0.635259,100,True,mixed_clutter,5,5.2,"{""alternating_side"": -1, ""box_lateral_m"": 1.117, ""first_pole_y_m"": -0.078, ""pole_lateral_m"": 0.505, ""pole_radii_m"": [0.2, 0.18, 0.18]}",1,average,hover
navigation-static.bin,challenge_mixed_clutter_41003,41003,False,True,False,387,3.87,6.73711,1.98889,3.08935,0.125917,0.183433,1.8757,1.16101,77,True,mixed_clutter,5,4.8,"{""alternating_side"": 1, ""box_lateral_m"": 1.359, ""first_pole_y_m"": -0.031, ""pole_lateral_m"": 0.631, ""pole_radii_m"": [0.2, 0.18, 0.18]}",1,average,hover
navigation-static.bin,challenge_mixed_clutter_41004,41004,True,False,False,573,5.73,7.99743,0.348999,2.84944,0.258713,0.725226,2.30032,0.835601,114,True,mixed_clutter,5,5.2,"{""alternating_side"": 1, ""box_lateral_m"": 1.373, ""first_pole_y_m"": 0.057, ""pole_lateral_m"": 0.499, ""pole_radii_m"": [0.2, 0.18, 0.18]}",1,average,hover
navigation-static.bin,challenge_mixed_clutter_41005,41005,False,False,True,800,8,12.8908,0.54761,2.88293,0.492324,1.14703,2.25012,0.877671,160,True,mixed_clutter,5,4.8,"{""alternating_side"": -1, ""box_lateral_m"": 1.124, ""first_pole_y_m"": 0.089, ""pole_lateral_m"": 0.498, ""pole_radii_m"": [0.2, 0.18, 0.18]}",1,average,hover
navigation-static.bin,challenge_mixed_clutter_41006,41006,False,True,False,337,3.37,4.34528,2.71483,2.17662,0.122587,0.667165,1.69101,0.95527,67,True,mixed_clutter,5,5.2,"{""alternating_side"": 1, ""box_lateral_m"": 1.33, ""first_pole_y_m"": -0.008, ""pole_lateral_m"": 0.681, ""pole_radii_m"": [0.2, 0.18, 0.18]}",1,average,hover
