step,time_s,x,y,z,vx,vy,vz,target_vx,target_vy,target_vz,goal_error
0,0.01,0,0,1.49902,0,0,-0.0981,0,0,0,4
1,0.02,0,0,1.49752,0,0,-0.149657,0,0,0,4
2,0.03,3.52333e-07,4.12038e-07,1.49601,3.52333e-05,4.12038e-05,-0.151025,0,0,0,4
3,0.04,3.57459e-06,5.0234e-07,1.49446,0.000322226,9.03019e-06,-0.154782,0,0,0,4
4,0.05,1.40314e-05,-1.44972e-06,1.49286,0.00104568,-0.000195206,-0.160811,0,0,0,3.99999
5,0.06,3.7893e-05,-7.98624e-06,1.49117,0.00238616,-0.000653653,-0.168906,0,0,0,3.99997
6,0.07,8.28666e-05,-2.22368e-05,1.48938,0.00449735,-0.00142506,-0.178927,0,0,0,3.99993
7,0.08,0.000157902,-4.78075e-05,1.48747,0.00750354,-0.00255707,-0.190796,0,0,0,3.99986
8,0.09,0.000272908,-8.86606e-05,1.48543,0.0115006,-0.00408531,-0.204465,0,0,0,3.99975
9,0.1,0.000438499,-0.000149083,1.48323,0.0165591,-0.00604227,-0.219847,0,0,0,3.9996
10,0.11,0.000665722,-0.000233673,1.48086,0.0227223,-0.00845895,-0.236867,0,0,0,3.99938
11,0.12,0.00096579,-0.000347337,1.4783,0.0300069,-0.0113665,-0.255442,0,0,0,3.99909
12,0.13,0.0013498,-0.000495311,1.47555,0.0384009,-0.0147974,-0.275494,0,0,0,3.99873
13,0.14,0.00182843,-0.000683182,1.47258,0.0478628,-0.0187871,-0.296948,0,0,0,3.99827
14,0.15,0.0024116,-0.00091691,1.46938,0.0583173,-0.0233728,-0.319753,0,0,0,3.99771
15,0.16,0.00310817,-0.00120286,1.46594,0.0696572,-0.028595,-0.343874,0,0,0,3.99704
16,0.17,0.00392578,-0.0015479,1.46225,0.0817611,-0.0345041,-0.369211,0,0,0,3.99625
17,0.18,0.00487085,-0.00195956,1.4583,0.0945065,-0.0411654,-0.39556,0,0,0,3.99535
18,0.19,0.00594847,-0.00244608,1.45407,0.107762,-0.0486522,-0.42267,0,0,0,3.99432
19,0.2,0.00716226,-0.00301648,1.44957,0.121379,-0.0570402,-0.450269,0,0,0,3.99316
20,0.21,0.0085143,-0.00368062,1.44479,0.135204,-0.066414,-0.477988,0,0,0,3.99187
21,0.22,0.0100053,-0.00444944,1.43973,0.149095,-0.0768816,-0.505241,0,0,0,3.99045
22,0.23,0.0116342,-0.0053348,1.43442,0.16289,-0.0885362,-0.531351,0,0,0,3.98891
23,0.24,0.0133975,-0.0063483,1.42886,0.176332,-0.101351,-0.556018,0,0,0,3.98724
24,0.25,0.0152897,-0.00750123,1.42307,0.189219,-0.115293,-0.578595,0,0,0,3.98546
25,0.26,0.0173027,-0.00880387,1.41709,0.201303,-0.130264,-0.59858,0,0,0,3.98357
26,0.27,0.0194257,-0.0102647,1.41093,0.212305,-0.146082,-0.615705,0,0,0,3.98158
27,0.28,0.0216449,-0.0118893,1.40463,0.221915,-0.162465,-0.630097,0,0,0,3.97952
28,0.29,0.0239436,-0.0136805,1.39821,0.229868,-0.179119,-0.641965,0,0,0,3.97738
29,0.3,0.0263031,-0.0156384,1.3917,0.235958,-0.195788,-0.65149,0,0,0,3.9752
30,0.31,0.0287034,-0.0177612,1.38511,0.240028,-0.212277,-0.658776,0,0,0,3.973
31,0.32,0.031123,-0.0200456,1.37847,0.241962,-0.22844,-0.663866,0,0,0,3.97079
32,0.33,0.0335398,-0.0224872,1.3718,0.241671,-0.244166,-0.666783,0,0,0,3.9686
33,0.34,0.0359308,-0.0250806,1.36512,0.239103,-0.259338,-0.667671,0,0,0,3.96644
34,0.35,0.0382733,-0.027819,1.35846,0.234248,-0.273834,-0.666725,0,0,0,3.96435
35,0.36,0.0405446,-0.0306942,1.35182,0.227138,-0.287521,-0.664132,0,0,0,3.96235
36,0.37,0.0427231,-0.0336967,1.34522,0.217843,-0.300251,-0.660033,0,0,0,3.96045
37,0.38,0.0447879,-0.0368153,1.33867,0.206477,-0.311857,-0.654545,0,0,0,3.95867
38,0.39,0.0467197,-0.0400368,1.33219,0.19319,-0.322157,-0.647767,0,0,0,3.95704
39,0.4,0.0485014,-0.0433465,1.32579,0.17817,-0.330964,-0.639783,0,0,0,3.95557
40,0.41,0.0501178,-0.0467275,1.31949,0.161634,-0.338103,-0.630663,0,0,0,3.95428
41,0.42,0.051556,-0.0501617,1.31328,0.143825,-0.343417,-0.620467,0,0,0,3.95317
42,0.43,0.052806,-0.0536295,1.30719,0.124999,-0.346781,-0.609244,0,0,0,3.95226
43,0.44,0.0538602,-0.0571105,1.30122,0.105421,-0.348106,-0.597034,0,0,0,3.95156
44,0.45,0.0547137,-0.0605839,1.29538,0.0853422,-0.347339,-0.583811,0,0,0,3.95105
45,0.46,0.0553637,-0.0640285,1.28969,0.0649985,-0.344458,-0.569541,0,0,0,3.95076
46,0.47,0.0558097,-0.0674231,1.28414,0.0446022,-0.33946,-0.554233,0,0,0,3.95067
47,0.48,0.056053,-0.0707467,1.27877,0.0243353,-0.332361,-0.537938,0,0,0,3.95078
48,0.49,0.0560965,-0.0739786,1.27356,0.00434409,-0.323191,-0.520735,0,0,0,3.95109
49,0.5,0.0559439,-0.0770986,1.26853,-0.0152557,-0.311994,-0.502703,0,0,0,3.95159
50,0.51,0.0556003,-0.0800869,1.26369,-0.0343641,-0.298836,-0.483904,0,0,0,3.95228
51,0.52,0.0550714,-0.0829249,1.25905,-0.052886,-0.283802,-0.464374,0,0,0,3.95315
52,0.53,0.0543642,-0.0855949,1.25461,-0.0707218,-0.267,-0.44413,0,0,0,3.95419
53,0.54,0.0534866,-0.0880805,1.25038,-0.087764,-0.248557,-0.423173,0,0,0,3.95538
54,0.55,0.0524476,-0.0903667,1.24636,-0.103899,-0.228618,-0.401495,0,0,0,3.95672
55,0.56,0.0512574,-0.0924401,1.24257,-0.119012,-0.20734,-0.379095,0,0,0,3.9582
56,0.57,0.0499275,-0.0942889,1.23901,-0.132996,-0.184885,-0.355975,0,0,0,3.95981
57,0.58,0.0484699,-0.0959031,1.23569,-0.145755,-0.161416,-0.332152,0,0,0,3.96152
58,0.59,0.0468978,-0.0972741,1.23261,-0.157215,-0.137096,-0.30765,0,0,0,3.96333
59,0.6,0.0452246,-0.0983949,1.22979,-0.167321,-0.112088,-0.282551,0,0,0,3.96522
60,0.61,0.0434642,-0.0992607,1.22722,-0.176034,-0.0865748,-0.257034,0,0,0,3.96717
61,0.62,0.0416307,-0.099868,1.2249,-0.183349,-0.0607336,-0.231239,0,0,0,3.96917
62,0.63,0.0397379,-0.100215,1.22285,-0.189279,-0.0347299,-0.205264,0,0,0,3.97121
63,0.64,0.0377994,-0.100303,1.22106,-0.193852,-0.00872814,-0.179195,0,0,0,3.97327
64,0.65,0.0358284,-0.100132,1.21953,-0.197103,0.0171075,-0.153107,0,0,0,3.97534
65,0.66,0.0338376,-0.0997054,1.21826,-0.199078,0.0426125,-0.12706,0,0,0,3.97741
66,0.67,0.0318393,-0.0990291,1.21725,-0.199828,0.0676283,-0.101079,0,0,0,3.97945
67,0.68,0.0298452,-0.0981091,1.21649,-0.19941,0.0919971,-0.075179,0,0,0,3.98147
68,0.69,0.0278664,-0.0969535,1.216,-0.197888,0.115562,-0.0493769,0,0,0,3.98345
69,0.7,0.0259131,-0.0955718,1.21576,-0.195328,0.138167,-0.0236984,0,0,0,3.98538
70,0.71,0.023995,-0.0939752,1.21578,-0.191803,0.159665,0.00182762,0,0,0,3.98726
71,0.72,0.0221211,-0.092176,1.21605,-0.187393,0.179918,0.0271696,0,0,0,3.98907
72,0.73,0.0202993,-0.090188,1.21658,-0.182182,0.198804,0.0522943,0,0,0,3.9908
73,0.74,0.0185367,-0.0880258,1.21735,-0.176259,0.216218,0.0771666,0,0,0,3.99245
74,0.75,0.0168395,-0.085705,1.21837,-0.169719,0.232079,0.101749,0,0,0,3.99402
75,0.76,0.0152129,-0.0832418,1.21963,-0.16266,0.246325,0.125994,0,0,0,3.99551
76,0.77,0.0136611,-0.0806525,1.22112,-0.155184,0.258921,0.149836,0,0,0,3.9969
77,0.78,0.0121871,-0.077954,1.22286,-0.147394,0.269855,0.173197,0,0,0,3.99819
78,0.79,0.0107932,-0.0751626,1.22482,-0.13939,0.279142,0.195996,0,0,0,3.99939
79,0.8,0.00948058,-0.0722943,1.227,-0.131266,0.286823,0.21815,0,0,0,4.0005
100,1.01,-0.00137339,-0.0137716,1.30588,0.0104163,0.222179,0.433828,0,0,0,4.0061
200,2.01,0.00789052,-0.0151334,1.45289,-0.0212931,0.0350274,0.00521059,0,0,0,3.99242
300,3.01,0.0093094,-0.00205518,1.44814,0.000934809,0.000159496,-0.000647426,0,0,0,3.99103
400,4.01,0.00862901,-0.00106253,1.44802,0.000409589,-0.000286556,-0.00014719,0,0,0,3.99171
500,5.01,0.00864732,-0.00101547,1.448,-7.5981e-06,-1.31438e-05,1.42233e-06,0,0,0,3.99169
600,6.01,0.00865257,-0.00102088,1.448,-6.11899e-06,9.05579e-06,1.01648e-06,0,0,0,3.99169
700,7.01,0.0086525,-0.00102099,1.448,-5.93135e-07,1.31287e-06,-2.56791e-07,0,0,0,3.99169
