step,time_s,x,y,z,vx,vy,vz,target_vx,target_vy,target_vz,goal_error,q_w,q_x,q_y,q_z,goal_dwell_s,actual_world_speed_mps
0,0.01,0,0,1.49946,0,0,-0.0981,0,0,0,7.25165,0.999997,2.01077e-22,-2.83864e-19,0.00258639,0,0.0981
1,0.02,2.4201e-10,2.60047e-10,1.49798,1.47185e-07,1.58497e-07,-0.179967,0,0,0,7.2516,0.999873,-1.31785e-05,1.25199e-05,0.0159091,0,0.179967
2,0.03,4.83347e-08,4.60182e-08,1.49606,1.44478e-05,1.22676e-05,-0.193719,0,0,0,7.25154,0.999512,-0.00013321,0.000236297,0.0312515,0,0.193719
3,0.04,6.34373e-07,3.59327e-07,1.49411,0.000116517,5.0824e-05,-0.196286,0,0,0,7.25148,0.998922,-0.000229745,0.00103719,0.0464012,0,0.196286
4,0.05,3.26207e-06,1.19038e-06,1.49212,0.000423564,0.000112509,-0.200758,1.30673,-0.711445,0.190567,7.25141,0.998122,-0.000226814,0.0025459,0.0612028,0,0.200758
5,0.06,1.07398e-05,2.68918e-06,1.49008,0.00108335,0.000177146,-0.206941,1.30673,-0.711445,0.190567,7.25134,0.997128,0.000144612,0.00515309,0.0755596,0,0.206944
6,0.07,2.78482e-05,4.55419e-06,1.48797,0.00234264,0.000177103,-0.21492,1.30673,-0.711445,0.190567,7.25126,0.995951,0.00127388,0.0095653,0.0893746,0,0.214933
7,0.08,6.24265e-05,5.6024e-06,1.48576,0.00454681,1.3506e-05,-0.224905,1.30673,-0.711445,0.190567,7.25115,0.994589,0.00333254,0.0161819,0.102563,0,0.224951
8,0.09,0.000126012,3.69642e-06,1.48345,0.00807644,-0.000402189,-0.236438,1.30673,-0.711445,0.190567,7.25102,0.993023,0.00631843,0.0250649,0.115052,0,0.236577
9,0.1,0.00023406,-4.10486e-06,1.48102,0.013331,-0.00114381,-0.248891,1.30682,-0.546514,0.493505,7.25084,0.99122,0.0101962,0.0361738,0.126766,0,0.24925
10,0.11,0.00040641,-2.14496e-05,1.47846,0.0207791,-0.00227842,-0.260944,1.30682,-0.546514,0.493505,7.25059,0.989149,0.0148041,0.0492404,0.137624,0,0.26178
11,0.12,0.000668042,-5.26138e-05,1.4758,0.0309701,-0.00386656,-0.270967,1.30682,-0.546514,0.493505,7.25025,0.986795,0.0199712,0.0638059,0.147529,0,0.272759
12,0.13,0.00104911,-0.000102445,1.47305,0.0443926,-0.00596944,-0.278348,1.30682,-0.546514,0.493505,7.24979,0.984162,0.0257868,0.0794177,0.156374,0,0.281929
13,0.14,0.00158371,-0.000176567,1.47024,0.0613601,-0.00868441,-0.283551,1.30682,-0.546514,0.493505,7.24918,0.981265,0.0325369,0.0956391,0.164054,0,0.290244
14,0.15,0.00230807,-0.000281909,1.46738,0.0819962,-0.0121691,-0.287472,1.32655,-0.520916,0.467873,7.24837,0.97814,0.0404665,0.111981,0.170483,0,0.299185
15,0.16,0.00325884,-0.000427303,1.46449,0.10628,-0.0166366,-0.290927,1.32655,-0.520916,0.467873,7.24734,0.974847,0.0496471,0.127946,0.17561,0,0.310178
16,0.17,0.00447204,-0.000623914,1.46156,0.134113,-0.0223307,-0.294425,1.32655,-0.520916,0.467873,7.24605,0.971452,0.0599707,0.143154,0.179419,0,0.324301
17,0.18,0.00598246,-0.000885362,1.45859,0.165356,-0.0294947,-0.298246,1.32655,-0.520916,0.467873,7.24446,0.968022,0.0712116,0.157365,0.181931,0,0.342291
18,0.19,0.00782336,-0.00122759,1.45559,0.199852,-0.0383496,-0.302509,1.32655,-0.520916,0.467873,7.24254,0.96462,0.0830575,0.170436,0.1832,0,0.364587
19,0.2,0.0100263,-0.00166853,1.45254,0.237417,-0.0490705,-0.307266,1.34014,-0.503428,0.447866,7.24026,0.961306,0.0951263,0.182308,0.183317,0,0.391391
20,0.21,0.0126207,-0.00222747,1.44944,0.277828,-0.0617605,-0.312578,1.34014,-0.503428,0.447866,7.2376,0.95814,0.10699,0.192998,0.182408,0,0.422739
21,0.22,0.0156339,-0.00292432,1.44628,0.320864,-0.0764473,-0.318437,1.34014,-0.503428,0.447866,7.23451,0.955178,0.118215,0.202573,0.180622,0,0.458476
22,0.23,0.0190912,-0.00377891,1.44306,0.36635,-0.0930956,-0.324704,1.34014,-0.503428,0.447866,7.23098,0.95248,0.128438,0.211095,0.178112,0,0.498309
23,0.24,0.0230161,-0.00481042,1.43978,0.414129,-0.111617,-0.331181,1.34014,-0.503428,0.447866,7.22698,0.950108,0.137404,0.218596,0.175016,0,0.541887
24,0.25,0.0274309,-0.00603694,1.43644,0.464058,-0.131893,-0.337613,1.34881,-0.569614,0.325973,7.2225,0.94812,0.144987,0.225061,0.171447,0,0.588836
25,0.26,0.0323557,-0.0074751,1.43303,0.515905,-0.153753,-0.343879,1.34881,-0.569614,0.325973,7.21751,0.946566,0.151164,0.230455,0.167491,0,0.638789
26,0.27,0.0378081,-0.00913964,1.42955,0.569381,-0.177001,-0.349911,1.34881,-0.569614,0.325973,7.21199,0.945473,0.155967,0.234765,0.163218,0,0.691348
27,0.28,0.0438033,-0.0110436,1.42603,0.624278,-0.201474,-0.355478,1.34881,-0.569614,0.325973,7.20594,0.944851,0.159442,0.238015,0.158696,0,0.74611
28,0.29,0.0503547,-0.0131983,1.42244,0.68045,-0.227033,-0.360257,1.34881,-0.569614,0.325973,7.19933,0.944682,0.161641,0.240277,0.153994,0,0.802709
29,0.3,0.0574743,-0.015614,1.41882,0.737754,-0.253525,-0.363955,1.3331,-0.626835,0.282684,7.19216,0.944923,0.162643,0.24169,0.149179,0,0.860825
30,0.31,0.0651718,-0.0182987,1.41517,0.79593,-0.280737,-0.366532,1.3331,-0.626835,0.282684,7.18441,0.945504,0.162611,0.242405,0.144288,0,0.920143
31,0.32,0.0734543,-0.0212584,1.41149,0.854685,-0.308449,-0.368074,1.3331,-0.626835,0.282684,7.17609,0.946361,0.161781,0.242522,0.139324,0,0.98036
32,0.33,0.0823267,-0.0244972,1.40781,0.913837,-0.336519,-0.368535,1.3331,-0.626835,0.282684,7.16718,0.947435,0.160343,0.242116,0.1343,0,1.04123
33,0.34,0.0917921,-0.0280182,1.40413,0.973239,-0.364836,-0.367863,1.3331,-0.626835,0.282684,7.15768,0.948682,0.158407,0.241259,0.129246,0,1.10255
34,0.35,0.101852,-0.0318232,1.40046,1.03274,-0.393288,-0.366048,1.37238,-0.520306,0.30962,7.1476,0.950066,0.156032,0.240006,0.124204,0,1.16414
35,0.36,0.112507,-0.035913,1.39682,1.09227,-0.421787,-0.362977,1.37238,-0.520306,0.30962,7.13693,0.951562,0.153144,0.238443,0.119252,0,1.22585
36,0.37,0.123758,-0.0402875,1.39321,1.15176,-0.450188,-0.358575,1.37238,-0.520306,0.30962,7.12568,0.953154,0.149524,0.2367,0.114511,0,1.28756
37,0.38,0.135602,-0.0449442,1.38966,1.2111,-0.478243,-0.352887,1.37238,-0.520306,0.30962,7.11384,0.954841,0.144993,0.234819,0.110069,0,1.34908
38,0.39,0.148039,-0.0498783,1.38616,1.27016,-0.505669,-0.345951,1.37238,-0.520306,0.30962,7.10142,0.956642,0.139486,0.232708,0.105957,0,1.41021
39,0.4,0.161063,-0.0550817,1.38275,1.32879,-0.532175,-0.337816,1.35857,-0.551733,0.316024,7.08842,0.958583,0.133027,0.230184,0.102165,0,1.47072
40,0.41,0.174671,-0.0605439,1.37942,1.38679,-0.557494,-0.328499,1.35857,-0.551733,0.316024,7.07485,0.96069,0.125726,0.227015,0.0986545,0,1.53032
41,0.42,0.188854,-0.0662516,1.37619,1.44392,-0.5814,-0.318015,1.35857,-0.551733,0.316024,7.06072,0.962974,0.117756,0.222975,0.0953724,0,1.58873
42,0.43,0.203602,-0.0721897,1.37308,1.49989,-0.603714,-0.306404,1.35857,-0.551733,0.316024,7.04603,0.965436,0.109293,0.217886,0.0922712,0,1.6456
43,0.44,0.218902,-0.0783416,1.37008,1.55436,-0.624312,-0.293693,1.35857,-0.551733,0.316024,7.03081,0.968059,0.100498,0.211623,0.0893133,0,1.7006
44,0.45,0.234737,-0.0846896,1.36722,1.60702,-0.643119,-0.279874,1.39454,-0.406878,0.373765,7.01506,0.970811,0.0915245,0.204138,0.0864677,0,1.75341
45,0.46,0.251087,-0.0912159,1.3645,1.65768,-0.660138,-0.264677,1.39454,-0.406878,0.373765,6.99881,0.973637,0.082446,0.195505,0.083732,0,1.80381
46,0.47,0.267933,-0.0979026,1.36195,1.70618,-0.675364,-0.247819,1.39454,-0.406878,0.373765,6.98208,0.976461,0.0732603,0.185944,0.0811289,0,1.85164
47,0.48,0.285251,-0.104731,1.35957,1.75229,-0.688739,-0.229361,1.39454,-0.406878,0.373765,6.96489,0.979196,0.0640448,0.175745,0.0786603,0,1.8967
48,0.49,0.303015,-0.111683,1.35738,1.79579,-0.700225,-0.209512,1.39454,-0.406878,0.373765,6.94727,0.981772,0.0549531,0.165173,0.0763056,0,1.93884
49,0.5,0.321199,-0.11874,1.3554,1.83657,-0.709824,-0.188477,1.41863,-0.473213,0.11641,6.92924,0.984144,0.0461234,0.154433,0.0740462,0,1.97797
50,0.51,0.339776,-0.125882,1.35364,1.87444,-0.71756,-0.166802,1.41863,-0.473213,0.11641,6.91084,0.986291,0.0376975,0.143684,0.071866,0,2.01401
51,0.52,0.358714,-0.133092,1.35209,1.9093,-0.723509,-0.145103,1.41863,-0.473213,0.11641,6.89208,0.988204,0.0298276,0.133034,0.0697506,0,2.04693
52,0.53,0.377985,-0.140352,1.35076,1.9412,-0.727823,-0.123517,1.41863,-0.473213,0.11641,6.87301,0.989896,0.0226213,0.122521,0.0676935,0,2.07684
53,0.54,0.397559,-0.147647,1.34964,1.97027,-0.730677,-0.102,1.41863,-0.473213,0.11641,6.85364,0.991386,0.016141,0.112145,0.0656948,0,2.10387
54,0.55,0.417408,-0.154964,1.34874,1.99661,-0.73225,-0.0805266,1.32128,-0.487697,0.516115,6.83402,0.992696,0.0104245,0.101887,0.0637579,0,2.12817
55,0.56,0.437508,-0.162289,1.34805,2.02046,-0.732725,-0.0581539,1.32128,-0.487697,0.516115,6.81415,0.993862,0.00538887,0.0915339,0.0618899,0,2.15
56,0.57,0.457833,-0.169615,1.34761,2.042,-0.732228,-0.0335882,1.32128,-0.487697,0.516115,6.79408,0.994911,0.000886194,0.0808713,0.0600939,0,2.16957
57,0.58,0.47836,-0.17693,1.34742,2.06108,-0.730851,-0.00696082,1.32128,-0.487697,0.516115,6.77381,0.995828,-0.00308086,0.0700842,0.0583585,0,2.18683
58,0.59,0.499064,-0.184227,1.3475,2.07754,-0.728718,0.0209092,1.32128,-0.487697,0.516115,6.75338,0.996598,-0.00645567,0.0594995,0.0566699,0,2.20174
59,0.6,0.519918,-0.1915,1.34787,2.09138,-0.725959,0.0495156,1.30668,-0.735851,0.0332093,6.73281,0.997224,-0.00930122,0.0492907,0.0550278,0,2.21435
60,0.61,0.540895,-0.198742,1.34852,2.10258,-0.722714,0.0776849,1.30668,-0.735851,0.0332093,6.71213,0.997721,-0.0115955,0.0395344,0.0534315,0,2.22468
61,0.62,0.56197,-0.20595,1.34944,2.11122,-0.71917,0.104151,1.30668,-0.735851,0.0332093,6.69136,0.99811,-0.0130985,0.0302454,0.0518734,0,2.23278
62,0.63,0.583119,-0.213122,1.35061,2.11749,-0.715553,0.128722,1.30668,-0.735851,0.0332093,6.67054,0.998411,-0.013555,0.0213863,0.0503503,0,2.23883
63,0.64,0.604318,-0.220258,1.35203,2.12157,-0.71212,0.151638,1.30668,-0.735851,0.0332093,6.64967,0.99864,-0.0127857,0.0128947,0.0488671,0,2.24303
64,0.65,0.625546,-0.227363,1.35366,2.12363,-0.709157,0.173197,1.32014,-0.666955,-0.249825,6.62879,0.998807,-0.0106627,0.00468345,0.0474326,0,2.2456
65,0.66,0.646785,-0.234441,1.3555,2.12378,-0.70698,0.192935,1.32014,-0.666955,-0.249825,6.6079,0.998908,-0.00714862,-0.00332853,0.0460574,0,2.24666
66,0.67,0.668015,-0.241504,1.35753,2.12214,-0.705882,0.209874,1.32014,-0.666955,-0.249825,6.58704,0.998933,-0.00235372,-0.0111811,0.0447499,0,2.24629
67,0.68,0.68922,-0.248563,1.3597,2.11887,-0.706069,0.223574,1.32014,-0.666955,-0.249825,6.56622,0.998868,0.00346341,-0.0188916,0.0435144,0,2.24458
68,0.69,0.710384,-0.255631,1.36199,2.11409,-0.707653,0.234004,1.32014,-0.666955,-0.249825,6.54545,0.998703,0.00994206,-0.0264732,0.0423496,0,2.24163
69,0.7,0.731492,-0.262723,1.36437,2.10791,-0.71065,0.241271,1.31333,-0.658617,-0.302289,6.52475,0.998434,0.0166514,-0.0339342,0.0412481,0,2.23752
70,0.71,0.752531,-0.269852,1.36681,2.10044,-0.714976,0.245386,1.31333,-0.658617,-0.302289,6.50413,0.998071,0.0231246,-0.041276,0.0401956,0,2.23232
71,0.72,0.773489,-0.277031,1.36927,2.0918,-0.720454,0.24631,1.31333,-0.658617,-0.302289,6.48361,0.997637,0.0289039,-0.0484911,0.0391719,0,2.22606
72,0.73,0.794355,-0.28427,1.37172,2.08207,-0.726838,0.244134,1.31333,-0.658617,-0.302289,6.46319,0.99716,0.0335829,-0.0555656,0.0381531,0,2.21876
73,0.74,0.815117,-0.291576,1.37413,2.07133,-0.733839,0.239046,1.31333,-0.658617,-0.302289,6.4429,0.996675,0.0368451,-0.0624819,0.0371149,0,2.21045
74,0.75,0.835768,-0.298954,1.37648,2.05965,-0.741148,0.231283,1.32943,-0.629531,-0.293762,6.42273,0.996207,0.03849,-0.069218,0.0360359,0,2.20112
75,0.76,0.856296,-0.306406,1.37874,2.04708,-0.74846,0.221128,1.32943,-0.629531,-0.293762,6.40269,0.995775,0.0384312,-0.075738,0.0349001,0,2.1908
76,0.77,0.876694,-0.31393,1.38088,2.03366,-0.75549,0.208885,1.32943,-0.629531,-0.293762,6.3828,0.995387,0.0366904,-0.0819886,0.033699,0,2.17949
77,0.78,0.896953,-0.321521,1.38289,2.01945,-0.761982,0.19484,1.32943,-0.629531,-0.293762,6.36307,0.995039,0.0334095,-0.087913,0.0324337,0,2.1672
78,0.79,0.917066,-0.329173,1.38476,2.00449,-0.767727,0.179266,1.32943,-0.629531,-0.293762,6.34349,0.994719,0.02884,-0.0934592,0.0311165,0,2.15396
79,0.8,0.937026,-0.336877,1.38646,1.98883,-0.772567,0.162412,1.30711,-0.625628,-0.387356,6.32408,0.994411,0.0233093,-0.0985778,0.0297688,0,2.13979
80,0.81,0.956825,-0.344625,1.38798,1.97257,-0.776393,0.144292,1.30711,-0.625628,-0.387356,6.30485,0.994102,0.0171962,-0.103232,0.0284201,0,2.12476
81,0.82,0.976459,-0.352405,1.38932,1.95583,-0.779159,0.124772,1.30711,-0.625628,-0.387356,6.28579,0.993786,0.0109046,-0.107409,0.027105,0,2.10901
82,0.83,0.995924,-0.360207,1.39045,1.93871,-0.780896,0.103887,1.30711,-0.625628,-0.387356,6.26691,0.993459,0.00482465,-0.111114,0.0258596,0,2.09265
83,0.84,1.01522,-0.368021,1.39137,1.92127,-0.781694,0.0818047,1.30711,-0.625628,-0.387356,6.24821,0.993131,-0.000699742,-0.114369,0.0247185,0,2.07581
84,0.85,1.03433,-0.375838,1.39206,1.90354,-0.781685,0.0587432,1.26225,-0.640723,-0.496193,6.22969,0.99281,-0.00538971,-0.117206,0.0237119,0,2.05863
85,0.86,1.05327,-0.383652,1.39251,1.88562,-0.781029,0.034675,1.26225,-0.640723,-0.496193,6.21137,0.992508,-0.00902461,-0.119682,0.022866,0,2.04127
86,0.87,1.07203,-0.391457,1.39272,1.86761,-0.779915,0.00941776,1.26225,-0.640723,-0.496193,6.19323,0.99223,-0.0114378,-0.121882,0.0222014,0,2.02394
87,0.88,1.0906,-0.399248,1.39267,1.84956,-0.778548,-0.0170243,1.26225,-0.640723,-0.496193,6.17527,0.991978,-0.0125447,-0.123896,0.0217296,0,2.00681
88,0.89,1.109,-0.407026,1.39235,1.83147,-0.777123,-0.0444856,1.26225,-0.640723,-0.496193,6.15751,0.991746,-0.0123566,-0.125804,0.0214508,0,1.99002
89,0.9,1.12721,-0.41479,1.39175,1.8133,-0.775821,-0.0727313,1.36142,-0.6177,0.122404,6.13993,0.991526,-0.0109679,-0.127671,0.0213546,0,1.97364
90,0.91,1.14524,-0.422542,1.39089,1.79388,-0.774727,-0.0972806,1.36142,-0.6177,0.122404,6.12255,0.991308,-0.00874844,-0.129513,0.0213913,0,1.95645
91,0.92,1.16306,-0.430284,1.38982,1.77194,-0.77392,-0.113461,1.36142,-0.6177,0.122404,6.10538,0.991091,-0.00621816,-0.131296,0.021487,0,1.93691
92,0.93,1.18064,-0.438021,1.38865,1.7475,-0.773516,-0.121504,1.36142,-0.6177,0.122404,6.08845,0.990877,-0.003635,-0.132977,0.0216009,0,1.9149
93,0.94,1.19797,-0.445756,1.38742,1.72089,-0.7736,-0.122759,1.36142,-0.6177,0.122404,6.0718,0.990684,-0.00113926,-0.134433,0.0217007,0,1.89076
94,0.95,1.21503,-0.453495,1.38622,1.69249,-0.774198,-0.118501,1.35613,-0.604155,0.21426,6.05543,0.990551,0.00105483,-0.135408,0.0217384,0,1.86493
95,0.96,1.23179,-0.461242,1.38508,1.66263,-0.775262,-0.109488,1.35613,-0.604155,0.21426,6.03937,0.990522,0.00273244,-0.135606,0.0216666,0,1.83776
96,0.97,1.24824,-0.469003,1.38406,1.63166,-0.77668,-0.0962383,1.35613,-0.604155,0.21426,6.02363,0.990633,0.00372591,-0.134805,0.0214492,0,1.80964
97,0.98,1.26438,-0.476778,1.38319,1.60002,-0.778278,-0.079392,1.35613,-0.604155,0.21426,6.00823,0.990908,0.00393088,-0.132827,0.0210656,0,1.78103
98,0.99,1.28021,-0.48457,1.38251,1.56818,-0.779847,-0.0594643,1.35613,-0.604155,0.21426,5.99316,0.991357,0.00327958,-0.12954,0.0205089,0,1.75239
99,1,1.29572,-0.492376,1.38204,1.53663,-0.781147,-0.0368836,1.26307,-0.8021,-0.106313,5.97842,0.99197,0.00172764,-0.124909,0.0197835,0,1.72418
100,1.01,1.31091,-0.500192,1.3818,1.50616,-0.781926,-0.0132186,1.26307,-0.8021,-0.106313,5.96401,0.99271,-0.00060364,-0.119029,0.0189189,0,1.69708
101,1.02,1.32582,-0.508012,1.38179,1.47747,-0.782006,0.00980099,1.26307,-0.8021,-0.106313,5.94992,0.993525,-0.00339518,-0.112134,0.017964,0,1.67169
102,1.03,1.34044,-0.515829,1.38201,1.45087,-0.781324,0.0317396,1.26307,-0.8021,-0.106313,5.93611,0.994356,-0.00631336,-0.10454,0.0169616,0,1.64818
103,1.04,1.35482,-0.523635,1.38244,1.42645,-0.779899,0.052548,1.26307,-0.8021,-0.106313,5.92258,0.995155,-0.00906131,-0.09659,0.0159466,0,1.62658
104,1.05,1.36896,-0.531423,1.38308,1.40422,-0.777824,0.0722153,1.2288,-0.84713,0.149725,5.9093,0.995886,-0.011359,-0.0886481,0.0149503,0,1.60688
105,1.06,1.38289,-0.539188,1.3839,1.38392,-0.775239,0.0916123,1.2288,-0.84713,0.149725,5.89624,0.99652,-0.0128884,-0.0811561,0.0140137,0,1.58891
106,1.07,1.39662,-0.546924,1.38493,1.36523,-0.772351,0.111764,1.2288,-0.84713,0.149725,5.88339,0.997036,-0.0132595,-0.0746299,0.0131926,0,1.57254
107,1.08,1.41018,-0.554632,1.38616,1.34787,-0.769482,0.132655,1.2288,-0.84713,0.149725,5.87073,0.99743,-0.0121457,-0.069493,0.0125325,0,1.55771
108,1.09,1.42356,-0.562313,1.38761,1.33154,-0.767025,0.153966,1.2288,-0.84713,0.149725,5.85826,0.997706,-0.00942156,-0.0659415,0.0120487,0,1.54436
109,1.1,1.43679,-0.569973,1.38927,1.31587,-0.76537,0.175674,1.31575,-0.719932,-0.0222056,5.84596,0.997873,-0.00519345,-0.0639055,0.0117346,0,1.53237
110,1.11,1.44987,-0.577623,1.39114,1.30055,-0.76486,0.197495,1.31575,-0.719932,-0.0222056,5.83383,0.997944,0.000169688,-0.0630418,0.0115711,0,1.52166
111,1.12,1.46279,-0.585275,1.39323,1.28549,-0.765709,0.218484,1.31575,-0.719932,-0.0222056,5.82188,0.997939,0.00610862,-0.0628348,0.0115288,0,1.51213
112,1.13,1.47556,-0.592943,1.39553,1.27066,-0.767965,0.237921,1.31575,-0.719932,-0.0222056,5.81009,0.997886,0.0120887,-0.0628022,0.0115745,0,1.50364
113,1.14,1.48819,-0.600642,1.398,1.25608,-0.771549,0.255613,1.31575,-0.719932,-0.0222056,5.79847,0.997817,0.0176689,-0.0625564,0.0116787,0,1.49612
114,1.15,1.50067,-0.608382,1.40065,1.24185,-0.776284,0.27153,1.34392,-0.663299,-0.0626492,5.78702,0.997769,0.0224516,-0.0617503,0.0118182,0,1.48947
115,1.16,1.51302,-0.616175,1.40344,1.22812,-0.78191,0.285606,1.34392,-0.663299,-0.0626492,5.77574,0.997782,0.0260644,-0.0600642,0.0119753,0,1.48366
116,1.17,1.52522,-0.624028,1.40636,1.21513,-0.788092,0.29775,1.34392,-0.663299,-0.0626492,5.76461,0.99789,0.028183,-0.0572235,0.0121382,0,1.47861
117,1.18,1.53731,-0.631944,1.40939,1.20312,-0.794453,0.307964,1.34392,-0.663299,-0.0626492,5.75363,0.998107,0.028592,-0.0530358,0.0123028,0,1.47428
118,1.19,1.54928,-0.639922,1.41252,1.19236,-0.800606,0.316335,1.34392,-0.663299,-0.0626492,5.7428,0.998426,0.0272273,-0.0474236,0.012472,0,1.47063
119,1.2,1.56115,-0.64796,1.41572,1.18309,-0.806189,0.322984,1.35141,-0.640148,0.117915,5.73209,0.998809,0.0241792,-0.0404377,0.0126527,0,1.46764
120,1.21,1.57294,-0.656048,1.41898,1.17549,-0.810914,0.328565,1.35141,-0.640148,0.117915,5.72149,0.999203,0.0196569,-0.032263,0.0128534,0,1.46537
121,1.22,1.58466,-0.664179,1.4223,1.16967,-0.814562,0.33416,1.35141,-0.640148,0.117915,5.71097,0.999546,0.0140164,-0.0232523,0.0130912,0,1.464
122,1.23,1.59633,-0.672338,1.42567,1.16572,-0.816958,0.340227,1.35141,-0.640148,0.117915,5.70053,0.999783,0.00779517,-0.0139247,0.0133939,0,1.46359
123,1.24,1.60798,-0.680515,1.42911,1.16369,-0.818026,0.346586,1.35141,-0.640148,0.117915,5.69014,0.999892,0.00159645,-0.00485964,0.013788,0,1.46406
124,1.25,1.61961,-0.688695,1.43261,1.16347,-0.817819,0.352911,1.29444,-0.60897,0.451209,5.67979,0.999884,-0.00404877,0.00342313,0.0142886,0,1.46528
125,1.26,1.63125,-0.696867,1.43618,1.16487,-0.816468,0.361018,1.29444,-0.60897,0.451209,5.66944,0.999797,-0.00877918,0.010354,0.0148906,0,1.46761
126,1.27,1.64292,-0.705019,1.43986,1.16766,-0.814102,0.373414,1.29444,-0.60897,0.451209,5.65909,0.999683,-0.0124046,0.0154111,0.0155683,0,1.47161
127,1.28,1.65461,-0.713143,1.44369,1.1715,-0.810914,0.390194,1.29444,-0.60897,0.451209,5.64873,0.999587,-0.0148421,0.0184242,0.0162894,0,1.47725
128,1.29,1.66635,-0.721232,1.4477,1.17596,-0.80716,0.410432,1.29444,-0.60897,0.451209,5.63835,0.999533,-0.0161908,0.019564,0.0170234,0,1.4842
129,1.3,1.67814,-0.729281,1.45193,1.18062,-0.803084,0.433319,1.31219,-0.641001,0.34244,5.62795,0.999516,-0.0167459,0.0192941,0.0177437,0,1.49217
130,1.31,1.68997,-0.737289,1.4564,1.18517,-0.798888,0.457564,1.31219,-0.641001,0.34244,5.61752,0.999523,-0.0167607,0.0182322,0.0184268,0,1.50074
131,1.32,1.70185,-0.745255,1.46111,1.18941,-0.794742,0.481777,1.31219,-0.641001,0.34244,5.60707,0.999542,-0.0163461,0.0168744,0.0190536,0,1.50944
132,1.33,1.71376,-0.75318,1.46605,1.19329,-0.79076,0.505414,1.31219,-0.641001,0.34244,5.5966,0.999565,-0.0155951,0.0155281,0.0196122,0,1.51812
133,1.34,1.72571,-0.761067,1.47123,1.19685,-0.787014,0.528351,1.31219,-0.641001,0.34244,5.58613,0.999587,-0.0146239,0.0144156,0.0200939,0,1.52676
134,1.35,1.7377,-0.768918,1.47664,1.20017,-0.783542,0.550482,1.35554,-0.640148,-0.052155,5.57564,0.999604,-0.0135546,0.0137235,0.020492,0,1.53537
135,1.36,1.74972,-0.776736,1.48226,1.20333,-0.780383,0.570585,1.35554,-0.640148,-0.052155,5.56515,0.999612,-0.0125118,0.0136447,0.0208009,0,1.54355
136,1.37,1.76177,-0.784524,1.48805,1.20645,-0.777549,0.586828,1.35554,-0.640148,-0.052155,5.55465,0.999608,-0.0116263,0.0143941,0.0210154,0,1.55064
137,1.38,1.77385,-0.792285,1.49398,1.20971,-0.774994,0.59839,1.35554,-0.640148,-0.052155,5.54415,0.999586,-0.0110268,0.0161157,0.0211325,0,1.5563
138,1.39,1.78597,-0.800022,1.5,1.21328,-0.77263,0.605202,1.35554,-0.640148,-0.052155,5.53363,0.99954,-0.0108242,0.0188295,0.0211532,0,1.56054
139,1.4,1.79812,-0.807736,1.50607,1.21733,-0.770351,0.607457,1.32778,-0.610882,0.337372,5.5231,0.999463,-0.0111304,0.0224592,0.0210821,0,1.56344
140,1.41,1.81032,-0.815427,1.51214,1.22201,-0.76802,0.606322,1.32778,-0.610882,0.337372,5.51255,0.999348,-0.0120778,0.026824,0.0209278,0,1.5655
141,1.42,1.82257,-0.823093,1.51818,1.22749,-0.765467,0.603464,1.32778,-0.610882,0.337372,5.50197,0.999189,-0.0137918,0.0316543,0.0207023,0,1.56743
142,1.43,1.83488,-0.830732,1.5242,1.23384,-0.762526,0.599644,1.32778,-0.610882,0.337372,5.49134,0.998985,-0.0163312,0.0366727,0.0204193,0,1.56951
143,1.44,1.84726,-0.838339,1.53017,1.24107,-0.759046,0.595185,1.32778,-0.610882,0.337372,5.48067,0.998741,-0.0195928,0.041569,0.0200925,0,1.57183
144,1.45,1.85971,-0.845907,1.53609,1.24915,-0.754914,0.590294,1.29256,-0.608242,0.457535,5.46994,0.998479,-0.0232544,0.045939,0.0197359,0,1.57439
145,1.46,1.87225,-0.85343,1.54197,1.25797,-0.750075,0.585494,1.29256,-0.608242,0.457535,5.45913,0.998236,-0.0268355,0.0492843,0.0193673,0,1.57731
146,1.47,1.88488,-0.860901,1.54781,1.26738,-0.744543,0.581677,1.29256,-0.608242,0.457535,5.44825,0.998071,-0.029756,0.051069,0.0190042,0,1.58081
147,1.48,1.89761,-0.868313,1.55361,1.27711,-0.738462,0.579306,1.29256,-0.608242,0.457535,5.43729,0.998037,-0.0314244,0.0508643,0.0186511,0,1.58491
148,1.49,1.91043,-0.875663,1.5594,1.28678,-0.732101,0.578551,1.29256,-0.608242,0.457535,5.42624,0.998158,-0.0314491,0.0485452,0.0182992,0,1.5895
149,1.5,1.92335,-0.882949,1.56519,1.29599,-0.725791,0.579574,1.32726,-0.64225,0.275468,5.41512,0.998408,-0.0297886,0.0444134,0.0179388,0,1.59445
150,1.51,1.93636,-0.890174,1.57099,1.30433,-0.719926,0.581381,1.32726,-0.64225,0.275468,5.40392,0.998729,-0.0266604,0.0390111,0.0175691,0,1.59924
151,1.52,1.94944,-0.897345,1.57682,1.31147,-0.714859,0.582572,1.32726,-0.64225,0.275468,5.39266,0.999062,-0.0223774,0.0328477,0.0171963,0,1.60324
152,1.53,1.96259,-0.90447,1.58264,1.31729,-0.710797,0.582638,1.32726,-0.64225,0.275468,5.38136,0.999361,-0.0172913,0.0263681,0.0168265,0,1.60622
153,1.54,1.97579,-0.911561,1.58846,1.3218,-0.707844,0.58142,1.32726,-0.64225,0.275468,5.37002,0.999595,-0.0117821,0.0199988,0.0164644,0,1.60818
154,1.55,1.98903,-0.918628,1.59426,1.32507,-0.706017,0.578847,1.43274,-0.424497,-0.130642,5.35866,0.999751,-0.00624521,0.0141333,0.0161152,0,1.60914
155,1.56,2.00229,-0.925683,1.60002,1.32726,-0.705256,0.574012,1.43274,-0.424497,-0.130642,5.3473,0.999833,-0.00112751,0.00914547,0.0157848,0,1.60888
156,1.57,2.01557,-0.932736,1.60572,1.32858,-0.705389,0.565677,1.43274,-0.424497,-0.130642,5.33594,0.999861,0.00306265,0.00537014,0.0154806,0,1.60708
157,1.58,2.02886,-0.939794,1.61131,1.32932,-0.706141,0.553405,1.43274,-0.424497,-0.130642,5.32459,0.999863,0.00584719,0.00302447,0.01521,0,1.60374
158,1.59,2.04216,-0.946861,1.61675,1.32975,-0.707193,0.537277,1.43274,-0.424497,-0.130642,5.31325,0.999862,0.0068415,0.00220203,0.0149773,0,1.59907
159,1.6,2.05546,-0.953938,1.62202,1.33014,-0.708213,0.517557,1.41586,-0.354208,0.346235,5.30192,0.99987,0.00577737,0.00290398,0.0147825,0,1.59333
160,1.61,2.06876,-0.961025,1.62707,1.33072,-0.708885,0.49543,1.41586,-0.354208,0.346235,5.2906,0.999877,0.00247049,0.00503168,0.0146242,0,1.58706
161,1.62,2.08207,-0.968114,1.6319,1.33169,-0.70889,0.473031,1.41586,-0.354208,0.346235,5.27928,0.999855,-0.00316925,0.00829516,0.0145043,0,1.58104
162,1.63,2.0954,-0.975199,1.63652,1.33322,-0.707864,0.452055,1.41586,-0.354208,0.346235,5.26795,0.999762,-0.0109465,0.0121359,0.0144342,0,1.57572
163,1.64,2.10874,-0.982265,1.64093,1.33538,-0.705451,0.433178,1.41586,-0.354208,0.346235,5.25661,0.999565,-0.0201825,0.0159131,0.0144325,0,1.57116
164,1.65,2.12211,-0.989299,1.64517,1.33816,-0.701418,0.416377,1.43028,-0.425024,0.153784,5.24525,0.999267,-0.0297946,0.0191558,0.0145131,0,1.56717
165,1.66,2.13551,-0.996283,1.64925,1.34143,-0.695783,0.4005,1.43028,-0.425024,0.153784,5.23386,0.998909,-0.0386977,0.021617,0.0146767,0,1.56331
166,1.67,2.14894,-1.0032,1.65316,1.345,-0.68882,0.383987,1.43028,-0.425024,0.153784,5.22243,0.998552,-0.0461755,0.0232145,0.0149142,0,1.55914
167,1.68,2.16241,-1.01005,1.65691,1.34869,-0.680858,0.366353,1.43028,-0.425024,0.153784,5.21096,0.998249,-0.0518927,0.023955,0.0152157,0,1.55459
168,1.69,2.17592,-1.01681,1.66047,1.35239,-0.672208,0.347734,1.43028,-0.425024,0.153784,5.19944,0.998039,-0.0557151,0.0239011,0.0155729,0,1.54976
169,1.7,2.18946,-1.02348,1.66384,1.35599,-0.663166,0.328364,1.424,-0.468735,0.0500254,5.18788,0.997942,-0.0576273,0.0231596,0.015977,0,1.54477
170,1.71,2.20304,-1.03006,1.66701,1.35939,-0.654045,0.308217,1.424,-0.468735,0.0500254,5.17626,0.997959,-0.0577006,0.0218684,0.0164189,0,1.53971
171,1.72,2.21665,-1.03656,1.66998,1.36252,-0.645152,0.287082,1.424,-0.468735,0.0500254,5.16461,0.998079,-0.0560778,0.0201926,0.0168876,0,1.53463
172,1.73,2.2303,-1.04296,1.67273,1.36533,-0.636734,0.264946,1.424,-0.468735,0.0500254,5.1529,0.998275,-0.0529988,0.0183167,0.0173725,0,1.52962
173,1.74,2.24396,-1.04928,1.67525,1.36783,-0.628957,0.242033,1.424,-0.468735,0.0500254,5.14115,0.998513,-0.0488092,0.0164457,0.0178653,0,1.52484
174,1.75,2.25765,-1.05553,1.67754,1.37006,-0.621915,0.218675,1.42352,-0.472618,0.015115,5.12937,0.998755,-0.0439599,0.0148118,0.0183634,0,1.52041
175,1.76,2.27137,-1.06172,1.6796,1.37206,-0.615653,0.194972,1.42352,-0.472618,0.015115,5.11755,0.99897,-0.0389559,0.0136315,0.0188676,0,1.51644
176,1.77,2.2851,-1.06784,1.68141,1.37393,-0.610156,0.170884,1.42352,-0.472618,0.015115,5.10569,0.99914,-0.0342746,0.0130341,0.0193785,0,1.51301
177,1.78,2.29885,-1.07392,1.68299,1.37576,-0.605332,0.146466,1.42352,-0.472618,0.015115,5.0938,0.999257,-0.0303323,0.0130382,0.0198944,0,1.51016
178,1.79,2.31261,-1.07995,1.68432,1.37762,-0.601033,0.12185,1.42352,-0.472618,0.015115,5.08189,0.999322,-0.027473,0.0135782,0.0204122,0,1.50795
179,1.8,2.3264,-1.08594,1.6854,1.3796,-0.597069,0.09719,1.43489,-0.43206,0.0664123,5.06994,0.999338,-0.0259563,0.0145414,0.0209283,0,1.50639
180,1.81,2.34021,-1.09189,1.68624,1.38175,-0.593195,0.0730828,1.43489,-0.43206,0.0664123,5.05795,0.999308,-0.0259727,0.0157703,0.021439,0,1.50547
181,1.82,2.35404,-1.0978,1.68685,1.38414,-0.589122,0.0505734,1.43489,-0.43206,0.0664123,5.04594,0.999235,-0.0275236,0.0170691,0.0219391,0,1.50514
182,1.83,2.36789,-1.10366,1.68724,1.38679,-0.584586,0.0304143,1.43489,-0.43206,0.0664123,5.03388,0.999125,-0.0302346,0.0182518,0.0224181,0,1.50527
183,1.84,2.38178,-1.10948,1.68745,1.38969,-0.579402,0.0129467,1.43489,-0.43206,0.0664123,5.02179,0.998995,-0.0334505,0.0191953,0.0228602,0,1.5057
184,1.85,2.39569,-1.11524,1.6875,1.39283,-0.573493,-0.00164832,1.4419,-0.406696,0.0743073,5.00966,0.998866,-0.0364835,0.0198656,0.0232474,0,1.50627
185,1.86,2.40964,-1.12094,1.68742,1.39616,-0.566882,-0.0131631,1.4419,-0.406696,0.0743073,4.99749,0.998761,-0.0388395,0.0203047,0.0235642,0,1.50691
186,1.87,2.42362,-1.12657,1.68724,1.39967,-0.559668,-0.0214844,1.4419,-0.406696,0.0743073,4.98528,0.99869,-0.0403304,0.0206009,0.0238009,0,1.50757
187,1.88,2.43764,-1.13213,1.687,1.40335,-0.551997,-0.0267545,1.4419,-0.406696,0.0743073,4.97302,0.998653,-0.0410252,0.020848,0.0239541,0,1.50824
188,1.89,2.45169,-1.1376,1.68672,1.40718,-0.544015,-0.0292641,1.4419,-0.406696,0.0743073,4.96072,0.99864,-0.0411811,0.0211146,0.0240266,0,1.50896
189,1.9,2.46578,-1.143,1.68642,1.41116,-0.535822,-0.0293776,1.44087,-0.411726,0.0660673,4.94838,0.998633,-0.041162,0.021446,0.0240261,0,1.50975
190,1.91,2.47992,-1.14831,1.68614,1.4153,-0.527458,-0.0275551,1.44087,-0.411726,0.0660673,4.93599,0.99862,-0.0413131,0.0218634,0.0239631,0,1.51064
191,1.92,2.4941,-1.15354,1.68588,1.41958,-0.518905,-0.0242618,1.44087,-0.411726,0.0660673,4.92356,0.998589,-0.0418598,0.0223588,0.0238486,0,1.51165
192,1.93,2.50832,-1.15868,1.68566,1.42403,-0.5101,-0.0198512,1.44087,-0.411726,0.0660673,4.91109,0.998537,-0.0428689,0.0229022,0.0236925,0,1.51276
193,1.94,2.52258,-1.16373,1.68549,1.42861,-0.500972,-0.0146022,1.44087,-0.411726,0.0660673,4.89857,0.998469,-0.0442487,0.0234491,0.0235033,0,1.51398
194,1.95,2.53689,-1.16869,1.68538,1.43334,-0.491478,-0.00873208,1.49541,-0.082928,0.0828821,4.88599,0.998393,-0.0457919,0.0239413,0.0232876,0,1.51528
195,1.96,2.55125,-1.17355,1.68533,1.43821,-0.481508,-0.00152358,1.49541,-0.082928,0.0828821,4.87337,0.998299,-0.0476659,0.0243901,0.0230599,0,1.51668
196,1.97,2.56566,-1.1783,1.68537,1.44325,-0.470914,0.00711174,1.49541,-0.082928,0.0828821,4.8607,0.998147,-0.0505651,0.0249836,0.0228458,0,1.51815
197,1.98,2.58012,-1.18295,1.68549,1.44846,-0.459502,0.0161418,1.49541,-0.082928,0.0828821,4.84797,0.997892,-0.0550029,0.0259216,0.0226635,0,1.51968
198,1.99,2.59464,-1.18748,1.6857,1.45389,-0.446955,0.0252435,1.49541,-0.082928,0.0828821,4.83518,0.997511,-0.0610123,0.0272281,0.0225189,0,1.52125
199,2,2.60921,-1.19187,1.686,1.45961,-0.432941,0.0344308,1.43667,0.0270432,0.430406,4.82232,0.996994,-0.0683353,0.0288282,0.0224148,0,1.52285
200,2.01,2.62384,-1.19611,1.68641,1.46579,-0.416891,0.045757,1.43667,0.0270432,0.430406,4.80939,0.996335,-0.0767112,0.0305194,0.0223667,0,1.52461
201,2.02,2.63853,-1.20018,1.68695,1.47254,-0.398186,0.0611211,1.43667,0.0270432,0.430406,4.79638,0.99553,-0.0859747,0.0320319,0.0223968,0,1.52665
202,2.03,2.6533,-1.20405,1.68766,1.47974,-0.376702,0.0793455,1.43667,0.0270432,0.430406,4.78328,0.994597,-0.0957562,0.0331911,0.0225062,0,1.529
203,2.04,2.66814,-1.20768,1.68856,1.48722,-0.35257,0.0988385,1.43667,0.0270432,0.430406,4.77007,0.993591,-0.105428,0.0338704,0.0226854,0,1.53163
204,2.05,2.68305,-1.21107,1.68966,1.4948,-0.326001,0.118811,1.44349,0.0153705,0.407538,4.75675,0.992593,-0.114356,0.0339972,0.0229257,0,1.53454
205,2.06,2.69804,-1.21417,1.69096,1.50231,-0.297329,0.138757,1.44349,0.0153705,0.407538,4.74332,0.991685,-0.12204,0.0335797,0.0232142,0,1.53772
206,2.07,2.7131,-1.21698,1.69246,1.50961,-0.267,0.158277,1.44349,0.0153705,0.407538,4.72976,0.990938,-0.128145,0.032659,0.0235374,0,1.54119
207,2.08,2.72824,-1.21947,1.69414,1.51658,-0.235476,0.17724,1.44349,0.0153705,0.407538,4.71609,0.990402,-0.132493,0.0312789,0.0238868,0,1.54495
208,2.09,2.74344,-1.22165,1.69602,1.52312,-0.2032,0.195729,1.44349,0.0153705,0.407538,4.70228,0.99011,-0.135001,0.0294808,0.0242584,0,1.54903
209,2.1,2.7587,-1.2235,1.69807,1.52915,-0.170614,0.213869,1.4572,-0.0202684,0.355203,4.68836,0.990074,-0.135649,0.027316,0.0246486,0,1.55343
210,2.11,2.77403,-1.22503,1.70031,1.5346,-0.138186,0.231673,1.4572,-0.0202684,0.355203,4.67432,0.990291,-0.134453,0.0248592,0.0250508,0,1.55813
211,2.12,2.7894,-1.22624,1.70272,1.53942,-0.106387,0.2491,1.4572,-0.0202684,0.355203,4.66017,0.990745,-0.131467,0.0222081,0.0254553,0,1.56306
212,2.13,2.80482,-1.22713,1.70531,1.54358,-0.0756349,0.266197,1.4572,-0.0202684,0.355203,4.64591,0.991399,-0.126811,0.0194637,0.025853,0,1.56819
213,2.14,2.82027,-1.22773,1.70806,1.54711,-0.0462869,0.283061,1.4572,-0.0202684,0.355203,4.63156,0.992202,-0.120692,0.016726,0.0262375,0,1.57347
214,2.15,2.83576,-1.22804,1.71098,1.55002,-0.0186433,0.299743,1.4769,-0.0268906,0.260828,4.61713,0.993093,-0.113399,0.014095,0.0266051,0,1.57884
215,2.16,2.85127,-1.22808,1.71407,1.55235,0.00699886,0.315934,1.4769,-0.0268906,0.260828,4.60262,0.994009,-0.105282,0.0116642,0.026953,0,1.58419
216,2.17,2.86681,-1.22788,1.71731,1.55417,0.0304184,0.331163,1.4769,-0.0268906,0.260828,4.58805,0.994892,-0.0967227,0.00951025,0.027278,0,1.58935
217,2.18,2.88236,-1.22746,1.7207,1.55556,0.0515606,0.345191,1.4769,-0.0268906,0.260828,4.57342,0.995699,-0.0881183,0.00768319,0.0275788,0,1.59423
218,2.19,2.89792,-1.22684,1.72422,1.55659,0.0704977,0.35791,1.4769,-0.0268906,0.260828,4.55875,0.996398,-0.0798569,0.00620537,0.0278568,0,1.59877
219,2.2,2.91349,-1.22604,1.72786,1.55737,0.087393,0.369248,1.48291,0.0858141,0.208859,4.54404,0.996975,-0.0722867,0.00507525,0.0281155,0,1.60293
220,2.21,2.92907,-1.22508,1.73161,1.55797,0.102467,0.379043,1.48291,0.0858141,0.208859,4.5293,0.997424,-0.0657422,0.00427984,0.0283586,0,1.60668
221,2.22,2.94465,-1.22398,1.73544,1.55844,0.115996,0.387045,1.48291,0.0858141,0.208859,4.51453,0.997749,-0.0605477,0.00380893,0.0285893,0,1.60997
222,2.23,2.96023,-1.22275,1.73935,1.55887,0.128324,0.393105,1.48291,0.0858141,0.208859,4.49974,0.997956,-0.0569328,0.00363909,0.0288113,0,1.61278
223,2.24,2.97583,-1.2214,1.7433,1.55928,0.139822,0.397176,1.48291,0.0858141,0.208859,4.48493,0.998058,-0.0549882,0.00372167,0.0290295,0,1.61514
224,2.25,2.99142,-1.21994,1.74729,1.55973,0.150852,0.399255,1.44038,0.383532,-0.167983,4.47009,0.998068,-0.0546729,0.00399704,0.0292489,0,1.61707
225,2.26,3.00702,-1.21838,1.75127,1.56023,0.161646,0.398458,1.44038,0.383532,-0.167983,4.45522,0.997989,-0.0559406,0.00441823,0.029473,0,1.6184
226,2.27,3.02263,-1.2167,1.75523,1.56079,0.172353,0.393476,1.44038,0.383532,-0.167983,4.44033,0.997815,-0.0588097,0.00494213,0.0297041,0,1.61882
227,2.28,3.03824,-1.21492,1.75911,1.56139,0.183192,0.384002,1.44038,0.383532,-0.167983,4.42539,0.997534,-0.0632394,0.00548823,0.0299459,0,1.61832
228,2.29,3.05385,-1.21303,1.76288,1.56202,0.194396,0.370353,1.44038,0.383532,-0.167983,4.41042,0.997136,-0.0690825,0.00595486,0.0302047,0,1.61705
229,2.3,3.06948,-1.21102,1.76649,1.56266,0.206148,0.352869,1.48224,0.182043,-0.140753,4.3954,0.996613,-0.0761191,0.00626361,0.0304871,0,1.61521
230,2.31,3.08511,-1.20889,1.7699,1.56326,0.21858,0.331947,1.48224,0.182043,-0.140753,4.38032,0.995969,-0.0840007,0.00636117,0.0307992,0,1.61299
231,2.32,3.10074,-1.20663,1.77309,1.5638,0.231773,0.308067,1.48224,0.182043,-0.140753,4.36518,0.995232,-0.0922181,0.00621047,0.0311458,0,1.61062
232,2.33,3.11638,-1.20424,1.77602,1.56424,0.245717,0.281588,1.48224,0.182043,-0.140753,4.34998,0.99445,-0.100203,0.00580037,0.03153,0,1.60826
233,2.34,3.13203,-1.2017,1.77868,1.56455,0.260311,0.252744,1.48224,0.182043,-0.140753,4.3347,0.993687,-0.107417,0.00514713,0.0319522,0,1.60607
234,2.35,3.14768,-1.19902,1.78104,1.56472,0.275396,0.221762,1.49113,0.0927418,-0.125001,4.31935,0.993014,-0.113374,0.00427529,0.0324127,0,1.60417
235,2.36,3.16332,-1.19618,1.78307,1.56472,0.29078,0.188913,1.49113,0.0927418,-0.125001,4.30391,0.992506,-0.117635,0.00320615,0.0329123,0,1.60268
236,2.37,3.17897,-1.19319,1.78477,1.56455,0.306241,0.154486,1.49113,0.0927418,-0.125001,4.2884,0.992231,-0.119814,0.00196017,0.0334531,0,1.60171
237,2.38,3.19461,-1.19004,1.78612,1.5642,0.321526,0.118737,1.49113,0.0927418,-0.125001,4.27281,0.992235,-0.119629,0.000564431,0.0340363,0,1.60131
238,2.39,3.21025,-1.18674,1.78711,1.56367,0.336368,0.0819044,1.49113,0.0927418,-0.125001,4.25713,0.992533,-0.116941,-0.000946044,0.0346624,0,1.60154
239,2.4,3.22589,-1.1833,1.78772,1.56297,0.350512,0.0442474,1.46031,0.281239,-0.195939,4.24137,0.993107,-0.111734,-0.00253279,0.0353304,0,1.6024
240,2.41,3.24151,-1.17972,1.78795,1.5621,0.363715,0.00599636,1.46031,0.281239,-0.195939,4.22554,0.993895,-0.104199,-0.00413552,0.0360374,0,1.6039
241,2.42,3.25713,-1.17602,1.7878,1.56108,0.375759,-0.032701,1.46031,0.281239,-0.195939,4.20963,0.994804,-0.0947679,-0.00567455,0.0367781,0,1.606
242,2.43,3.27273,-1.1722,1.78726,1.55991,0.386532,-0.0715034,1.46031,0.281239,-0.195939,4.19366,0.99573,-0.0840371,-0.00712328,0.0375476,0,1.60868
243,2.44,3.28832,-1.16828,1.78633,1.55862,0.396011,-0.109897,1.46031,0.281239,-0.195939,4.17761,0.996576,-0.072762,-0.00852826,0.03834,0,1.61189
244,2.45,3.3039,-1.16428,1.78503,1.55718,0.404216,-0.147532,1.44751,0.255406,-0.299135,4.16151,0.99727,-0.0618161,-0.00995879,0.0391471,0,1.61554
245,2.46,3.31946,-1.16019,1.78334,1.55561,0.41115,-0.184896,1.44751,0.255406,-0.299135,4.14535,0.997784,-0.0519408,-0.0114809,0.0399595,0,1.61961
246,2.47,3.33501,-1.15605,1.78129,1.55389,0.416905,-0.222645,1.44751,0.255406,-0.299135,4.12914,0.998132,-0.0435581,-0.0131344,0.0407694,0,1.62418
247,2.48,3.35054,-1.15185,1.77885,1.55202,0.421689,-0.260799,1.44751,0.255406,-0.299135,4.11289,0.998343,-0.0368751,-0.0149212,0.0415702,0,1.6293
248,2.49,3.36605,-1.14761,1.77603,1.54996,0.425738,-0.299194,1.44751,0.255406,-0.299135,4.09659,0.998449,-0.0319897,-0.0168213,0.0423568,0,1.63498
249,2.5,3.38154,-1.14334,1.77283,1.54768,0.4293,-0.337328,1.42901,0.313253,-0.331372,4.08026,0.998477,-0.028825,-0.0187873,0.0431247,0,1.64116
250,2.51,3.397,-1.13903,1.76925,1.54514,0.432597,-0.374624,1.42901,0.313253,-0.331372,4.0639,0.998455,-0.0270883,-0.0207299,0.0438717,0,1.64771
251,2.52,3.41243,-1.13468,1.76531,1.54231,0.435796,-0.410598,1.42901,0.313253,-0.331372,4.0475,0.998404,-0.0263113,-0.0225345,0.0446007,0,1.65446
252,2.53,3.42784,-1.13031,1.76101,1.53918,0.439011,-0.444627,1.42901,0.313253,-0.331372,4.03108,0.998346,-0.025904,-0.024103,0.0453217,0,1.66117
253,2.54,3.44321,-1.1259,1.7564,1.53572,0.442288,-0.476018,1.42901,0.313253,-0.331372,4.01465,0.998296,-0.0252943,-0.0253949,0.046048,0,1.66753
254,2.55,3.45855,-1.12146,1.75148,1.53194,0.445594,-0.504155,1.46872,0.199556,-0.230324,3.9982,0.998264,-0.0240843,-0.0264375,0.0467918,0,1.67319
255,2.56,3.47385,-1.11698,1.74631,1.52778,0.448863,-0.527842,1.46872,0.199556,-0.230324,3.98176,0.998255,-0.0219543,-0.0272653,0.0475634,0,1.67756
256,2.57,3.4891,-1.11248,1.74093,1.5232,0.451947,-0.545819,1.46872,0.199556,-0.230324,3.96532,0.998267,-0.0186044,-0.0278782,0.0483692,0,1.67997
257,2.58,3.5043,-1.10794,1.73541,1.51823,0.454573,-0.557875,1.46872,0.199556,-0.230324,3.94891,0.998291,-0.0139872,-0.0282593,0.049207,0,1.68014
258,2.59,3.51946,-1.10339,1.72979,1.51294,0.456427,-0.564502,1.46872,0.199556,-0.230324,3.93253,0.998308,-0.00841155,-0.0283672,0.0500641,0,1.67809
259,2.6,3.53456,-1.09882,1.72414,1.50744,0.457255,-0.566412,1.39662,0.224963,-0.498856,3.91619,0.998303,-0.00244216,-0.0281434,0.0509204,0,1.674
260,2.61,3.5496,-1.09424,1.71847,1.50194,0.456937,-0.565945,1.39662,0.224963,-0.498856,3.89992,0.998273,0.00329072,-0.0276102,0.0517524,0,1.6688
261,2.62,3.56459,-1.08968,1.71282,1.49662,0.455549,-0.565596,1.39662,0.224963,-0.498856,3.8837,0.998222,0.0083183,-0.0268815,0.0525409,0,1.66352
262,2.63,3.57953,-1.08514,1.70716,1.49155,0.453276,-0.566008,1.39662,0.224963,-0.498856,3.86754,0.998163,0.0123768,-0.0260409,0.0532774,0,1.65848
263,2.64,3.59442,-1.08062,1.70149,1.48673,0.450337,-0.567218,1.39662,0.224963,-0.498856,3.85143,0.998109,0.0153097,-0.0251349,0.0539598,0,1.65375
264,2.65,3.60926,-1.07614,1.69581,1.48214,0.446966,-0.569135,1.38923,0.487063,-0.28778,3.83538,0.99807,0.0170284,-0.0242176,0.054588,0,1.64937
265,2.66,3.62406,-1.07169,1.69011,1.4777,0.443363,-0.570112,1.38923,0.487063,-0.28778,3.81939,0.998057,0.0171638,-0.0233453,0.055157,0,1.64475
266,2.67,3.63881,-1.06727,1.68442,1.47328,0.439811,-0.567945,1.38923,0.487063,-0.28778,3.80346,0.998082,0.0151134,-0.0224976,0.0556625,0,1.63907
267,2.68,3.65352,-1.06289,1.67878,1.46885,0.436789,-0.562303,1.38923,0.487063,-0.28778,3.78758,0.998133,0.0107683,-0.021601,0.0561128,0,1.63233
268,2.69,3.66818,-1.05854,1.6732,1.46444,0.434804,-0.553918,1.38923,0.487063,-0.28778,3.77177,0.998177,0.00464314,-0.020626,0.0565238,0,1.62495
269,2.7,3.6828,-1.05419,1.66772,1.46009,0.434233,-0.543517,1.37894,0.545706,-0.225211,3.75602,0.998184,-0.00247317,-0.0195566,0.0569158,0,1.61735
270,2.71,3.69738,-1.04984,1.66235,1.45582,0.435271,-0.531176,1.37894,0.545706,-0.225211,3.74032,0.998138,-0.0098536,-0.0184226,0.0573081,0,1.60966
271,2.72,3.71191,-1.04548,1.65712,1.45162,0.437983,-0.516782,1.37894,0.545706,-0.225211,3.72467,0.998038,-0.0169751,-0.0173155,0.0577163,0,1.6019
272,2.73,3.72641,-1.04108,1.65204,1.44751,0.442311,-0.50073,1.37894,0.545706,-0.225211,3.70908,0.997899,-0.0234308,-0.0163283,0.0581526,0,1.59425
273,2.74,3.74086,-1.03662,1.64712,1.44348,0.448091,-0.483494,1.37894,0.545706,-0.225211,3.69352,0.997739,-0.0289463,-0.0155368,0.0586255,0,1.58688
274,2.75,3.75527,-1.0321,1.64239,1.4395,0.455098,-0.465391,1.38183,0.52965,-0.244962,3.67801,0.997578,-0.033429,-0.0149669,0.0591393,0,1.57983
275,2.76,3.76965,-1.02751,1.63784,1.43557,0.46308,-0.446829,1.38183,0.52965,-0.244962,3.66253,0.997428,-0.0369017,-0.0145798,0.0596931,0,1.5732
276,2.77,3.78398,-1.02283,1.63347,1.43165,0.471787,-0.428121,1.38183,0.52965,-0.244962,3.64709,0.997299,-0.0394313,-0.014309,0.0602845,0,1.567
277,2.78,3.79828,-1.01806,1.62929,1.42776,0.481005,-0.409334,1.38183,0.52965,-0.244962,3.63168,0.997196,-0.0411233,-0.0140936,0.0609109,0,1.56122
278,2.79,3.81253,-1.0132,1.6253,1.42388,0.490546,-0.390519,1.38183,0.52965,-0.244962,3.6163,0.997117,-0.0421103,-0.0138806,0.0615696,0,1.55582
279,2.8,3.82675,-1.00824,1.6215,1.42005,0.500249,-0.371786,1.41691,0.42686,-0.245273,3.60094,0.997061,-0.0425246,-0.0136298,0.0622573,0,1.55081
280,2.81,3.84093,-1.00319,1.61789,1.41627,0.509979,-0.353287,1.41691,0.42686,-0.245273,3.58562,0.997024,-0.0424438,-0.0133083,0.0629702,0,1.5462
281,2.82,3.85507,-0.998033,1.61445,1.41259,0.519613,-0.335134,1.41691,0.42686,-0.245273,3.57032,0.997006,-0.041877,-0.0128894,0.063705,0,1.54199
282,2.83,3.86918,-0.992785,1.6112,1.40904,0.529036,-0.317371,1.41691,0.42686,-0.245273,3.55504,0.997008,-0.0408313,-0.0123605,0.0644588,0,1.53818
283,2.84,3.88325,-0.987444,1.60812,1.40565,0.538138,-0.300048,1.41691,0.42686,-0.245273,3.53979,0.997026,-0.0393361,-0.011717,0.065229,0,1.53475
284,2.85,3.89729,-0.982015,1.60521,1.40245,0.546821,-0.283218,1.42428,0.415847,-0.220231,3.52456,0.997056,-0.0374343,-0.0109638,0.0660132,0,1.53169
285,2.86,3.9113,-0.976501,1.60247,1.39947,0.555001,-0.266879,1.42428,0.415847,-0.220231,3.50935,0.997094,-0.0351783,-0.0101155,0.0668094,0,1.52897
286,2.87,3.92528,-0.970909,1.59989,1.39673,0.562611,-0.251005,1.42428,0.415847,-0.220231,3.49417,0.997135,-0.0326256,-0.00919245,0.0676158,0,1.52656
287,2.88,3.93923,-0.965244,1.59746,1.39426,0.569595,-0.235618,1.42428,0.415847,-0.220231,3.479,0.997176,-0.0298399,-0.00822184,0.0684305,0,1.52444
288,2.89,3.95316,-0.959513,1.59519,1.39206,0.57591,-0.220774,1.42428,0.415847,-0.220231,3.46385,0.99721,-0.026892,-0.00723504,0.0692522,0,1.52258
289,2.9,3.96707,-0.953722,1.59306,1.39014,0.581532,-0.206538,1.39035,0.520917,-0.21347,3.44872,0.997236,-0.0238569,-0.00626436,0.0700792,0,1.52096
290,2.91,3.98096,-0.947879,1.59107,1.38848,0.586457,-0.192931,1.39035,0.520917,-0.21347,3.4336,0.99725,-0.0208547,-0.00534966,0.0709097,0,1.51955
291,2.92,3.99484,-0.94199,1.58921,1.38707,0.590718,-0.179973,1.39035,0.520917,-0.21347,3.41849,0.997249,-0.0180645,-0.00453286,0.071742,0,1.51832
292,2.93,4.0087,-0.936063,1.58748,1.38587,0.594382,-0.167732,1.39035,0.520917,-0.21347,3.4034,0.997233,-0.015658,-0.00384714,0.0725744,0,1.51725
293,2.94,4.02255,-0.930101,1.58586,1.38485,0.597552,-0.156262,1.39035,0.520917,-0.21347,3.38833,0.997202,-0.0137675,-0.0033207,0.0734052,0,1.51634
294,2.95,4.0364,-0.92411,1.58436,1.38395,0.600352,-0.145607,1.39072,0.463675,-0.209006,3.37326,0.997158,-0.012487,-0.00297138,0.0742332,0,1.51557
295,2.96,4.05023,-0.918092,1.58296,1.38314,0.602919,-0.135811,1.39072,0.463675,-0.209006,3.3582,0.997105,-0.0118388,-0.00280538,0.0750572,0,1.51493
296,2.97,4.06406,-0.912049,1.58165,1.38235,0.605385,-0.126887,1.39072,0.463675,-0.209006,3.34316,0.997044,-0.011759,-0.0028236,0.0758765,0,1.51442
297,2.98,4.07788,-0.905982,1.58042,1.38154,0.607856,-0.118837,1.39072,0.463675,-0.209006,3.32812,0.996977,-0.0121353,-0.00301418,0.0766902,0,1.51403
298,2.99,4.09169,-0.89989,1.57928,1.38068,0.610414,-0.111666,1.39072,0.463675,-0.209006,3.3131,0.996904,-0.0128281,-0.0033469,0.0774978,0,1.51372
299,3,4.10549,-0.893771,1.57819,1.37973,0.613106,-0.105375,1.12484,0.983221,-0.134236,3.29808,0.996829,-0.0136724,-0.00377992,0.0782987,0,1.51349
300,3.01,4.11928,-0.887624,1.57718,1.37865,0.615998,-0.0988219,1.12484,0.983221,-0.134236,3.28307,0.996746,-0.0149179,-0.00443875,0.0790854,0,1.51324
301,3.02,4.13306,-0.881447,1.57623,1.37736,0.619252,-0.0915261,1.12484,0.983221,-0.134236,3.26807,0.996641,-0.0173236,-0.00556958,0.0798478,0,1.51293
302,3.03,4.14683,-0.875233,1.57535,1.37571,0.623144,-0.0843279,1.12484,0.983221,-0.134236,3.25308,0.99649,-0.0214723,-0.0072912,0.0805826,0,1.51261
303,3.04,4.16057,-0.868976,1.57455,1.37357,0.628035,-0.0775821,1.12484,0.983221,-0.134236,3.23811,0.996263,-0.0275671,-0.00964964,0.0812862,0,1.51233
304,3.05,4.17429,-0.862662,1.5738,1.37076,0.634304,-0.0714687,1.36233,0.562819,-0.278022,3.22315,0.995919,-0.0356108,-0.0126525,0.0819535,0,1.5121
305,3.06,4.18798,-0.856277,1.57312,1.36716,0.642283,-0.0662178,1.36233,0.562819,-0.278022,3.20821,0.995435,-0.0451138,-0.0160241,0.0825665,0,1.51196
306,3.07,4.20163,-0.849802,1.57248,1.36276,0.652076,-0.0626855,1.36233,0.562819,-0.278022,3.19329,0.994833,-0.0550688,-0.0192315,0.0830953,0,1.51203
307,3.08,4.21523,-0.84322,1.57186,1.35769,0.663554,-0.0615052,1.36233,0.562819,-0.278022,3.17839,0.994178,-0.0644743,-0.0218299,0.0835245,0,1.51242
308,3.09,4.22878,-0.836514,1.57123,1.35216,0.67647,-0.0626451,1.36233,0.562819,-0.278022,3.1635,0.993559,-0.072499,-0.0235214,0.083854,0,1.51323
309,3.1,4.24227,-0.829674,1.57059,1.34639,0.690451,-0.066007,1.04187,1.07889,-0.0225006,3.14863,0.993072,-0.0784587,-0.0241038,0.0840911,0,1.51455
310,3.11,4.2557,-0.822688,1.56991,1.34054,0.705324,-0.0698176,1.04187,1.07889,-0.0225006,3.13378,0.992756,-0.0823101,-0.0237258,0.084242,0,1.51638
311,3.12,4.26907,-0.815549,1.5692,1.33466,0.721062,-0.0721289,1.04187,1.07889,-0.0225006,3.11894,0.992561,-0.0847696,-0.0229445,0.0843197,0,1.5187
312,3.13,4.28239,-0.808248,1.56847,1.32878,0.737495,-0.0728734,1.04187,1.07889,-0.0225006,3.10411,0.99241,-0.0866219,-0.0224308,0.0843526,0,1.52147
313,3.14,4.29564,-0.80078,1.56775,1.32284,0.754475,-0.0725508,1.04187,1.07889,-0.0225006,3.08929,0.992241,-0.088432,-0.0227704,0.0843697,0,1.5246
314,3.15,4.30884,-0.793139,1.56702,1.31666,0.771913,-0.0717903,1.03044,1.08661,-0.0864559,3.07449,0.992008,-0.0905929,-0.0242972,0.0843918,0,1.52794
315,3.16,4.32197,-0.785323,1.56631,1.31003,0.789771,-0.0712358,1.03044,1.08661,-0.0864559,3.05971,0.991682,-0.0932919,-0.0270938,0.084431,0,1.53134
316,3.17,4.33503,-0.777325,1.5656,1.30272,0.808074,-0.071259,1.03044,1.08661,-0.0864559,3.04495,0.991246,-0.0965635,-0.0311241,0.084492,0,1.53464
317,3.18,4.34801,-0.769141,1.56488,1.29448,0.826888,-0.071985,1.03044,1.08661,-0.0864559,3.03022,0.990687,-0.100358,-0.0362661,0.084574,0,1.53773
318,3.19,4.36091,-0.760766,1.56415,1.28513,0.846301,-0.0733506,1.03044,1.08661,-0.0864559,3.01553,0.990007,-0.104543,-0.0422921,0.084668,0,1.54051
319,3.2,4.3737,-0.752193,1.56341,1.27449,0.866391,-0.0751911,1.11496,0.94142,-0.347258,3.00088,0.989231,-0.108869,-0.0488466,0.084753,0,1.54293
320,3.21,4.38638,-0.743416,1.56264,1.26262,0.88697,-0.078334,1.11496,0.94142,-0.347258,2.9863,0.988417,-0.112966,-0.0554851,0.0848066,0,1.54501
321,3.22,4.39894,-0.734433,1.56183,1.24974,0.907662,-0.0840418,1.11496,0.94142,-0.347258,2.97178,0.987643,-0.116427,-0.0617474,0.084814,0,1.54686
322,3.23,4.41136,-0.725244,1.56094,1.23612,0.92819,-0.0927512,1.11496,0.94142,-0.347258,2.95734,0.986996,-0.11891,-0.0671943,0.0847616,0,1.54859
323,3.24,4.42364,-0.715851,1.55995,1.22202,0.948351,-0.104386,1.11496,0.94142,-0.347258,2.94297,0.986559,-0.120143,-0.0714402,0.0846389,0,1.55036
324,3.25,4.43579,-0.70626,1.55883,1.20771,0.967973,-0.11864,1.13545,0.93859,-0.282504,2.92869,0.986398,-0.119936,-0.0741907,0.0844416,0,1.55229
325,3.26,4.44778,-0.696476,1.55755,1.19344,0.986925,-0.13502,1.13545,0.93859,-0.282504,2.9145,0.986549,-0.118208,-0.0752558,0.0841698,0,1.55452
326,3.27,4.45964,-0.686506,1.5561,1.17945,1.0051,-0.152972,1.13545,0.93859,-0.282504,2.90039,0.987012,-0.114988,-0.0745575,0.0838277,0,1.55715
327,3.28,4.47136,-0.67636,1.55446,1.16599,1.02238,-0.172107,1.13545,0.93859,-0.282504,2.88636,0.987752,-0.110375,-0.0721382,0.0834261,0,1.56026
328,3.29,4.48295,-0.666046,1.55263,1.1533,1.03864,-0.192175,1.13545,0.93859,-0.282504,2.87242,0.988708,-0.104522,-0.0681517,0.0829821,0,1.5639
329,3.3,4.49442,-0.655575,1.5506,1.14158,1.05376,-0.21298,1.12108,0.979606,-0.183196,2.85855,0.989804,-0.0976187,-0.0628465,0.0825172,0,1.56811
330,3.31,4.50578,-0.64496,1.54835,1.1309,1.06778,-0.233707,1.12108,0.979606,-0.183196,2.84474,0.990938,-0.0899964,-0.0566633,0.0820502,0,1.57281
331,3.32,4.51703,-0.634209,1.54591,1.12121,1.08083,-0.253216,1.12108,0.979606,-0.183196,2.831,0.991998,-0.0821445,-0.0503371,0.0816012,0,1.57779
332,3.33,4.52819,-0.623333,1.54328,1.11242,1.09296,-0.271009,1.12108,0.979606,-0.183196,2.81733,0.9929,-0.0745276,-0.0447437,0.0812039,0,1.58287
333,3.34,4.53927,-0.612341,1.54048,1.1044,1.10416,-0.287122,1.12108,0.979606,-0.183196,2.80371,0.993604,-0.0675077,-0.040616,0.0808947,0,1.58786
334,3.35,4.55028,-0.601242,1.53753,1.0969,1.11447,-0.301785,1.09445,1.02541,0.026821,2.79015,0.994108,-0.0613523,-0.0383597,0.0807013,0,1.59258
335,3.36,4.5612,-0.590043,1.53445,1.08945,1.1242,-0.313181,1.09445,1.02541,0.026821,2.77665,0.994429,-0.0562462,-0.0380036,0.0806382,0,1.59649
336,3.37,4.57205,-0.578748,1.53128,1.08151,1.13369,-0.318921,1.09445,1.02541,0.026821,2.76322,0.994601,-0.0521905,-0.039144,0.0806999,0,1.59895
337,3.38,4.58282,-0.567359,1.52809,1.07284,1.14302,-0.319005,1.09445,1.02541,0.026821,2.74988,0.994679,-0.048921,-0.0409982,0.0808661,0,1.59976
338,3.39,4.5935,-0.555879,1.52493,1.06344,1.15212,-0.31446,1.09445,1.02541,0.026821,2.73663,0.994723,-0.0461047,-0.0426637,0.0811129,0,1.59912
339,3.4,4.60408,-0.544308,1.52183,1.05347,1.16095,-0.306232,1.09482,1.01438,-0.149689,2.72349,0.994785,-0.0435196,-0.0433556,0.0814191,0,1.59731
340,3.41,4.61456,-0.532652,1.51882,1.04338,1.16937,-0.296248,1.09482,1.01438,-0.149689,2.71047,0.994895,-0.0410373,-0.0425788,0.0817716,0,1.59493
341,3.42,4.62494,-0.520915,1.51591,1.03364,1.17728,-0.286175,1.09482,1.01438,-0.149689,2.69758,0.99506,-0.0385954,-0.0401878,0.0821679,0,1.59257
342,3.43,4.63522,-0.509101,1.51311,1.02462,1.18471,-0.276141,1.09482,1.01438,-0.149689,2.6848,0.995261,-0.0362176,-0.0363147,0.0826115,0,1.59048
343,3.44,4.64542,-0.497215,1.5104,1.01659,1.19172,-0.265947,1.09482,1.01438,-0.149689,2.67213,0.995469,-0.0339835,-0.0313002,0.0831089,0,1.58883
344,3.45,4.65555,-0.485261,1.5078,1.00975,1.19837,-0.255486,1.06784,1.0508,0.0743574,2.65956,0.99565,-0.0319746,-0.025639,0.0836695,0,1.58775
345,3.46,4.66562,-0.473241,1.50531,1.0041,1.20479,-0.243634,1.06784,1.0508,0.0743574,2.64708,0.995777,-0.0302985,-0.0200474,0.0843075,0,1.58716
346,3.47,4.67563,-0.461159,1.50295,0.999516,1.21113,-0.229047,1.06784,1.0508,0.0743574,2.63469,0.995834,-0.0290745,-0.0153948,0.08504,0,1.58693
347,3.48,4.68561,-0.449012,1.50076,0.995759,1.21746,-0.211808,1.06784,1.0508,0.0743574,2.62238,0.995828,-0.0282919,-0.0123101,0.085878,0,1.58701
348,3.49,4.69555,-0.436803,1.49875,0.992487,1.22379,-0.192656,1.06784,1.0508,0.0743574,2.61015,0.995777,-0.027759,-0.01094,0.0868187,0,1.58739
349,3.5,4.70545,-0.42453,1.49693,0.989347,1.23007,-0.172232,1.14512,0.945123,0.0452998,2.59799,0.995701,-0.027222,-0.0110038,0.0878439,0,1.58794
350,3.51,4.71533,-0.412195,1.49533,0.98607,1.23623,-0.151017,1.14512,0.945123,0.0452998,2.58592,0.995618,-0.0263676,-0.011969,0.0889214,0,1.58852
351,3.52,4.72517,-0.399801,1.49393,0.982527,1.2421,-0.129558,1.14512,0.945123,0.0452998,2.57392,0.995543,-0.0248224,-0.0132717,0.0900156,0,1.58901
352,3.53,4.73497,-0.38735,1.49276,0.978718,1.24746,-0.108202,1.14512,0.945123,0.0452998,2.56202,0.995487,-0.0223039,-0.0144539,0.0911009,0,1.58926
353,3.54,4.74474,-0.374849,1.49179,0.974741,1.25207,-0.0871043,1.14512,0.945123,0.0452998,2.5502,0.995453,-0.0186745,-0.0151715,0.0921632,0,1.58915
354,3.55,4.75447,-0.362307,1.49103,0.970764,1.25567,-0.0663583,1.12873,0.964332,-0.154046,2.53849,0.995435,-0.0139167,-0.0151835,0.0931963,0,1.58855
355,3.56,4.76415,-0.349737,1.49048,0.967016,1.25802,-0.0464898,1.12873,0.964332,-0.154046,2.52686,0.995417,-0.00813267,-0.0143407,0.0941981,0,1.58742
356,3.57,4.7738,-0.33715,1.49011,0.963747,1.25893,-0.0283314,1.12873,0.964332,-0.154046,2.51534,0.995381,-0.00154392,-0.0125725,0.0951673,0,1.58572
357,3.58,4.78343,-0.324563,1.48992,0.961183,1.25832,-0.0123096,1.12873,0.964332,-0.154046,2.5039,0.995307,0.00553443,-0.00988666,0.0961035,0,1.58347
358,3.59,4.79303,-0.31199,1.48987,0.959509,1.25618,0.00142523,1.12873,0.964332,-0.154046,2.49255,0.995182,0.0127419,-0.00636819,0.0970078,0,1.58071
359,3.6,4.80262,-0.299447,1.48995,0.958861,1.25262,0.0128238,1.10872,0.993614,-0.0963696,2.48128,0.995,0.0197035,-0.00217125,0.0978837,0,1.57754
360,3.61,4.81221,-0.286946,1.49013,0.959317,1.24778,0.0220378,1.10872,0.993614,-0.0963696,2.47007,0.99477,0.0260428,0.00248688,0.0987357,0,1.57408
361,3.62,4.82181,-0.2745,1.49039,0.960894,1.24188,0.0293237,1.10872,0.993614,-0.0963696,2.45892,0.994508,0.0314128,0.00734061,0.0995694,0,1.57049
362,3.63,4.83143,-0.262118,1.49071,0.963549,1.23518,0.0348099,1.10872,0.993614,-0.0963696,2.4478,0.994239,0.0355459,0.0121073,0.10039,0,1.56695
363,3.64,4.84109,-0.249805,1.49108,0.967179,1.22798,0.0385685,1.10872,0.993614,-0.0963696,2.43672,0.993992,0.0382775,0.0165094,0.101203,0,1.5636
364,3.65,4.85078,-0.237566,1.49148,0.971629,1.22056,0.0406815,1.07941,1.03684,-0.099252,2.42567,0.99379,0.0395541,0.0202915,0.102009,0,1.5606
365,3.66,4.86053,-0.225401,1.49189,0.976704,1.2132,0.0412585,1.07941,1.03684,-0.099252,2.41462,0.993649,0.03941,0.0232306,0.102808,0,1.55805
366,3.67,4.87032,-0.213308,1.49229,0.982181,1.20615,0.0404135,1.07941,1.03684,-0.099252,2.40358,0.993577,0.0379467,0.0251532,0.103599,0,1.55599
367,3.68,4.88018,-0.201283,1.49269,0.987821,1.1996,0.0382494,1.07941,1.03684,-0.099252,2.39254,0.99357,0.0353447,0.0259558,0.104379,0,1.55445
368,3.69,4.89009,-0.18932,1.49305,0.993387,1.19373,0.0348863,1.07941,1.03684,-0.099252,2.3815,0.993617,0.0318571,0.0256111,0.105145,0,1.55339
369,3.7,4.90005,-0.177411,1.49337,0.99866,1.18861,0.0304498,1.06539,1.04021,-0.181403,2.37046,0.993695,0.0277864,0.0241713,0.105894,0,1.55275
370,3.71,4.91006,-0.165549,1.49365,1.00344,1.1843,0.0248471,1.06539,1.04021,-0.181403,2.35941,0.993784,0.0234672,0.0217662,0.106625,0,1.55244
371,3.72,4.92012,-0.153726,1.49386,1.00756,1.18079,0.0178536,1.06539,1.04021,-0.181403,2.34838,0.993863,0.0192443,0.0185904,0.107337,0,1.55234
372,3.73,4.93021,-0.141934,1.49399,1.01092,1.178,0.00941692,1.06539,1.04021,-0.181403,2.33735,0.993916,0.0154433,0.0148894,0.108032,0,1.55233
373,3.74,4.94034,-0.130167,1.49403,1.01349,1.1758,-0.000382381,1.06539,1.04021,-0.181403,2.32633,0.993936,0.012344,0.0109438,0.108714,0,1.55231
374,3.75,4.95048,-0.118419,1.49397,1.0153,1.17402,-0.0114157,1.1625,0.901503,-0.293075,2.31534,0.993922,0.0101629,0.00704643,0.109389,0,1.55218
375,3.76,4.96064,-0.106687,1.49378,1.0164,1.17249,-0.023884,1.1625,0.901503,-0.293075,2.30438,0.993877,0.0091137,0.00350942,0.110062,0,1.55189
376,3.77,4.97081,-0.0949702,1.49347,1.01693,1.171,-0.0381564,1.1625,0.901503,-0.293075,2.29344,0.993804,0.0094215,0.000656634,0.11074,0,1.5514
377,3.78,4.98098,-0.083269,1.493,1.01707,1.16935,-0.0542882,1.1625,0.901503,-0.293075,2.28255,0.993708,0.0112212,-0.00123274,0.11143,0,1.55073
378,3.79,4.99115,-0.0715863,1.49235,1.01703,1.16731,-0.0721491,1.1625,0.901503,-0.293075,2.27169,0.993585,0.0145205,-0.00195603,0.112137,0,1.54989
379,3.8,5.00132,-0.0599269,1.49153,1.01704,1.1647,-0.0915725,1.17549,0.913767,-0.182328,2.26086,0.993423,0.019212,-0.00139775,0.112867,0,1.54896
380,3.81,5.01149,-0.0482977,1.4905,1.01732,1.16133,-0.112148,1.17549,0.913767,-0.182328,2.25008,0.993207,0.0250818,0.000464349,0.113625,0,1.54797
381,3.82,5.02167,-0.0367071,1.48926,1.01808,1.15706,-0.133079,1.17549,0.913767,-0.182328,2.23932,0.992919,0.031784,0.00351063,0.114409,0,1.54692
382,3.83,5.03186,-0.0251649,1.48782,1.0195,1.15176,-0.153683,1.17549,0.913767,-0.182328,2.22859,0.992556,0.0388142,0.00741752,0.115203,0,1.54582
383,3.84,5.04206,-0.0136814,1.48617,1.02172,1.14541,-0.173714,1.17549,0.913767,-0.182328,2.21787,0.992136,0.0455816,0.0117128,0.115982,0,1.54468
384,3.85,5.0523,-0.0022669,1.48433,1.02474,1.13808,-0.193156,1.15727,0.946706,-0.120336,2.20717,0.9917,0.0515332,0.0158934,0.116717,0,1.54358
385,3.86,5.06257,0.00906917,1.48229,1.02855,1.12985,-0.211444,1.15727,0.946706,-0.120336,2.19647,0.991304,0.0562021,0.0194518,0.117388,0,1.54246
386,3.87,5.07288,0.0203184,1.48009,1.03304,1.12082,-0.227797,1.15727,0.946706,-0.120336,2.18578,0.991002,0.0592763,0.0219186,0.117988,0,1.54121
387,3.88,5.08323,0.0314738,1.47773,1.03803,1.11118,-0.241818,1.15727,0.946706,-0.120336,2.17507,0.990823,0.0607536,0.0230377,0.118521,0,1.53971
388,3.89,5.09364,0.0425302,1.47525,1.0433,1.1011,-0.25321,1.15727,0.946706,-0.120336,2.16437,0.990756,0.0609677,0.0229044,0.118997,0,1.53786
389,3.9,5.1041,0.053484,1.47267,1.04863,1.09071,-0.261781,1.19305,0.874158,-0.249971,2.15365,0.990757,0.0604496,0.0219347,0.119435,0,1.53552
390,3.91,5.11462,0.0643332,1.47002,1.05387,1.08019,-0.268375,1.19305,0.874158,-0.249971,2.14294,0.990774,0.0597988,0.0206693,0.119849,0,1.5328
391,3.92,5.12519,0.0750773,1.4673,1.0589,1.06968,-0.274415,1.19305,0.874158,-0.249971,2.13222,0.990768,0.0594984,0.0195339,0.120241,0,1.52996
392,3.93,5.1358,0.0857162,1.46453,1.06375,1.05915,-0.280435,1.19305,0.874158,-0.249971,2.1215,0.990722,0.0597452,0.0187784,0.120615,0,1.52709
393,3.94,5.14647,0.0962493,1.46169,1.06853,1.04852,-0.286414,1.19305,0.874158,-0.249971,2.11078,0.990634,0.0605219,0.0185574,0.120987,0,1.5242
394,3.95,5.15718,0.106675,1.45879,1.07335,1.03769,-0.292217,1.12747,0.953622,-0.263479,2.10006,0.990506,0.0617018,0.0189646,0.121374,0,1.52127
395,3.96,5.16794,0.116991,1.45584,1.07836,1.02658,-0.297444,1.12747,0.953622,-0.263479,2.08934,0.990355,0.0629768,0.0199577,0.121787,0,1.51829
396,3.97,5.17875,0.127194,1.45284,1.08367,1.01519,-0.301972,1.12747,0.953622,-0.263479,2.07862,0.990214,0.0638742,0.0213451,0.122228,0,1.5153
397,3.98,5.18962,0.137283,1.4498,1.08929,1.00367,-0.306024,1.12747,0.953622,-0.263479,2.06789,0.990117,0.0639707,0.0228764,0.122692,0,1.51247
398,3.99,5.20054,0.147256,1.44672,1.09523,0.99221,-0.309681,1.12747,0.953622,-0.263479,2.05715,0.990085,0.0630294,0.0242721,0.123166,0,1.50993
399,4,5.21153,0.157116,1.44361,1.10139,0.981008,-0.312958,1.13534,0.942735,0.268809,2.0464,0.990127,0.061016,0.0252611,0.123644,0,1.50777
400,4.01,5.22258,0.166865,1.44048,1.10787,0.969878,-0.312513,1.13534,0.942735,0.268809,2.03563,0.990238,0.0579909,0.0256512,0.124125,0,1.50523
401,4.02,5.2337,0.176502,1.43739,1.11473,0.958739,-0.305436,1.13534,0.942735,0.268809,2.02485,0.990409,0.0540213,0.0253815,0.124612,0,1.5017
402,4.03,5.24488,0.186029,1.43441,1.12172,0.947938,-0.292486,1.13534,0.942735,0.268809,2.01405,0.990618,0.0492187,0.0245166,0.125109,0,1.49746
403,4.04,5.25614,0.195452,1.43158,1.12862,0.937829,-0.274681,1.13534,0.942735,0.268809,2.00324,0.990842,0.0437438,0.0232109,0.125621,0,1.4929
404,4.05,5.26746,0.204779,1.42895,1.13524,0.928716,-0.253034,1.24919,0.82368,0.105272,1.99243,0.991052,0.0377875,0.0217142,0.126162,0,1.48839
405,4.06,5.27885,0.214021,1.42655,1.14144,0.92087,-0.229204,1.24919,0.82368,0.105272,1.98163,0.99122,0.0317009,0.020375,0.12674,0,1.48439
406,4.07,5.29029,0.223194,1.4244,1.14719,0.914425,-0.204988,1.24919,0.82368,0.105272,1.97083,0.991327,0.0259486,0.0195038,0.127349,0,1.48129
407,4.08,5.3018,0.232309,1.42248,1.15262,0.909304,-0.180954,1.24919,0.82368,0.105272,1.96004,0.99137,0.0208623,0.0192401,0.127984,0,1.47922
408,4.09,5.31335,0.241379,1.4208,1.1579,0.905334,-0.157064,1.24919,0.82368,0.105272,1.94926,0.991357,0.0166655,0.0196033,0.128643,0,1.47818
409,4.1,5.32496,0.250415,1.41936,1.16321,0.902293,-0.13331,1.24443,0.835405,0.0590905,1.93851,0.991296,0.0135585,0.0205519,0.129329,0,1.47816
410,4.11,5.33662,0.259424,1.41816,1.16871,0.899919,-0.109816,1.24443,0.835405,0.0590905,1.92776,0.991196,0.0116781,0.0220117,0.13004,0,1.47912
411,4.12,5.34834,0.268412,1.41718,1.17456,0.897922,-0.0867203,1.24443,0.835405,0.0590905,1.91704,0.991062,0.0110764,0.0238973,0.130776,0,1.48101
412,4.13,5.36012,0.277381,1.41644,1.18088,0.89601,-0.0640012,1.24443,0.835405,0.0590905,1.90632,0.990899,0.0117158,0.0260757,0.131535,0,1.48372
413,4.14,5.37197,0.28633,1.41593,1.18776,0.893903,-0.041618,1.24443,0.835405,0.0590905,1.89561,0.990712,0.0134568,0.0283343,0.132313,0,1.48713
414,4.15,5.38388,0.295255,1.41563,1.19521,0.891364,-0.0196097,1.25379,0.81897,-0.0854022,1.88489,0.990505,0.0160696,0.0304084,0.133108,0,1.49112
415,4.16,5.39588,0.304152,1.41555,1.20315,0.888221,0.00148888,1.25379,0.81897,-0.0854022,1.87418,0.990285,0.0192961,0.0320635,0.13392,0,1.4955
416,4.17,5.40796,0.313014,1.41567,1.21143,0.884375,0.0209696,1.25379,0.81897,-0.0854022,1.86345,0.990061,0.0228813,0.0331473,0.134751,0,1.50004
417,4.18,5.42012,0.321833,1.41598,1.21987,0.879784,0.0385295,1.25379,0.81897,-0.0854022,1.8527,0.989837,0.0265494,0.0335713,0.13561,0,1.50452
418,4.19,5.43236,0.330603,1.41645,1.22831,0.87447,0.0540783,1.25379,0.81897,-0.0854022,1.84194,0.989625,0.0300124,0.0332924,0.136503,0,1.50876
419,4.2,5.44469,0.339315,1.41706,1.23658,0.868513,0.0676116,1.34953,0.626629,-0.190034,1.83117,0.989433,0.0329998,0.0323121,0.13744,0,1.51262
420,4.21,5.4571,0.347965,1.4178,1.24448,0.862061,0.0787876,1.34953,0.626629,-0.190034,1.82037,0.989264,0.0353817,0.0307026,0.138427,0,1.51594
421,4.22,5.46959,0.356549,1.41864,1.25186,0.855278,0.0871379,1.34953,0.626629,-0.190034,1.80956,0.989114,0.0372162,0.0286157,0.139464,0,1.51863
422,4.23,5.48214,0.365063,1.41954,1.25863,0.848289,0.0925614,1.34953,0.626629,-0.190034,1.79874,0.988972,0.0386154,0.0262497,0.140552,0,1.52063
423,4.24,5.49476,0.373507,1.42048,1.26478,0.841182,0.0951482,1.34953,0.626629,-0.190034,1.7879,0.988827,0.0397009,0.0238271,0.141695,0,1.52194
424,4.25,5.50744,0.38188,1.42143,1.27034,0.834012,0.0950472,1.29169,0.150635,-0.747559,1.77707,0.988669,0.0406106,0.0215708,0.142897,0,1.52262
425,4.26,5.52017,0.390181,1.42236,1.27532,0.826885,0.0912675,1.29169,0.150635,-0.747559,1.76623,0.988484,0.0416546,0.0196153,0.144154,0,1.52267
426,4.27,5.53295,0.398412,1.42322,1.27977,0.819861,0.0825511,1.29169,0.150635,-0.747559,1.75539,0.988252,0.0433351,0.01795,0.145455,0,1.5221
427,4.28,5.54577,0.406572,1.42397,1.28377,0.812834,0.0689253,1.29169,0.150635,-0.747559,1.74455,0.987958,0.0460356,0.0165071,0.146788,0,1.52102
428,4.29,5.55863,0.414661,1.42456,1.28743,0.805636,0.0508117,1.29169,0.150635,-0.747559,1.73371,0.987585,0.0499627,0.015242,0.148146,0,1.51957
429,4.3,5.57152,0.422677,1.42495,1.29083,0.798107,0.028507,1.30254,0.148259,-0.728982,1.72287,0.987112,0.0552527,0.0141299,0.149521,0,1.5179
430,4.31,5.58445,0.430615,1.42509,1.29405,0.790097,0.00226802,1.30254,0.148259,-0.728982,1.71202,0.986516,0.0619642,0.0131561,0.150908,0,1.51619
431,4.32,5.5974,0.438469,1.42495,1.29715,0.781473,-0.0276333,1.30254,0.148259,-0.728982,1.70117,0.98577,0.070075,0.0123068,0.152301,0,1.51461
432,4.33,5.61039,0.446234,1.42449,1.30018,0.772129,-0.0609405,1.30254,0.148259,-0.728982,1.69029,0.984848,0.0794942,0.0115589,0.153694,0,1.51339
433,4.34,5.62341,0.4539,1.42368,1.30319,0.761982,-0.0973992,1.30254,0.148259,-0.728982,1.6794,0.983727,0.0900735,0.0108752,0.15508,0,1.51275
434,4.35,5.63646,0.46146,1.42249,1.30621,0.750976,-0.136749,1.45066,-0.306756,-0.226924,1.66848,0.982391,0.101622,0.0102036,0.156448,0,1.51289
435,4.36,5.64954,0.468905,1.42089,1.30929,0.738932,-0.178079,1.45066,-0.306756,-0.226924,1.65754,0.980821,0.114035,0.00946471,0.157787,0,1.51393
436,4.37,5.66265,0.476222,1.41888,1.31252,0.725471,-0.219904,1.45066,-0.306756,-0.226924,1.64655,0.978974,0.127409,0.00851103,0.159072,0,1.51571
437,4.38,5.67579,0.483393,1.41646,1.31599,0.710032,-0.260581,1.45066,-0.306756,-0.226924,1.63553,0.976802,0.141829,0.00719965,0.160283,0,1.51786
438,4.39,5.68897,0.490396,1.41364,1.31977,0.692014,-0.298907,1.45066,-0.306756,-0.226924,1.62445,0.974266,0.157246,0.00545484,0.161399,0,1.51988
439,4.4,5.70219,0.497202,1.41046,1.32387,0.670976,-0.334575,1.41497,-0.495905,-0.0440792,1.61332,0.971333,0.173585,0.00321352,0.162392,0,1.52144
440,4.41,5.71546,0.503777,1.40694,1.32831,0.646166,-0.366628,1.41497,-0.495905,-0.0440792,1.60212,0.967967,0.190791,0.000319447,0.163213,0,1.52196
441,4.42,5.72877,0.510078,1.40312,1.33311,0.616614,-0.393986,1.41497,-0.495905,-0.0440792,1.59083,0.96413,0.208832,-0.00342486,0.163801,0,1.52073
442,4.43,5.74213,0.516056,1.39906,1.33814,0.581905,-0.417209,1.41497,-0.495905,-0.0440792,1.57945,0.959804,0.227535,-0.00798307,0.164132,0,1.51766
443,4.44,5.75553,0.521659,1.39477,1.34319,0.542173,-0.437821,1.41497,-0.495905,-0.0440792,1.56796,0.955051,0.24643,-0.0130286,0.164258,0,1.51321
444,4.45,5.76899,0.526839,1.39029,1.34813,0.497771,-0.457199,1.43056,-0.429065,-0.139307,1.55634,0.950032,0.26481,-0.0181224,0.164277,0,1.50806
445,4.46,5.7825,0.531553,1.38561,1.35285,0.44936,-0.476635,1.43056,-0.429065,-0.139307,1.54457,0.94501,0.281836,-0.0228575,0.164322,0,1.5031
446,4.47,5.79605,0.535765,1.38073,1.35735,0.397824,-0.49714,1.43056,-0.429065,-0.139307,1.53265,0.940309,0.296685,-0.0269102,0.164539,0,1.49927
447,4.48,5.80965,0.539448,1.37564,1.36168,0.343897,-0.518996,1.43056,-0.429065,-0.139307,1.52056,0.936235,0.308737,-0.030045,0.165055,0,1.49727
448,4.49,5.82329,0.542582,1.37033,1.36594,0.288173,-0.542029,1.43056,-0.429065,-0.139307,1.50829,0.933024,0.317634,-0.032117,0.165963,0,1.49754
449,4.5,5.83698,0.545151,1.36478,1.37025,0.231086,-0.565738,1.4638,-0.298589,0.134634,1.49582,0.930803,0.323293,-0.0330735,0.167314,0,1.50035
450,4.51,5.8507,0.547138,1.359,1.37481,0.17213,-0.58842,1.4638,-0.298589,0.134634,1.48315,0.92958,0.325877,-0.0329414,0.169113,0,1.50531
451,4.52,5.86448,0.548522,1.353,1.37983,0.110795,-0.608459,1.4638,-0.298589,0.134634,1.47027,0.929265,0.325728,-0.0318123,0.171333,0,1.51209
452,4.53,5.87831,0.549282,1.34682,1.38542,0.047609,-0.625624,1.4638,-0.298589,0.134634,1.45716,0.92969,0.323333,-0.0298863,0.173894,0,1.52088
453,4.54,5.89219,0.549403,1.34049,1.39166,-0.0167167,-0.64003,1.4638,-0.298589,0.134634,1.44381,0.930672,0.319188,-0.0274597,0.176678,0,1.53188
454,4.55,5.90615,0.548878,1.33402,1.39857,-0.0816036,-0.651761,1.44532,-0.168605,-0.36416,1.4302,0.932063,0.313682,-0.0248245,0.17957,0,1.54514
455,4.56,5.92018,0.547708,1.32745,1.40602,-0.145728,-0.662041,1.44532,-0.168605,-0.36416,1.41634,0.933783,0.307004,-0.0221483,0.182504,0,1.56091
456,4.57,5.93428,0.545908,1.32077,1.41384,-0.207813,-0.672189,1.44532,-0.168605,-0.36416,1.40221,0.935806,0.299148,-0.0194415,0.185471,0,1.57923
457,4.58,5.94846,0.5435,1.31399,1.42197,-0.267549,-0.682251,1.44532,-0.168605,-0.36416,1.38783,0.938111,0.29008,-0.0166799,0.188474,0,1.5997
458,4.59,5.96273,0.540508,1.30711,1.43037,-0.32486,-0.691953,1.44532,-0.168605,-0.36416,1.3732,0.940656,0.279824,-0.0138679,0.1915,0,1.62182
459,4.6,5.97708,0.536956,1.30014,1.439,-0.37966,-0.701041,1.44374,-0.192857,-0.358369,1.35832,0.943392,0.268414,-0.0110154,0.194537,0,1.64509
460,4.61,5.99152,0.532871,1.29309,1.44782,-0.431851,-0.70929,1.44374,-0.192857,-0.358369,1.3432,0.946263,0.255903,-0.00814578,0.197568,0,1.66907
461,4.62,6.00604,0.528278,1.28595,1.4568,-0.481325,-0.716508,1.44374,-0.192857,-0.358369,1.32785,0.94921,0.242376,-0.00530424,0.200566,0,1.69332
462,4.63,6.02066,0.523206,1.27875,1.46587,-0.52799,-0.722505,1.44374,-0.192857,-0.358369,1.31228,0.952163,0.227958,-0.0025586,0.203503,0,1.71743
463,4.64,6.03537,0.517682,1.2715,1.47499,-0.571787,-0.727065,1.44374,-0.192857,-0.358369,1.29651,0.955052,0.212831,-8.42026e-06,0.206346,0,1.74103
464,4.65,6.05017,0.511737,1.26421,1.48409,-0.612696,-0.72996,1.44506,-0.2465,-0.317853,1.28054,0.957801,0.197247,0.00222296,0.209057,0,1.76373
465,4.66,6.06506,0.505398,1.25691,1.49309,-0.650815,-0.730772,1.44506,-0.2465,-0.317853,1.26439,0.960339,0.181545,0.00398637,0.211598,0,1.78519
466,4.67,6.08004,0.498692,1.24961,1.5019,-0.686253,-0.729159,1.44506,-0.2465,-0.317853,1.24806,0.962609,0.166117,0.00511009,0.213925,0,1.80508
467,4.68,6.09511,0.491646,1.24234,1.51038,-0.719074,-0.725069,1.44506,-0.2465,-0.317853,1.23159,0.964585,0.151276,0.00548518,0.216013,0,1.8232
468,4.69,6.11026,0.484287,1.23512,1.51838,-0.749369,-0.718539,1.44506,-0.2465,-0.317853,1.21497,0.966277,0.137171,0.00513834,0.217869,0,1.83938
469,4.7,6.12548,0.476638,1.22799,1.52575,-0.777221,-0.70968,1.45085,-0.348674,-0.153157,1.19822,0.967712,0.123798,0.00421768,0.219522,0,1.85355
470,4.71,6.14078,0.468722,1.22095,1.53244,-0.802918,-0.697722,1.45085,-0.348674,-0.153157,1.18137,0.968919,0.111109,0.00288647,0.221004,0,1.86544
471,4.72,6.15613,0.46056,1.21406,1.53839,-0.82669,-0.681808,1.45085,-0.348674,-0.153157,1.16442,0.969922,0.0990643,0.00127352,0.222341,0,1.87481
472,4.73,6.17155,0.452171,1.20735,1.54352,-0.848469,-0.662294,1.45085,-0.348674,-0.153157,1.14738,0.970748,0.0875669,-0.000442841,0.223562,0,1.88175
473,4.74,6.18701,0.443576,1.20085,1.54775,-0.86811,-0.639934,1.45085,-0.348674,-0.153157,1.13027,0.971423,0.0764501,-0.00203381,0.224696,0,1.88644
474,4.75,6.2025,0.434797,1.19459,1.55111,-0.88549,-0.615333,1.49497,-0.0827713,-0.0906328,1.11311,0.97197,0.0655339,-0.00329005,0.225764,0,1.88909
475,4.76,6.21803,0.425858,1.18858,1.55366,-0.900493,-0.588803,1.49497,-0.0827713,-0.0906328,1.09591,0.972412,0.05451,-0.00406198,0.226775,0,1.88982
476,4.77,6.23357,0.416782,1.18285,1.55547,-0.912907,-0.560735,1.49497,-0.0827713,-0.0906328,1.07868,0.972768,0.0429211,-0.00418077,0.227734,0,1.88873
477,4.78,6.24914,0.407598,1.1774,1.55667,-0.922409,-0.531684,1.49497,-0.0827713,-0.0906328,1.06143,0.97303,0.0304042,-0.00347919,0.228639,0,1.88593
478,4.79,6.26471,0.398337,1.17225,1.55738,-0.928648,-0.501991,1.49497,-0.0827713,-0.0906328,1.04417,0.973168,0.0168254,-0.00195045,0.229473,0,1.88144
479,4.8,6.28028,0.389033,1.16739,1.55774,-0.931291,-0.471847,1.49529,-0.118746,-0.000364669,1.02693,0.973136,0.00226391,0.000283334,0.230218,0,1.87524
480,4.81,6.29586,0.379723,1.16284,1.55784,-0.930057,-0.44108,1.49529,-0.118746,-0.000364669,1.00971,0.972895,-0.0130285,0.00300097,0.230862,0,1.8672
481,4.82,6.31144,0.370449,1.1586,1.55773,-0.92474,-0.409622,1.49529,-0.118746,-0.000364669,0.992515,0.972417,-0.0286649,0.00590785,0.231407,0,1.85727
482,4.83,6.32702,0.36125,1.15468,1.5574,-0.915278,-0.377901,1.49529,-0.118746,-0.000364669,0.975366,0.971705,-0.0441838,0.00874681,0.231864,0,1.84554
483,4.84,6.34259,0.352168,1.15108,1.55683,-0.90177,-0.346363,1.49529,-0.118746,-0.000364669,0.958271,0.97079,-0.0591331,0.0113125,0.232256,0,1.83218
484,4.85,6.35815,0.343243,1.14779,1.55597,-0.884453,-0.315293,1.49072,-0.166605,-0.00264997,0.941241,0.969725,-0.0731132,0.0134382,0.232608,0,1.81734
485,4.86,6.3737,0.33451,1.1448,1.55477,-0.863672,-0.284867,1.49072,-0.166605,-0.00264997,0.924284,0.968584,-0.0857586,0.0150083,0.232949,0,1.80122
486,4.87,6.38924,0.326002,1.14211,1.55316,-0.839882,-0.255259,1.49072,-0.166605,-0.00264997,0.907411,0.967448,-0.096745,0.0159608,0.233302,0,1.78406
487,4.88,6.40476,0.317745,1.13972,1.5511,-0.813602,-0.226526,1.49072,-0.166605,-0.00264997,0.890628,0.966399,-0.10583,0.0162917,0.233681,0,1.76612
488,4.89,6.42026,0.309763,1.13761,1.54856,-0.785373,-0.198577,1.49072,-0.166605,-0.00264997,0.873945,0.965509,-0.112848,0.0160499,0.234095,0,1.74765
489,4.9,6.43573,0.302071,1.13577,1.54552,-0.75576,-0.171286,1.4815,-0.221331,-0.0785078,0.857363,0.964833,-0.117691,0.0153209,0.234545,0,1.72891
490,4.91,6.45117,0.29468,1.13421,1.54202,-0.725376,-0.14469,1.4815,-0.221331,-0.0785078,0.840889,0.964412,-0.120298,0.014211,0.235025,0,1.71024
491,4.92,6.46657,0.287595,1.1329,1.53812,-0.694843,-0.118844,1.4815,-0.221331,-0.0785078,0.824522,0.964265,-0.120653,0.0128366,0.235523,0,1.69197
492,4.93,6.48192,0.280812,1.13185,1.53392,-0.664712,-0.0936022,1.4815,-0.221331,-0.0785078,0.808263,0.964389,-0.118821,0.0113252,0.236024,0,1.67437
493,4.94,6.49724,0.274327,1.13105,1.52951,-0.635472,-0.0687395,1.4815,-0.221331,-0.0785078,0.792106,0.964754,-0.114973,0.00982245,0.236503,0,1.65769
494,4.95,6.51251,0.268127,1.1305,1.52503,-0.607537,-0.0440325,1.43922,-0.401743,-0.131291,0.776048,0.965309,-0.109401,0.00849744,0.236934,0,1.64218
495,4.96,6.52774,0.262197,1.1302,1.52065,-0.581317,-0.0196509,1.43922,-0.401743,-0.131291,0.76008,0.965996,-0.102406,0.00747646,0.237295,0,1.62809
496,4.97,6.54292,0.256518,1.13013,1.51653,-0.55716,0.00410147,1.43922,-0.401743,-0.131291,0.744192,0.966766,-0.0942078,0.00676969,0.237576,0,1.61564
497,4.98,6.55806,0.251069,1.1303,1.51281,-0.535308,0.0270978,1.43922,-0.401743,-0.131291,0.728373,0.967569,-0.0850572,0.0063273,0.237771,0,1.60496
498,4.99,6.57317,0.245824,1.13069,1.5096,-0.515921,0.0491986,1.43922,-0.401743,-0.131291,0.712612,0.968354,-0.0752893,0.00609122,0.237875,0,1.59608
499,5,6.58825,0.24076,1.1313,1.50695,-0.499063,0.0702877,1.45228,-0.362566,-0.097075,0.696895,0.969079,-0.0652702,0.00598094,0.237886,0,1.589
500,5.01,6.60331,0.23585,1.13211,1.50488,-0.484697,0.0903177,1.45228,-0.362566,-0.097075,0.68121,0.969714,-0.05539,0.00591184,0.237805,0,1.58359
501,5.02,6.61835,0.231071,1.13312,1.50336,-0.472698,0.109259,1.45228,-0.362566,-0.097075,0.665546,0.970245,-0.0460524,0.00581683,0.237634,0,1.57971
502,5.03,6.63338,0.2264,1.13431,1.50233,-0.462861,0.127039,1.45228,-0.362566,-0.097075,0.649893,0.970672,-0.0376205,0.005636,0.237379,0,1.57714
503,5.04,6.6484,0.221816,1.13567,1.50169,-0.454917,0.143579,1.45228,-0.362566,-0.097075,0.634241,0.971009,-0.0303837,0.00531704,0.237045,0,1.57564
504,5.05,6.66341,0.217303,1.13719,1.50133,-0.44855,0.158806,1.45732,-0.318693,-0.157034,0.618586,0.971275,-0.0245494,0.0048278,0.23664,0,1.57493
505,5.06,6.67843,0.212846,1.13885,1.50113,-0.44342,0.17252,1.45732,-0.318693,-0.157034,0.602923,0.971491,-0.0202501,0.0041684,0.236171,0,1.57473
506,5.07,6.69344,0.208436,1.14064,1.50096,-0.439178,0.184442,1.45732,-0.318693,-0.157034,0.587251,0.971675,-0.0175486,0.00337745,0.235644,0,1.57474
507,5.08,6.70845,0.204065,1.14254,1.50073,-0.43547,0.194434,1.45732,-0.318693,-0.157034,0.571572,0.971838,-0.016411,0.0025173,0.235063,0,1.57469
508,5.09,6.72345,0.199729,1.14453,1.50035,-0.431973,0.202471,1.45732,-0.318693,-0.157034,0.55589,0.971988,-0.0166947,0.00166075,0.234432,0,1.57437
509,5.1,6.73845,0.195429,1.14659,1.49977,-0.428409,0.208572,1.47109,-0.289835,0.0434935,0.54021,0.972126,-0.0181681,0.00088781,0.233754,0,1.57364
510,5.11,6.75344,0.191166,1.1487,1.49897,-0.424542,0.213351,1.47109,-0.289835,0.0434935,0.524537,0.972252,-0.020551,0.00027129,0.233033,0,1.57247
511,5.12,6.76843,0.186944,1.15086,1.49794,-0.420165,0.21825,1.47109,-0.289835,0.0434935,0.508877,0.972368,-0.0233983,-0.000136685,0.232279,0,1.57098
512,5.13,6.7834,0.182769,1.15307,1.4967,-0.415193,0.224087,1.47109,-0.289835,0.0434935,0.493231,0.972485,-0.026009,-0.000317672,0.23151,0,1.5693
513,5.14,6.79836,0.178647,1.15535,1.49533,-0.409735,0.230587,1.47109,-0.289835,0.0434935,0.477601,0.972619,-0.0276867,-0.000302325,0.23075,0,1.56751
514,5.15,6.81331,0.174581,1.15769,1.49393,-0.404041,0.237263,1.47312,-0.272124,0.0766681,0.461986,0.972783,-0.0280002,-0.000151448,0.230019,0,1.56569
515,5.16,6.82824,0.170572,1.1601,1.49259,-0.398404,0.244026,1.47312,-0.272124,0.0766681,0.446386,0.97298,-0.0268265,8.15086e-05,0.229326,0,1.564
516,5.17,6.84316,0.166617,1.16258,1.49139,-0.393105,0.251157,1.47312,-0.272124,0.0766681,0.430799,0.973199,-0.0243125,0.000350997,0.228676,0,1.56264
517,5.18,6.85807,0.162713,1.16514,1.49038,-0.388383,0.258832,1.47312,-0.272124,0.0766681,0.41522,0.973423,-0.0207983,0.000599063,0.228069,0,1.56175
518,5.19,6.87297,0.158852,1.16777,1.4896,-0.384418,0.26697,1.47312,-0.272124,0.0766681,0.399646,0.973633,-0.0167246,0.000771706,0.227505,0,1.5614
519,5.2,6.88786,0.155025,1.17049,1.48905,-0.381302,0.275326,1.47926,-0.238136,0.0713686,0.38407,0.973817,-0.0125385,0.000853191,0.226988,0,1.56156
520,5.21,6.90275,0.151225,1.17328,1.48872,-0.379031,0.283648,1.47926,-0.238136,0.0713686,0.368486,0.973967,-0.00864982,0.00088461,0.226521,0,1.56218
521,5.22,6.91763,0.147444,1.17617,1.48856,-0.377515,0.291675,1.47926,-0.238136,0.0713686,0.352893,0.974086,-0.00540274,0.00093737,0.22611,0,1.56314
522,5.23,6.93252,0.143674,1.17912,1.48856,-0.376591,0.299215,1.47926,-0.238136,0.0713686,0.337287,0.974178,-0.00303304,0.00105984,0.225758,0,1.56434
