failure_id,control,success,collision,timeout,time_s,path_m,min_clearance_m,return_gamma99,progress_return,time_return,risk_return,terminal_return,undiscounted_return,negative_progress_ticks,next_value_at_end,bootstrap_return,initial_value,bank_sha256
f14-train-0000-sc9e0744d-w5e651fdf,actor,0,1,0,2.289998293,3.405143499,-0.0007508695126,-5.375177669,2.521499694,-0.3701763688,-1.164646134,-6.361854861,-9.123093389,5,-6.022595882,0,4.081879616,e2170fbe8e8c2d074ffb08de4269175a6de0bdcd410c3b60bd699ee7b5fc491e
f14-train-0000-sc9e0744d-w5e651fdf,route_teacher,1,0,0,12.25018501,13.33632088,0.03080865741,-0.6511915917,3.318928976,-0.9147640754,-3.916325427,0.8609689351,9.279457663,47,12.95886326,0,4.081879616,e2170fbe8e8c2d074ffb08de4269175a6de0bdcd410c3b60bd699ee7b5fc491e
f14-train-0000-sc9e0744d-w5e651fdf,scan_then_teacher,1,0,0,14.30023193,13.40804672,0.02824817598,-0.9321250348,2.207887568,-0.9435497779,-2.766667089,0.5702042635,8.426739587,52,9.075052261,0,4.081879616,e2170fbe8e8c2d074ffb08de4269175a6de0bdcd410c3b60bd699ee7b5fc491e
f14-train-0000-sc9e0744d-w5e651fdf,hover,0,0,1,20.0003624,0.1175993979,1.244623899,-0.9630118276,0.01903721899,-0.9820494467,4.00087454e-07,0,-3.980567843,45,-15.28689575,-0.2744082366,4.081879616,e2170fbe8e8c2d074ffb08de4269175a6de0bdcd410c3b60bd699ee7b5fc491e
f14-train-0001-se711ed68-w5e651fdf-mirror-y,actor,0,1,0,2.279998302,3.697394371,-0.003985852003,-5.191004172,2.622320521,-0.3701763688,-1.081293463,-6.361854861,-8.891025343,5,-8.211433411,0,2.939054489,e2170fbe8e8c2d074ffb08de4269175a6de0bdcd410c3b60bd699ee7b5fc491e
f14-train-0001-se711ed68-w5e651fdf-mirror-y,route_teacher,1,0,0,12.10018158,14.16566563,0.0203897059,-0.2372865239,3.336175661,-0.9121549908,-3.548630519,0.8873233252,11.73627514,50,14.16221809,0,2.939054012,e2170fbe8e8c2d074ffb08de4269175a6de0bdcd410c3b60bd699ee7b5fc491e
f14-train-0001-se711ed68-w5e651fdf-mirror-y,scan_then_teacher,1,0,0,13.95022392,14.69801044,0.02665820718,-0.2893072163,2.275347307,-0.9394353387,-2.23698344,0.6117642554,11.82787875,46,10.57497692,0,2.939054012,e2170fbe8e8c2d074ffb08de4269175a6de0bdcd410c3b60bd699ee7b5fc491e
f14-train-0001-se711ed68-w5e651fdf-mirror-y,hover,0,0,1,20.0003624,0.1175993979,1.244623899,-0.961442604,0.02060681145,-0.9820494467,3.126191488e-08,0,-3.978938013,42,-14.95069122,-0.2683731793,2.939054012,e2170fbe8e8c2d074ffb08de4269175a6de0bdcd410c3b60bd699ee7b5fc491e
f14-train-0002-s345b94b2-w5e651fdf,actor,0,1,0,2.889997721,3.999027014,-0.001563042402,-4.704655431,2.837209054,-0.4417338615,-1.461078719,-5.639051905,-9.394042809,5,-5.428752422,0,3.314240217,e2170fbe8e8c2d074ffb08de4269175a6de0bdcd410c3b60bd699ee7b5fc491e
f14-train-0002-s345b94b2-w5e651fdf,route_teacher,1,0,0,12.50019073,14.26082039,0.02563017607,-0.3942575413,3.378712028,-0.9189414838,-3.672800976,0.8187728905,11.02526603,52,11.76436329,0,3.314239979,e2170fbe8e8c2d074ffb08de4269175a6de0bdcd410c3b60bd699ee7b5fc491e
f14-train-0002-s345b94b2-w5e651fdf,scan_then_teacher,1,0,0,14.00022507,14.24368286,0.03260198236,-0.5192944973,2.307240422,-0.9400409853,-2.492140547,0.6056466128,11.28750901,69,8.185314178,0,3.314239979,e2170fbe8e8c2d074ffb08de4269175a6de0bdcd410c3b60bd699ee7b5fc491e
f14-train-0002-s345b94b2-w5e651fdf,hover,0,0,1,20.0003624,0.1175993979,1.244623899,-0.9606198134,0.0214295709,-0.9820494467,6.245281498e-08,0,-3.978409678,49,-15.94806957,-0.2862766725,3.314239979,e2170fbe8e8c2d074ffb08de4269175a6de0bdcd410c3b60bd699ee7b5fc491e
f14-train-0003-sccfc9bd5-w5e651fdf-mirror-y,actor,0,1,0,2.419998169,3.602100372,-0.007358044386,-4.412705066,3.031471965,-0.3888827605,-0.8823928617,-6.172901409,-8.142132902,0,-4.703654289,0,1.854701042,e2170fbe8e8c2d074ffb08de4269175a6de0bdcd410c3b60bd699ee7b5fc491e
f14-train-0003-sccfc9bd5-w5e651fdf-mirror-y,route_teacher,1,0,0,11.900177,14.2409544,0.01610614359,0.838035009,4.157717347,-0.9085515573,-3.334852424,0.9237216436,13.20827161,28,15.62644482,0,1.854701519,e2170fbe8e8c2d074ffb08de4269175a6de0bdcd410c3b60bd699ee7b5fc491e
f14-train-0003-sccfc9bd5-w5e651fdf-mirror-y,scan_then_teacher,1,0,0,14.1502285,14.82465076,0.01405233145,0.1680362488,2.683717384,-0.941821828,-2.16151761,0.5876583028,12.74684885,49,11.98205376,0,1.854701519,e2170fbe8e8c2d074ffb08de4269175a6de0bdcd410c3b60bd699ee7b5fc491e
f14-train-0003-sccfc9bd5-w5e651fdf-mirror-y,hover,0,0,1,20.0003624,0.1175993979,1.244623899,-0.969449704,0.01259970443,-0.9820494467,3.82677247e-08,0,-3.987156779,50,-15.51095295,-0.2784301873,1.854701519,e2170fbe8e8c2d074ffb08de4269175a6de0bdcd410c3b60bd699ee7b5fc491e
f14-train-0004-s5609e0f8-w5e651fdf,actor,0,1,0,2.44999814,3.650995255,-0.004881232977,-4.78979147,2.765466369,-0.3888827605,-0.9934736686,-6.172901409,-8.6263043,6,-4.290503979,0,2.94887042,e2170fbe8e8c2d074ffb08de4269175a6de0bdcd410c3b60bd699ee7b5fc491e
f14-train-0004-s5609e0f8-w5e651fdf,route_teacher,0,1,0,2.819997787,4.213287354,-0.004171475768,-5.147113404,1.470800254,-0.4360948095,-0.4858068236,-5.696012025,-9.518386883,0,6.13850975,0,2.948870897,e2170fbe8e8c2d074ffb08de4269175a6de0bdcd410c3b60bd699ee7b5fc491e
f14-train-0004-s5609e0f8-w5e651fdf,scan_then_teacher,0,1,0,4.620010853,4.228702068,-0.0002629607916,-3.903530686,1.006172148,-0.6072889716,-0.3356357979,-3.966778064,-9.875807622,12,2.27837491,0,2.948870897,e2170fbe8e8c2d074ffb08de4269175a6de0bdcd410c3b60bd699ee7b5fc491e
f14-train-0004-s5609e0f8-w5e651fdf,hover,0,0,1,20.0003624,0.1175993979,1.244623899,-0.9612072558,0.02084218341,-0.9820494467,7.502028308e-09,0,-3.978753954,44,-16.08857918,-0.2887988977,2.948870897,e2170fbe8e8c2d074ffb08de4269175a6de0bdcd410c3b60bd699ee7b5fc491e
f14-train-0005-sbe174559-w5e651fdf-mirror-y,actor,0,1,0,2.579998016,3.730589151,-0.002113431692,-4.984706413,2.386596429,-0.4070335536,-0.9747092236,-5.989560065,-9.087359733,4,-10.20034981,0,3.185990572,e2170fbe8e8c2d074ffb08de4269175a6de0bdcd410c3b60bd699ee7b5fc491e
f14-train-0005-sbe174559-w5e651fdf-mirror-y,route_teacher,1,0,0,13.00020218,14.56137657,0.03044810891,-1.241626377,2.929081888,-0.926692131,-3.98449966,0.7404835257,9.632398701,64,14.42266369,0,3.185991049,e2170fbe8e8c2d074ffb08de4269175a6de0bdcd410c3b60bd699ee7b5fc491e
f14-train-0005-sbe174559-w5e651fdf-mirror-y,scan_then_teacher,1,0,0,15.15025139,15.12076092,0.03735223413,-1.097910795,1.93160573,-0.9524156695,-2.557750658,0.4806498028,9.3353705,77,10.92170334,0,3.185991049,e2170fbe8e8c2d074ffb08de4269175a6de0bdcd410c3b60bd699ee7b5fc491e
f14-train-0005-sbe174559-w5e651fdf-mirror-y,hover,0,0,1,20.0003624,0.1175993979,1.244623899,-0.9689696144,0.01307946634,-0.9820494467,3.65957465e-07,0,-3.986643702,48,-14.66504097,-0.2632455992,3.185991049,e2170fbe8e8c2d074ffb08de4269175a6de0bdcd410c3b60bd699ee7b5fc491e
f14-train-0006-sb65b8c08-w5e651fdf,actor,0,1,0,3.279997349,3.570865631,-0.002458423376,-4.705216108,2.663630179,-0.4848628826,-1.680578178,-5.203405227,-10.10744855,5,-0.8003556132,0,4.193912983,e2170fbe8e8c2d074ffb08de4269175a6de0bdcd410c3b60bd699ee7b5fc491e
f14-train-0006-sb65b8c08-w5e651fdf,route_teacher,1,0,0,11.70017242,13.82850266,0.0003338307142,0.4048860325,3.801585977,-0.9048003096,-3.453512669,0.9616130339,12.35408669,39,14.21301365,0,4.193912506,e2170fbe8e8c2d074ffb08de4269175a6de0bdcd410c3b60bd699ee7b5fc491e
f14-train-0006-sb65b8c08-w5e651fdf,scan_then_teacher,1,0,0,13.50021362,13.92601013,0.01207627356,-0.03021272449,2.633705988,-0.9337016773,-2.399897062,0.6696800275,12.10581431,64,10.67489433,0,4.193912506,e2170fbe8e8c2d074ffb08de4269175a6de0bdcd410c3b60bd699ee7b5fc491e
f14-train-0006-sb65b8c08-w5e651fdf,hover,0,0,1,20.0003624,0.1175993979,1.244623899,-0.9697359605,0.01231345114,-0.9820494467,3.510587222e-08,0,-3.98756209,54,-15.23929787,-0.2735538282,4.193912506,e2170fbe8e8c2d074ffb08de4269175a6de0bdcd410c3b60bd699ee7b5fc491e
f14-train-0007-s22cc3997-w5e651fdf-mirror-y,actor,0,1,0,2.359998226,3.210063457,-0.002849549055,-4.883582304,2.51001976,-0.3827098591,-0.7756382563,-6.235253949,-8.581892061,0,-7.668230534,0,4.020076752,e2170fbe8e8c2d074ffb08de4269175a6de0bdcd410c3b60bd699ee7b5fc491e
f14-train-0007-s22cc3997-w5e651fdf-mirror-y,route_teacher,1,0,0,11.85017586,13.98012447,0.02240148187,-0.5059430681,3.059824775,-0.9076278356,-3.591192172,0.9330521652,11.17804761,60,15.11912537,0,4.020076752,e2170fbe8e8c2d074ffb08de4269175a6de0bdcd410c3b60bd699ee7b5fc491e
f14-train-0007-s22cc3997-w5e651fdf-mirror-y,scan_then_teacher,1,0,0,14.10022736,14.60646439,0.02625194192,-0.6619381692,1.99125301,-0.9412341697,-2.305551255,0.5935942452,10.81560815,61,11.50729942,0,4.020076752,e2170fbe8e8c2d074ffb08de4269175a6de0bdcd410c3b60bd699ee7b5fc491e
f14-train-0007-s22cc3997-w5e651fdf-mirror-y,hover,0,0,1,20.0003624,0.1175993979,1.244623899,-0.9700621992,0.01198818286,-0.9820494467,-9.353380253e-07,0,-3.98766318,50,-14.13927841,-0.2538078704,4.020076752,e2170fbe8e8c2d074ffb08de4269175a6de0bdcd410c3b60bd699ee7b5fc491e
f14-train-0008-s0fda7ee7-w5e651fdf,actor,0,1,0,2.389998198,3.863403797,-0.006809562445,-5.381169059,2.606422174,-0.3827098591,-1.369627424,-6.235253949,-9.307529706,9,-5.99340868,0,3.520415545,e2170fbe8e8c2d074ffb08de4269175a6de0bdcd410c3b60bd699ee7b5fc491e
f14-train-0008-s0fda7ee7-w5e651fdf,route_teacher,1,0,0,12.40018845,14.01308441,0.0244345665,-0.2855588962,3.597509365,-0.9172956676,-3.801169891,0.8353972967,10.52717878,45,12.74667549,0,3.520415783,e2170fbe8e8c2d074ffb08de4269175a6de0bdcd410c3b60bd699ee7b5fc491e
f14-train-0008-s0fda7ee7-w5e651fdf,scan_then_teacher,1,0,0,13.7002182,13.84393501,0.03047266603,-0.2661133496,2.57675928,-0.9363140957,-2.549850496,0.6432919624,11.20450672,56,9.447515488,0,3.520415783,e2170fbe8e8c2d074ffb08de4269175a6de0bdcd410c3b60bd699ee7b5fc491e
f14-train-0008-s0fda7ee7-w5e651fdf,hover,0,0,1,20.0003624,0.1175993979,1.244623899,-0.9608623752,0.02118701478,-0.9820494467,5.679407455e-08,0,-3.978495508,47,-15.7660408,-0.2830091554,3.520415783,e2170fbe8e8c2d074ffb08de4269175a6de0bdcd410c3b60bd699ee7b5fc491e
f14-train-0009-s3c963467-w5e651fdf-mirror-y,actor,0,1,0,2.369998217,3.508742332,-0.002067893744,-5.119765187,2.606917013,-0.3827098591,-1.108718392,-6.235253949,-8.960438406,6,-5.328239918,0,2.864757061,e2170fbe8e8c2d074ffb08de4269175a6de0bdcd410c3b60bd699ee7b5fc491e
f14-train-0009-s3c963467-w5e651fdf-mirror-y,route_teacher,1,0,0,11.85017586,14.26743984,0.001889184117,0.3074135616,3.619897326,-0.9076278356,-3.337908094,0.9330521652,12.74140511,42,14.48633289,0,2.864756346,e2170fbe8e8c2d074ffb08de4269175a6de0bdcd410c3b60bd699ee7b5fc491e
f14-train-0009-s3c963467-w5e651fdf-mirror-y,scan_then_teacher,0,1,0,5.130022526,4.891793728,-0.0005955398083,-4.290918582,0.3456449659,-0.6448391853,-0.4042413858,-3.587482977,-11.52141502,24,-6.272191525,0,2.864756346,e2170fbe8e8c2d074ffb08de4269175a6de0bdcd410c3b60bd699ee7b5fc491e
f14-train-0009-s3c963467-w5e651fdf-mirror-y,hover,0,0,1,20.0003624,0.1175993979,1.244623899,-0.9617259639,0.02032342961,-0.9820494467,5.317706529e-08,0,-3.97924605,45,-15.03605461,-0.2699054993,2.864756346,e2170fbe8e8c2d074ffb08de4269175a6de0bdcd410c3b60bd699ee7b5fc491e
f14-train-0010-sf713e66a-w5e651fdf,actor,0,1,0,3.539997101,4.296432495,-0.004607528448,-4.387268503,2.946768378,-0.510109727,-1.875540558,-4.948386596,-10.29596721,18,2.277940512,0,3.125415564,e2170fbe8e8c2d074ffb08de4269175a6de0bdcd410c3b60bd699ee7b5fc491e
f14-train-0010-sf713e66a-w5e651fdf,route_teacher,1,0,0,13.45021248,14.34297085,0.02850809693,-1.08709449,3.106669552,-0.9330319973,-3.937176517,0.6764444722,8.9843948,50,12.58310699,0,3.125415087,e2170fbe8e8c2d074ffb08de4269175a6de0bdcd410c3b60bd699ee7b5fc491e
f14-train-0010-sf713e66a-w5e651fdf,scan_then_teacher,1,0,0,15.10025024,14.44673252,0.02959267795,-1.057312107,2.104767168,-0.9519350197,-2.695649106,0.4855048513,9.09102481,85,9.208720207,0,3.125415087,e2170fbe8e8c2d074ffb08de4269175a6de0bdcd410c3b60bd699ee7b5fc491e
f14-train-0010-sf713e66a-w5e651fdf,hover,0,0,1,20.0003624,0.1175993979,1.244623899,-0.9700166868,0.01203274133,-0.9820494467,1.85532401e-08,0,-3.987853914,54,-15.86253738,-0.2847413224,3.125415087,e2170fbe8e8c2d074ffb08de4269175a6de0bdcd410c3b60bd699ee7b5fc491e
f14-train-0011-s2ea07b14-w5e651fdf-mirror-y,actor,0,1,0,2.379998207,3.647480726,-0.004599779844,-4.420390425,3.000174907,-0.3827098591,-0.8026015235,-6.235253949,-8.049151542,0,-4.46728611,0,1.731337667,e2170fbe8e8c2d074ffb08de4269175a6de0bdcd410c3b60bd699ee7b5fc491e
f14-train-0011-s2ea07b14-w5e651fdf-mirror-y,route_teacher,1,0,0,12.95020103,14.48943806,0.0307213366,-0.602971723,3.372559632,-0.9259516474,-3.797542865,0.7479631573,10.47412459,52,13.65392113,0,1.731337905,e2170fbe8e8c2d074ffb08de4269175a6de0bdcd410c3b60bd699ee7b5fc491e
f14-train-0011-s2ea07b14-w5e651fdf-mirror-y,scan_then_teacher,1,0,0,15.45025826,15.1839695,0.03103470802,-0.9131234695,2.074636102,-0.9552002974,-2.485081522,0.4525222481,9.47994453,66,9.599330902,0,1.731337905,e2170fbe8e8c2d074ffb08de4269175a6de0bdcd410c3b60bd699ee7b5fc491e
f14-train-0011-s2ea07b14-w5e651fdf-mirror-y,hover,0,0,1,20.0003624,0.1175993979,1.244623899,-0.9626521007,0.01939771532,-0.9820494467,-3.693208399e-07,0,-3.980247408,45,-15.6259594,-0.2804946166,1.731337905,e2170fbe8e8c2d074ffb08de4269175a6de0bdcd410c3b60bd699ee7b5fc491e
f14-train-0012-sd6b795ef-w5e651fdf,actor,0,1,0,2.549998045,3.652904034,-0.005981653929,-4.457977461,2.92781348,-0.4010439935,-0.9346862761,-6.050060671,-8.338862602,7,-2.721637249,0,3.088957071,e2170fbe8e8c2d074ffb08de4269175a6de0bdcd410c3b60bd699ee7b5fc491e
f14-train-0012-sd6b795ef-w5e651fdf,route_teacher,1,0,0,11.70017242,13.65868568,0.01140731573,0.757316695,4.156086415,-0.9048003096,-3.455582445,0.9616130339,12.44210239,18,14.02636814,0,3.088956594,e2170fbe8e8c2d074ffb08de4269175a6de0bdcd410c3b60bd699ee7b5fc491e
f14-train-0012-sd6b795ef-w5e651fdf,scan_then_teacher,1,0,0,13.50021362,13.72002506,0.02286787331,0.2089055703,2.866713492,-0.9337016773,-2.393786271,0.6696800275,12.19176226,45,10.40762997,0,3.088956594,e2170fbe8e8c2d074ffb08de4269175a6de0bdcd410c3b60bd699ee7b5fc491e
f14-train-0012-sd6b795ef-w5e651fdf,hover,0,0,1,20.0003624,0.1175993979,1.244623899,-0.9646704173,0.01737896738,-0.9820494467,6.202890908e-08,0,-3.982341677,49,-15.95621109,-0.2864228172,3.088956594,e2170fbe8e8c2d074ffb08de4269175a6de0bdcd410c3b60bd699ee7b5fc491e
f14-train-0013-scd348475-w5e651fdf-mirror-y,actor,0,1,0,3.259997368,4.150485516,-0.002698630095,-4.96423247,2.703531258,-0.4848628826,-1.979495619,-5.203405227,-10.5181353,8,-5.689542294,0,3.740074635,e2170fbe8e8c2d074ffb08de4269175a6de0bdcd410c3b60bd699ee7b5fc491e
f14-train-0013-scd348475-w5e651fdf-mirror-y,route_teacher,1,0,0,12.25018501,13.52800465,0.03550925851,-0.3813723211,3.52691803,-0.9147640754,-3.85449521,0.8609689351,9.845342827,44,14.29158497,0,3.740074635,e2170fbe8e8c2d074ffb08de4269175a6de0bdcd410c3b60bd699ee7b5fc491e
f14-train-0013-scd348475-w5e651fdf-mirror-y,scan_then_teacher,1,0,0,14.80024338,14.22250366,0.03209201992,-0.7716110274,2.18246517,-0.948947431,-2.520811281,0.515682515,8.850677841,85,10.29472923,0,3.740074635,e2170fbe8e8c2d074ffb08de4269175a6de0bdcd410c3b60bd699ee7b5fc491e
f14-train-0013-scd348475-w5e651fdf-mirror-y,hover,0,0,1,20.0003624,0.1175993979,1.244623899,-0.9692411999,0.01280856658,-0.9820494467,-3.197481122e-07,0,-3.987110049,53,-14.37787819,-0.2580908684,3.740074635,e2170fbe8e8c2d074ffb08de4269175a6de0bdcd410c3b60bd699ee7b5fc491e
f14-train-0014-s3bbbdd44-w5e651fdf,actor,0,1,0,2.369998217,2.76551342,-0.003509014845,-4.679636236,2.774109807,-0.3827098591,-0.8357822355,-6.235253949,-8.34579341,0,-3.931090832,0,4.385298252,e2170fbe8e8c2d074ffb08de4269175a6de0bdcd410c3b60bd699ee7b5fc491e
f14-train-0014-s3bbbdd44-w5e651fdf,route_teacher,0,1,0,2.819997787,4.217852592,-0.00411708653,-5.465000674,1.149780334,-0.4360948095,-0.4826741741,-5.696012025,-9.940187281,8,7.253158569,0,4.385298252,e2170fbe8e8c2d074ffb08de4269175a6de0bdcd410c3b60bd699ee7b5fc491e
f14-train-0014-s3bbbdd44-w5e651fdf,scan_then_teacher,0,1,0,4.630011082,4.239969254,-0.0006246715784,-4.127766455,0.7765060315,-0.6072889716,-0.3302054502,-3.966778064,-10.2906251,32,3.197611332,0,4.385298252,e2170fbe8e8c2d074ffb08de4269175a6de0bdcd410c3b60bd699ee7b5fc491e
f14-train-0014-s3bbbdd44-w5e651fdf,hover,0,0,1,20.0003624,0.1175993979,1.244623899,-0.9686683494,0.01338111068,-0.9820494467,-1.340556196e-08,0,-3.986412913,50,-15.1022377,-0.2710935224,4.385298252,e2170fbe8e8c2d074ffb08de4269175a6de0bdcd410c3b60bd699ee7b5fc491e
f14-train-0015-s681595b0-w5e651fdf-mirror-y,actor,0,1,0,2.779997826,3.069813251,-0.0006714761257,-5.830382334,2.400595874,-0.4303987975,-2.04703191,-5.7535475,-10.77340847,9,1.382286072,0,4.243456841,e2170fbe8e8c2d074ffb08de4269175a6de0bdcd410c3b60bd699ee7b5fc491e
f14-train-0015-s681595b0-w5e651fdf-mirror-y,route_teacher,1,0,0,11.30016327,13.29329395,0.007325813174,0.595964223,3.926215065,-0.8968298697,-3.4755435,1.042122528,11.93480325,36,14.62025547,0,4.243456364,e2170fbe8e8c2d074ffb08de4269175a6de0bdcd410c3b60bd699ee7b5fc491e
f14-train-0015-s681595b0-w5e651fdf-mirror-y,scan_then_teacher,1,0,0,13.45021248,13.7706356,0.01063297689,0.02344218999,2.543332019,-0.9330319973,-2.263302304,0.6764444722,11.51509137,64,10.72403336,0,4.243456364,e2170fbe8e8c2d074ffb08de4269175a6de0bdcd410c3b60bd699ee7b5fc491e
f14-train-0015-s681595b0-w5e651fdf-mirror-y,hover,0,0,1,20.0003624,0.1175993979,1.244623899,-0.9646526413,0.01739680137,-0.9820494467,4.084309646e-09,0,-3.982445627,49,-14.23695564,-0.2555612307,4.243456364,e2170fbe8e8c2d074ffb08de4269175a6de0bdcd410c3b60bd699ee7b5fc491e
f14-train-0016-sc508a57b-w5e651fdf,actor,0,1,0,2.909997702,3.941892862,-0.0007734000683,-5.36235773,2.598683258,-0.4473165228,-1.931063079,-5.582661385,-10.40787113,12,1.326619148,0,4.583472729,e2170fbe8e8c2d074ffb08de4269175a6de0bdcd410c3b60bd699ee7b5fc491e
f14-train-0016-sc508a57b-w5e651fdf,route_teacher,1,0,0,11.95017815,13.94358349,0.01643927395,-0.4160653878,3.151221296,-0.9094660417,-3.572305069,0.9144844271,11.22831193,51,12.20816135,0,4.583473682,e2170fbe8e8c2d074ffb08de4269175a6de0bdcd410c3b60bd699ee7b5fc491e
f14-train-0016-sc508a57b-w5e651fdf,scan_then_teacher,1,0,0,13.60021591,13.91477394,0.02436485887,-0.5652441373,2.19677213,-0.9350210139,-2.483348649,0.6563533949,11.03714169,70,8.42612648,0,4.583473682,e2170fbe8e8c2d074ffb08de4269175a6de0bdcd410c3b60bd699ee7b5fc491e
f14-train-0016-sc508a57b-w5e651fdf,hover,0,0,1,20.0003624,0.1175993979,1.244623899,-0.9614387427,0.02061071197,-0.9820494467,-7.931274809e-09,0,-3.979226977,48,-15.13669205,-0.271711997,4.583473682,e2170fbe8e8c2d074ffb08de4269175a6de0bdcd410c3b60bd699ee7b5fc491e
f14-train-0017-sfc295b5e-w5e651fdf-mirror-y,actor,0,1,0,2.579998016,3.781915188,-0.00295946002,-4.417505941,2.998243112,-0.4070335536,-1.019155434,-5.989560065,-8.402898391,3,-2.349078894,0,1.580619931,e2170fbe8e8c2d074ffb08de4269175a6de0bdcd410c3b60bd699ee7b5fc491e
f14-train-0017-sfc295b5e-w5e651fdf-mirror-y,route_teacher,1,0,0,11.900177,14.14467525,0.01834240556,0.8926964416,4.253372418,-0.9085515573,-3.375846063,0.9237216436,13.08247018,23,14.33432007,0,1.580620646,e2170fbe8e8c2d074ffb08de4269175a6de0bdcd410c3b60bd699ee7b5fc491e
f14-train-0017-sfc295b5e-w5e651fdf-mirror-y,scan_then_teacher,1,0,0,14.10022736,14.67607498,0.02235682309,0.211653675,2.747066649,-0.9412341697,-2.18777305,0.5935942452,12.64116306,47,10.46994877,0,1.580620646,e2170fbe8e8c2d074ffb08de4269175a6de0bdcd410c3b60bd699ee7b5fc491e
f14-train-0017-sfc295b5e-w5e651fdf-mirror-y,hover,0,0,1,20.0003624,0.1175993979,1.244623899,-0.9610037573,0.02104567702,-0.9820494467,1.242785923e-08,0,-3.978635699,46,-15.83097649,-0.2841747868,1.580620646,e2170fbe8e8c2d074ffb08de4269175a6de0bdcd410c3b60bd699ee7b5fc491e
f14-train-0018-sa74a5785-w5e651fdf,actor,0,1,0,3.149997473,3.455948591,-0.002662748098,-4.635854239,2.698499735,-0.469094457,-1.502577265,-5.362682252,-9.699248598,8,-4.216149807,0,3.975218773,e2170fbe8e8c2d074ffb08de4269175a6de0bdcd410c3b60bd699ee7b5fc491e
f14-train-0018-sa74a5785-w5e651fdf,route_teacher,0,1,0,3.069997549,4.323557377,-0.0005171597004,-5.656516286,0.8908380574,-0.4637317748,-0.6667718086,-5.41685076,-10.70020301,16,4.383217812,0,3.975219011,e2170fbe8e8c2d074ffb08de4269175a6de0bdcd410c3b60bd699ee7b5fc491e
f14-train-0018-sa74a5785-w5e651fdf,scan_then_teacher,1,0,0,13.40021133,13.74664402,0.01169264317,0.1195642575,2.748333281,-0.9323555528,-2.379690715,0.6832772446,12.26848635,54,10.76051235,0,3.975219011,e2170fbe8e8c2d074ffb08de4269175a6de0bdcd410c3b60bd699ee7b5fc491e
f14-train-0018-sa74a5785-w5e651fdf,hover,0,0,1,20.0003624,0.1175993979,1.244623899,-0.9681371245,0.0139123176,-0.9820494467,4.6328288e-09,0,-3.985900789,51,-15.38252354,-0.2761248082,3.975219011,e2170fbe8e8c2d074ffb08de4269175a6de0bdcd410c3b60bd699ee7b5fc491e
f14-train-0019-sb699c7ac-w5e651fdf-mirror-y,actor,0,1,0,2.859997749,3.640277624,-0.001211374998,-4.562669142,2.947699918,-0.4417338615,-1.429583294,-5.639051905,-9.196235037,6,-3.827260971,0,2.45511198,e2170fbe8e8c2d074ffb08de4269175a6de0bdcd410c3b60bd699ee7b5fc491e
f14-train-0019-sb699c7ac-w5e651fdf-mirror-y,route_teacher,1,0,0,12.55019188,13.75035,0.02943101525,-0.1971350466,3.74927332,-0.919752069,-3.837241459,0.8105851616,10.06312856,35,13.22919941,0,2.45511198,e2170fbe8e8c2d074ffb08de4269175a6de0bdcd410c3b60bd699ee7b5fc491e
f14-train-0019-sb699c7ac-w5e651fdf-mirror-y,scan_then_teacher,1,0,0,14.90024567,14.38040257,0.03511166573,-0.5715059828,2.360169035,-0.9499633771,-2.487132074,0.505420433,9.361874716,67,9.074601173,0,2.45511198,e2170fbe8e8c2d074ffb08de4269175a6de0bdcd410c3b60bd699ee7b5fc491e
f14-train-0019-sb699c7ac-w5e651fdf-mirror-y,hover,0,0,1,20.0003624,0.1175993979,1.244623899,-0.9616426601,0.02040674544,-0.9820494467,4.114225524e-08,0,-3.979410082,49,-15.24845314,-0.2737181705,2.45511198,e2170fbe8e8c2d074ffb08de4269175a6de0bdcd410c3b60bd699ee7b5fc491e
f14-train-0020-s8485cc43-w5e651fdf,actor,0,1,0,2.819997787,3.671452284,-0.005175679922,-4.735116027,2.822809972,-0.4360948095,-1.425819165,-5.696012025,-9.345101349,4,-3.473608732,0,3.806835413,e2170fbe8e8c2d074ffb08de4269175a6de0bdcd410c3b60bd699ee7b5fc491e
f14-train-0020-s8485cc43-w5e651fdf,route_teacher,1,0,0,11.900177,14.0693388,0.01188281178,0.008506750065,3.441495207,-0.9085515573,-3.448158543,0.9237216436,12.11327449,42,12.43070412,0,3.806836128,e2170fbe8e8c2d074ffb08de4269175a6de0bdcd410c3b60bd699ee7b5fc491e
f14-train-0020-s8485cc43-w5e651fdf,scan_then_teacher,1,0,0,13.80022049,14.16050434,0.02339200675,-0.4140044767,2.314206054,-0.9375814452,-2.421119538,0.6304904523,11.59739202,67,8.540842056,0,3.806836128,e2170fbe8e8c2d074ffb08de4269175a6de0bdcd410c3b60bd699ee7b5fc491e
f14-train-0020-s8485cc43-w5e651fdf,hover,0,0,1,20.0003624,0.1175993979,1.244623899,-0.9625550838,0.01949434303,-0.9820494467,1.988686131e-08,0,-3.980386645,50,-15.61620235,-0.2803194723,3.806836128,e2170fbe8e8c2d074ffb08de4269175a6de0bdcd410c3b60bd699ee7b5fc491e
f14-train-0021-s5065d709-w5e651fdf-mirror-y,actor,0,1,0,3.52999711,4.590183258,-0.002509325743,-4.737033815,2.697403797,-0.510109727,-1.975941289,-4.948386596,-10.75313687,14,-0.6067835093,0,3.090371609,e2170fbe8e8c2d074ffb08de4269175a6de0bdcd410c3b60bd699ee7b5fc491e
f14-train-0021-s5065d709-w5e651fdf-mirror-y,route_teacher,1,0,0,11.85017586,13.85974216,0.01962533593,0.2724066082,3.773421437,-0.9076278356,-3.526439159,0.9330521652,11.92017149,40,15.22156811,0,3.090371609,e2170fbe8e8c2d074ffb08de4269175a6de0bdcd410c3b60bd699ee7b5fc491e
f14-train-0021-s5065d709-w5e651fdf-mirror-y,scan_then_teacher,1,0,0,14.1502285,14.51469994,0.02662856877,-0.2424084571,2.404367806,-0.941821828,-2.292612738,0.5876583028,11.41784141,60,11.4947958,0,3.090371609,e2170fbe8e8c2d074ffb08de4269175a6de0bdcd410c3b60bd699ee7b5fc491e
f14-train-0021-s5065d709-w5e651fdf-mirror-y,hover,0,0,1,20.0003624,0.1175993979,1.244623899,-0.9692435946,0.01280584557,-0.9820494467,6.540389949e-09,0,-3.986974627,51,-14.77459812,-0.2652122107,3.090371609,e2170fbe8e8c2d074ffb08de4269175a6de0bdcd410c3b60bd699ee7b5fc491e
f14-train-0022-sf17f3141-w5e651fdf,actor,0,1,0,2.349998236,3.771288157,-0.006351917982,-4.935832818,2.712618402,-0.3764746051,-0.9737403026,-6.298236312,-8.621730799,6,-5.562928677,0,2.639321089,e2170fbe8e8c2d074ffb08de4269175a6de0bdcd410c3b60bd699ee7b5fc491e
f14-train-0022-sf17f3141-w5e651fdf,route_teacher,1,0,0,12.40018845,13.81468582,0.02766284347,0.04539100728,3.956363836,-0.9172956676,-3.829074458,0.8353972967,10.62323677,19,13.33111191,0,2.639321804,e2170fbe8e8c2d074ffb08de4269175a6de0bdcd410c3b60bd699ee7b5fc491e
f14-train-0022-sf17f3141-w5e651fdf,scan_then_teacher,1,0,0,14.25023079,13.93463898,0.02924820781,-0.3929365973,2.640320864,-0.9429795736,-2.66624179,0.5759639026,10.29489998,47,9.654528618,0,2.639321804,e2170fbe8e8c2d074ffb08de4269175a6de0bdcd410c3b60bd699ee7b5fc491e
f14-train-0022-sf17f3141-w5e651fdf,hover,0,0,1,20.0003624,0.1175993979,1.244623899,-0.9611058096,0.02094359402,-0.9820494467,4.312657034e-08,0,-3.978647143,43,-16.25290298,-0.2917486009,2.639321804,e2170fbe8e8c2d074ffb08de4269175a6de0bdcd410c3b60bd699ee7b5fc491e
f14-train-0023-s855dd9f0-w5e651fdf-mirror-y,actor,0,1,0,2.569998026,3.764888287,-0.004107683897,-4.218922082,3.027735554,-0.4070335536,-0.8500640181,-5.989560065,-8.108924373,5,-3.343450546,0,1.544470429,e2170fbe8e8c2d074ffb08de4269175a6de0bdcd410c3b60bd699ee7b5fc491e
f14-train-0023-s855dd9f0-w5e651fdf-mirror-y,route_teacher,0,1,0,3.059997559,4.357596874,-0.0003844052553,-5.28173225,1.209300914,-0.4637317748,-0.61045063,-5.41685076,-10.16767772,3,-7.964509964,0,1.544471145,e2170fbe8e8c2d074ffb08de4269175a6de0bdcd410c3b60bd699ee7b5fc491e
f14-train-0023-s855dd9f0-w5e651fdf-mirror-y,scan_then_teacher,0,1,0,5.250025272,5.036175728,-0.0002792924643,-3.739313494,0.8005936028,-0.6519068855,-0.3719081454,-3.516092066,-10.53602343,27,-6.521714211,0,1.544471145,e2170fbe8e8c2d074ffb08de4269175a6de0bdcd410c3b60bd699ee7b5fc491e
f14-train-0023-s855dd9f0-w5e651fdf-mirror-y,hover,0,0,1,20.0003624,0.1175993979,1.244623899,-0.9609979981,0.02105141059,-0.9820494467,3.804210698e-08,0,-3.978625208,46,-15.86860752,-0.2848502847,1.544471145,e2170fbe8e8c2d074ffb08de4269175a6de0bdcd410c3b60bd699ee7b5fc491e
f14-train-0024-sa5899870-w5e651fdf,actor,0,1,0,2.889997721,4.038133144,-0.001221388578,-5.302993829,2.42110492,-0.4417338615,-1.643312983,-5.639051905,-10.12842668,6,-4.967291832,0,4.552601337,e2170fbe8e8c2d074ffb08de4269175a6de0bdcd410c3b60bd699ee7b5fc491e
f14-train-0024-sa5899870-w5e651fdf,route_teacher,1,0,0,12.15018272,13.97290325,0.03349480033,-0.5693827055,3.241364207,-0.9130334409,-3.776163563,0.8784500919,10.70443164,44,13.40278625,0,4.552601814,e2170fbe8e8c2d074ffb08de4269175a6de0bdcd410c3b60bd699ee7b5fc491e
f14-train-0024-sa5899870-w5e651fdf,scan_then_teacher,1,0,0,14.1502285,14.05861092,0.03299640119,-0.8797424288,2.144359896,-0.941821828,-2.669938799,0.5876583028,10.03758279,83,9.594181061,0,4.552601814,e2170fbe8e8c2d074ffb08de4269175a6de0bdcd410c3b60bd699ee7b5fc491e
f14-train-0024-sa5899870-w5e651fdf,hover,0,0,1,20.0003624,0.1175993979,1.244623899,-0.9679168098,0.01413280883,-0.9820494467,-1.718719033e-07,0,-3.985729128,58,-15.05005932,-0.2701568916,4.552601814,e2170fbe8e8c2d074ffb08de4269175a6de0bdcd410c3b60bd699ee7b5fc491e
f14-train-0025-s3d64aa57-w5e651fdf-mirror-y,actor,0,1,0,2.669997931,3.412106752,-0.00304839015,-5.283892377,2.474090308,-0.4188335859,-1.46878128,-5.870367819,-9.708117986,10,-2.417426348,0,4.082709789,e2170fbe8e8c2d074ffb08de4269175a6de0bdcd410c3b60bd699ee7b5fc491e
f14-train-0025-s3d64aa57-w5e651fdf-mirror-y,route_teacher,1,0,0,11.75017357,13.38531399,0.02390232682,-0.1347474409,3.586589585,-0.9057523065,-3.767581623,0.9519969036,10.47144476,47,14.08956242,0,4.082709789,e2170fbe8e8c2d074ffb08de4269175a6de0bdcd410c3b60bd699ee7b5fc491e
f14-train-0025-s3d64aa57-w5e651fdf-mirror-y,scan_then_teacher,1,0,0,14.25023079,14.02923107,0.03190495074,-0.6231913292,2.223973779,-0.9429795736,-2.480149437,0.5759639026,9.525626737,72,9.964387894,0,4.082709789,e2170fbe8e8c2d074ffb08de4269175a6de0bdcd410c3b60bd699ee7b5fc491e
f14-train-0025-s3d64aa57-w5e651fdf-mirror-y,hover,0,0,1,20.0003624,0.1175993979,1.244623899,-0.9647707793,0.01727962563,-0.9820494467,-9.581550033e-07,0,-3.982556254,48,-14.25502682,-0.2558856183,4.082709789,e2170fbe8e8c2d074ffb08de4269175a6de0bdcd410c3b60bd699ee7b5fc491e
f14-train-0026-s0e4973b9-w5e651fdf,actor,0,1,0,2.369998217,2.718159676,-0.004330724478,-4.682285299,2.809441828,-0.3827098591,-0.873763319,-6.235253949,-8.362277297,0,-3.913269281,0,4.087001801,e2170fbe8e8c2d074ffb08de4269175a6de0bdcd410c3b60bd699ee7b5fc491e
f14-train-0026-s0e4973b9-w5e651fdf,route_teacher,0,1,0,2.819997787,4.223380566,-0.001735985279,-5.398579821,1.208693318,-0.4360948095,-0.4751663041,-5.696012025,-9.846109905,6,7.317352295,0,4.087001324,e2170fbe8e8c2d074ffb08de4269175a6de0bdcd410c3b60bd699ee7b5fc491e
f14-train-0026-s0e4973b9-w5e651fdf,scan_then_teacher,0,1,0,4.630011082,4.246213436,-0.0007065981627,-4.081009578,0.8201188478,-0.6072889716,-0.3270613894,-3.966778064,-10.1949628,29,3.119517326,0,4.087001324,e2170fbe8e8c2d074ffb08de4269175a6de0bdcd410c3b60bd699ee7b5fc491e
f14-train-0026-s0e4973b9-w5e651fdf,hover,0,0,1,20.0003624,0.1175993979,1.244623899,-0.96883618,0.01321322446,-0.9820494467,4.222437965e-08,0,-3.986581713,51,-15.28958988,-0.2744565977,4.087001324,e2170fbe8e8c2d074ffb08de4269175a6de0bdcd410c3b60bd699ee7b5fc491e
f14-train-0027-sdb87f86f-w5e651fdf-mirror-y,actor,0,1,0,2.479998112,3.709759712,-0.0003218352795,-4.38908716,2.920537649,-0.3949939329,-0.8034584806,-6.111172395,-8.172265678,5,-8.541484833,0,2.034306049,e2170fbe8e8c2d074ffb08de4269175a6de0bdcd410c3b60bd699ee7b5fc491e
f14-train-0027-sdb87f86f-w5e651fdf-mirror-y,route_teacher,0,1,0,2.87999773,4.266104698,-0.002133712173,-5.650210317,0.9169947375,-0.4417338615,-0.4864192883,-5.639051905,-10.25294067,16,-7.03345108,0,2.034306526,e2170fbe8e8c2d074ffb08de4269175a6de0bdcd410c3b60bd699ee7b5fc491e
f14-train-0027-sdb87f86f-w5e651fdf-mirror-y,scan_then_teacher,0,1,0,5.040020466,4.921654224,-0.00159098208,-3.975217452,0.6149784399,-0.6376279821,-0.2922444968,-3.660323413,-10.6245485,20,-5.109766006,0,2.034306526,e2170fbe8e8c2d074ffb08de4269175a6de0bdcd410c3b60bd699ee7b5fc491e
f14-train-0027-sdb87f86f-w5e651fdf-mirror-y,hover,0,0,1,20.0003624,0.1175993979,1.244623899,-0.9695950235,0.01245444698,-0.9820494467,-2.376274714e-08,0,-3.987226397,50,-15.40787125,-0.2765798137,2.034306526,e2170fbe8e8c2d074ffb08de4269175a6de0bdcd410c3b60bd699ee7b5fc491e
f14-train-0028-s6921a77e-w5e651fdf,actor,0,1,0,2.309998274,3.128206015,-0.006590336561,-5.167746926,2.42039621,-0.3764746051,-0.913432218,-6.298236312,-8.873599773,0,-5.914916515,0,4.132607937,e2170fbe8e8c2d074ffb08de4269175a6de0bdcd410c3b60bd699ee7b5fc491e
f14-train-0028-s6921a77e-w5e651fdf,route_teacher,1,0,0,12.00017929,13.43111229,0.03098843992,0.05380896938,3.891177078,-0.9103713813,-3.83233631,0.9053395829,10.54902792,26,14.73470402,0,4.132608414,e2170fbe8e8c2d074ffb08de4269175a6de0bdcd410c3b60bd699ee7b5fc491e
f14-train-0028-s6921a77e-w5e651fdf,scan_then_teacher,1,0,0,13.7002182,13.44825268,0.03083454072,-0.2830848033,2.660023492,-0.9363140957,-2.650086162,0.6432919624,10.42410969,45,11.26642513,0,4.132608414,e2170fbe8e8c2d074ffb08de4269175a6de0bdcd410c3b60bd699ee7b5fc491e
f14-train-0028-s6921a77e-w5e651fdf,hover,0,0,1,20.0003624,0.1175993979,1.244623899,-0.970666183,0.01138326276,-0.9820494467,9.880069666e-10,0,-3.988318354,51,-15.14350605,-0.2718343121,4.132608414,e2170fbe8e8c2d074ffb08de4269175a6de0bdcd410c3b60bd699ee7b5fc491e
f14-train-0029-sda761d7d-w5e651fdf-mirror-y,actor,0,1,0,2.929997683,3.363219976,-0.001382917166,-4.507766758,2.958670054,-0.4473165228,-1.436458904,-5.582661385,-9.268421349,5,-6.395248413,0,2.501283646,e2170fbe8e8c2d074ffb08de4269175a6de0bdcd410c3b60bd699ee7b5fc491e
f14-train-0029-sda761d7d-w5e651fdf-mirror-y,route_teacher,1,0,0,12.55019188,13.9631052,0.03201308846,-0.2630385794,3.643795228,-0.919752069,-3.7976669,0.8105851616,10.3322983,39,14.23561001,0,2.501283407,e2170fbe8e8c2d074ffb08de4269175a6de0bdcd410c3b60bd699ee7b5fc491e
f14-train-0029-sda761d7d-w5e651fdf-mirror-y,scan_then_teacher,1,0,0,15.15025139,14.67163277,0.0304056555,-0.7297336844,2.236039386,-0.9524156695,-2.494007204,0.4806498028,9.257367489,75,10.24217892,0,2.501283407,e2170fbe8e8c2d074ffb08de4269175a6de0bdcd410c3b60bd699ee7b5fc491e
f14-train-0029-sda761d7d-w5e651fdf-mirror-y,hover,0,0,1,20.0003624,0.1175993979,1.244623899,-0.9677559188,0.01429352984,-0.9820494467,-1.909179932e-09,0,-3.985545069,51,-15.11679459,-0.2713548266,2.501283407,e2170fbe8e8c2d074ffb08de4269175a6de0bdcd410c3b60bd699ee7b5fc491e
