policy,world,seed,family,goal_objective,success,collision,timeout,steps,time_s,path_m,final_error_m,peak_speed_mps,min_sensor_range_m,altitude_min_m,altitude_max_m,tracking_rms_mps,sensor_updates,navigation_loaded,goal_radius_entry_count,goal_radius_entry_first_time_s,goal_radius_entry_last_time_s,goal_dwell_s,final_world_speed_mps,goal_dwell_threshold_s,goal_dwell_max_speed_mps,obstacle_count,route_witness_length_m,generator_parameters,physics_step_ms,motor_sampling,physics_profile
navigation.bin,challenge_doorway_41001,41001,doorway,hold,False,True,False,1972,19.72,24.8349,1.34232,3.96458,0.334422,0.178548,2.26309,0.555941,394,True,1,4.73,4.73,0,3.69685,0.2,0.5,4,5.2,"{""opening_center_y_m"": 0.897, ""opening_center_z_m"": 1.619, ""opening_height_m"": 1.665, ""opening_width_m"": 1.294, ""wall_x_m"": 2.081}",1,average,hover
navigation-arrival-experimental.bin,challenge_doorway_41001,41001,doorway,hold,True,False,False,691,6.91,8.67123,0.291938,3.22555,0.661076,0.593329,2.60321,0.775701,138,True,1,6.72,6.72,0.2,0.450406,0.2,0.5,4,5.2,"{""opening_center_y_m"": 0.897, ""opening_center_z_m"": 1.619, ""opening_height_m"": 1.665, ""opening_width_m"": 1.294, ""wall_x_m"": 2.081}",1,average,hover
navigation.bin,challenge_doorway_41002,41002,doorway,hold,False,False,True,2000,20,27.014,0.349501,2.38561,0.125488,0.856137,2.09325,0.49462,400,True,5,2.85,19.98,0,1.38233,0.2,0.5,4,4.8,"{""opening_center_y_m"": -0.735, ""opening_center_z_m"": 1.497, ""opening_height_m"": 1.672, ""opening_width_m"": 1.33, ""wall_x_m"": 1.916}",1,average,hover
navigation-arrival-experimental.bin,challenge_doorway_41002,41002,doorway,hold,True,False,False,390,3.9,4.9048,0.323444,2.21311,0.446307,1.29957,1.9596,0.385997,78,True,1,2.69,2.69,0.2,0.224823,0.2,0.5,4,4.8,"{""opening_center_y_m"": -0.735, ""opening_center_z_m"": 1.497, ""opening_height_m"": 1.672, ""opening_width_m"": 1.33, ""wall_x_m"": 1.916}",1,average,hover
navigation.bin,challenge_doorway_41003,41003,doorway,hold,False,False,True,2000,20,26.9193,0.630404,2.43946,0.138595,0.772102,1.95916,0.534957,400,True,4,2.98,19.33,0,0.972901,0.2,0.5,4,5.2,"{""opening_center_y_m"": -0.939, ""opening_center_z_m"": 1.581, ""opening_height_m"": 1.664, ""opening_width_m"": 1.343, ""wall_x_m"": 2.056}",1,average,hover
navigation-arrival-experimental.bin,challenge_doorway_41003,41003,doorway,hold,True,False,False,310,3.1,4.37108,0.247079,2.18518,0.500065,1.30795,1.94872,0.430116,62,True,1,2.8,2.8,0.2,0.29056,0.2,0.5,4,5.2,"{""opening_center_y_m"": -0.939, ""opening_center_z_m"": 1.581, ""opening_height_m"": 1.664, ""opening_width_m"": 1.343, ""wall_x_m"": 2.056}",1,average,hover
navigation.bin,challenge_doorway_41004,41004,doorway,hold,False,False,True,2000,20,26.7853,0.39147,2.12825,0.116389,0.741692,2.07411,0.505003,400,True,3,2.94,18.96,0,1.74708,0.2,0.5,4,5.2,"{""opening_center_y_m"": -0.891, ""opening_center_z_m"": 1.525, ""opening_height_m"": 1.694, ""opening_width_m"": 1.251, ""wall_x_m"": 2.004}",1,average,hover
navigation-arrival-experimental.bin,challenge_doorway_41004,41004,doorway,hold,True,False,False,321,3.21,4.46098,0.178422,2.19921,0.476842,1.30444,1.89601,0.413035,64,True,1,2.78,2.78,0.2,0.389028,0.2,0.5,4,5.2,"{""opening_center_y_m"": -0.891, ""opening_center_z_m"": 1.525, ""opening_height_m"": 1.694, ""opening_width_m"": 1.251, ""wall_x_m"": 2.004}",1,average,hover
navigation.bin,challenge_doorway_41005,41005,doorway,hold,False,False,True,2000,20,24.7341,0.528446,2.74349,0.125339,1.05853,2.16279,0.47739,400,True,2,4.75,19.66,0,2.54717,0.2,0.5,4,5.2,"{""opening_center_y_m"": 0.888, ""opening_center_z_m"": 1.415, ""opening_height_m"": 1.761, ""opening_width_m"": 1.339, ""wall_x_m"": 1.945}",1,average,hover
navigation-arrival-experimental.bin,challenge_doorway_41005,41005,doorway,hold,True,False,False,595,5.95,5.23652,0.112289,2.37233,0.637609,1.34571,2.05765,0.32329,119,True,1,5.01,5.01,0.2,0.384809,0.2,0.5,4,5.2,"{""opening_center_y_m"": 0.888, ""opening_center_z_m"": 1.415, ""opening_height_m"": 1.761, ""opening_width_m"": 1.339, ""wall_x_m"": 1.945}",1,average,hover
navigation.bin,challenge_doorway_41006,41006,doorway,hold,False,False,True,2000,20,27.415,0.777024,2.60861,0.114345,0.878914,1.92905,0.582092,400,True,3,2.96,19.02,0,1.92953,0.2,0.5,4,5.2,"{""opening_center_y_m"": -0.871, ""opening_center_z_m"": 1.522, ""opening_height_m"": 1.725, ""opening_width_m"": 1.232, ""wall_x_m"": 1.933}",1,average,hover
navigation-arrival-experimental.bin,challenge_doorway_41006,41006,doorway,hold,True,False,False,401,4.01,5.05696,0.27813,2.18682,0.464448,1.30288,1.95868,0.391937,80,True,1,2.74,2.74,0.2,0.287647,0.2,0.5,4,5.2,"{""opening_center_y_m"": -0.871, ""opening_center_z_m"": 1.522, ""opening_height_m"": 1.725, ""opening_width_m"": 1.232, ""wall_x_m"": 1.933}",1,average,hover
navigation.bin,challenge_table_overhang_41001,41001,table_overhang,hold,False,False,True,2000,20,30.1111,3.70619,2.99769,0.21365,0.181303,3.00729,0.77869,400,True,3,2.73,8.03,0,0.727373,0.2,0.5,5,4.4,"{""leg_radius_m"": 0.12, ""table_center_x_m"": 2.0, ""table_center_y_m"": 0.282, ""table_underside_z_m"": 1.692, ""tabletop_size_m"": [1.35, 2.0, 0.18]}",1,average,hover
navigation-arrival-experimental.bin,challenge_table_overhang_41001,41001,table_overhang,hold,True,False,False,321,3.21,4.28556,0.163513,2.09187,0.422988,1.26573,1.68236,0.37408,64,True,1,2.71,2.71,0.2,0.491521,0.2,0.5,5,4.4,"{""leg_radius_m"": 0.12, ""table_center_x_m"": 2.0, ""table_center_y_m"": 0.282, ""table_underside_z_m"": 1.692, ""tabletop_size_m"": [1.35, 2.0, 0.18]}",1,average,hover
navigation.bin,challenge_table_overhang_41002,41002,table_overhang,hold,False,False,True,2000,20,28.3224,3.77419,2.87594,0.299283,0.208417,2.89848,0.721842,400,True,2,2.73,3.36,0,0.967707,0.2,0.5,5,4.4,"{""leg_radius_m"": 0.12, ""table_center_x_m"": 2.0, ""table_center_y_m"": 0.17, ""table_underside_z_m"": 1.638, ""tabletop_size_m"": [1.35, 2.0, 0.18]}",1,average,hover
navigation-arrival-experimental.bin,challenge_table_overhang_41002,41002,table_overhang,hold,True,False,False,323,3.23,4.25543,0.119878,1.97581,0.401815,1.27968,1.66744,0.35568,64,True,1,2.71,2.71,0.2,0.461509,0.2,0.5,5,4.4,"{""leg_radius_m"": 0.12, ""table_center_x_m"": 2.0, ""table_center_y_m"": 0.17, ""table_underside_z_m"": 1.638, ""tabletop_size_m"": [1.35, 2.0, 0.18]}",1,average,hover
navigation.bin,challenge_table_overhang_41003,41003,table_overhang,hold,False,False,True,2000,20,30.0155,2.79617,2.81586,0.229294,0.181228,3.53069,0.803764,400,True,2,2.74,3.39,0,0.989549,0.2,0.5,5,4.4,"{""leg_radius_m"": 0.12, ""table_center_x_m"": 2.0, ""table_center_y_m"": 0.042, ""table_underside_z_m"": 1.622, ""tabletop_size_m"": [1.35, 2.0, 0.18]}",1,average,hover
navigation-arrival-experimental.bin,challenge_table_overhang_41003,41003,table_overhang,hold,True,False,False,321,3.21,4.27307,0.0952137,2.15438,0.407416,1.24742,1.6983,0.36365,64,True,1,2.72,2.72,0.2,0.483039,0.2,0.5,5,4.4,"{""leg_radius_m"": 0.12, ""table_center_x_m"": 2.0, ""table_center_y_m"": 0.042, ""table_underside_z_m"": 1.622, ""tabletop_size_m"": [1.35, 2.0, 0.18]}",1,average,hover
navigation.bin,challenge_table_overhang_41004,41004,table_overhang,hold,False,False,True,2000,20,27.6288,2.9724,2.8733,0.235606,0.182541,2.70862,0.72347,400,True,2,2.72,3.36,0,1.27801,0.2,0.5,5,4.4,"{""leg_radius_m"": 0.12, ""table_center_x_m"": 2.0, ""table_center_y_m"": 0.092, ""table_underside_z_m"": 1.647, ""tabletop_size_m"": [1.35, 2.0, 0.18]}",1,average,hover
navigation-arrival-experimental.bin,challenge_table_overhang_41004,41004,table_overhang,hold,True,False,False,397,3.97,4.78937,0.341086,1.96588,0.385497,1.27312,1.68437,0.392057,79,True,1,2.76,2.76,0.2,0.213132,0.2,0.5,5,4.4,"{""leg_radius_m"": 0.12, ""table_center_x_m"": 2.0, ""table_center_y_m"": 0.092, ""table_underside_z_m"": 1.647, ""tabletop_size_m"": [1.35, 2.0, 0.18]}",1,average,hover
navigation.bin,challenge_table_overhang_41005,41005,table_overhang,hold,False,False,True,2000,20,29.9891,3.48771,3.05135,0.198168,0.18312,3.16407,0.801813,400,True,4,2.77,8.39,0,1.37218,0.2,0.5,5,4.4,"{""leg_radius_m"": 0.12, ""table_center_x_m"": 2.0, ""table_center_y_m"": -0.143, ""table_underside_z_m"": 1.648, ""tabletop_size_m"": [1.35, 2.0, 0.18]}",1,average,hover
navigation-arrival-experimental.bin,challenge_table_overhang_41005,41005,table_overhang,hold,True,False,False,317,3.17,4.30798,0.180686,2.22926,0.401508,1.27251,1.66886,0.383713,63,True,1,2.69,2.69,0.2,0.397365,0.2,0.5,5,4.4,"{""leg_radius_m"": 0.12, ""table_center_x_m"": 2.0, ""table_center_y_m"": -0.143, ""table_underside_z_m"": 1.648, ""tabletop_size_m"": [1.35, 2.0, 0.18]}",1,average,hover
navigation.bin,challenge_table_overhang_41006,41006,table_overhang,hold,False,False,True,2000,20,27.7378,3.34034,2.86305,0.218754,0.180105,2.85089,0.728852,400,True,3,2.8,9.83,0,1.6282,0.2,0.5,5,4.4,"{""leg_radius_m"": 0.12, ""table_center_x_m"": 2.0, ""table_center_y_m"": -0.251, ""table_underside_z_m"": 1.718, ""tabletop_size_m"": [1.35, 2.0, 0.18]}",1,average,hover
navigation-arrival-experimental.bin,challenge_table_overhang_41006,41006,table_overhang,hold,True,False,False,514,5.14,5.60238,0.345075,2.24422,0.294902,1.23378,1.75182,0.44362,102,True,2,2.79,4.38,0.2,0.179179,0.2,0.5,5,4.4,"{""leg_radius_m"": 0.12, ""table_center_x_m"": 2.0, ""table_center_y_m"": -0.251, ""table_underside_z_m"": 1.718, ""tabletop_size_m"": [1.35, 2.0, 0.18]}",1,average,hover
navigation.bin,challenge_mixed_clutter_41001,41001,mixed_clutter,hold,False,True,False,1058,10.58,13.59,1.50535,3.119,0.256177,0.179803,2.48915,0.708592,211,True,3,4.23,6.51,0,1.17516,0.2,0.5,5,4.8,"{""alternating_side"": -1, ""box_lateral_m"": 1.368, ""first_pole_y_m"": 0.1, ""pole_lateral_m"": 0.692, ""pole_radii_m"": [0.2, 0.18, 0.18]}",1,average,hover
navigation-arrival-experimental.bin,challenge_mixed_clutter_41001,41001,mixed_clutter,hold,True,False,False,319,3.19,4.55198,0.124543,2.23431,0.37953,1.30152,1.81595,0.441187,63,True,1,2.76,2.76,0.2,0.47753,0.2,0.5,5,4.8,"{""alternating_side"": -1, ""box_lateral_m"": 1.368, ""first_pole_y_m"": 0.1, ""pole_lateral_m"": 0.692, ""pole_radii_m"": [0.2, 0.18, 0.18]}",1,average,hover
navigation.bin,challenge_mixed_clutter_41002,41002,mixed_clutter,hold,False,False,True,2000,20,27.2658,3.54374,3.26499,0.199716,0.18409,2.75856,0.68305,400,True,0,-1,-1,0,1.06407,0.2,0.5,5,5.2,"{""alternating_side"": -1, ""box_lateral_m"": 1.117, ""first_pole_y_m"": -0.078, ""pole_lateral_m"": 0.505, ""pole_radii_m"": [0.2, 0.18, 0.18]}",1,average,hover
navigation-arrival-experimental.bin,challenge_mixed_clutter_41002,41002,mixed_clutter,hold,True,False,False,782,7.82,6.77909,0.302768,2.15865,0.149528,0.999143,2.13743,0.513215,156,True,1,6.45,6.45,0.2,0.377845,0.2,0.5,5,5.2,"{""alternating_side"": -1, ""box_lateral_m"": 1.117, ""first_pole_y_m"": -0.078, ""pole_lateral_m"": 0.505, ""pole_radii_m"": [0.2, 0.18, 0.18]}",1,average,hover
navigation.bin,challenge_mixed_clutter_41003,41003,mixed_clutter,hold,False,False,True,2000,20,23.5358,3.40135,2.4284,0.158464,0.553156,2.34231,0.582498,400,True,2,3.09,3.59,0,1.4548,0.2,0.5,5,4.8,"{""alternating_side"": 1, ""box_lateral_m"": 1.359, ""first_pole_y_m"": -0.031, ""pole_lateral_m"": 0.631, ""pole_radii_m"": [0.2, 0.18, 0.18]}",1,average,hover
navigation-arrival-experimental.bin,challenge_mixed_clutter_41003,41003,mixed_clutter,hold,True,False,False,389,3.89,4.87093,0.271464,2.18336,0.355869,1.38339,1.76269,0.456893,77,True,1,2.8,2.8,0.2,0.229935,0.2,0.5,5,4.8,"{""alternating_side"": 1, ""box_lateral_m"": 1.359, ""first_pole_y_m"": -0.031, ""pole_lateral_m"": 0.631, ""pole_radii_m"": [0.2, 0.18, 0.18]}",1,average,hover
navigation.bin,challenge_mixed_clutter_41004,41004,mixed_clutter,hold,False,True,False,1302,13.02,15.7008,1.54505,3.7468,0.134312,0.186544,2.29443,0.792017,260,True,1,8.32,8.32,0,0.070348,0.2,0.5,5,5.2,"{""alternating_side"": 1, ""box_lateral_m"": 1.373, ""first_pole_y_m"": 0.057, ""pole_lateral_m"": 0.499, ""pole_radii_m"": [0.2, 0.18, 0.18]}",1,average,hover
navigation-arrival-experimental.bin,challenge_mixed_clutter_41004,41004,mixed_clutter,hold,False,True,False,463,4.63,3.71914,1.59368,2.0571,0.151812,1.1786,1.62554,0.405174,92,True,0,-1,-1,0,0.0925599,0.2,0.5,5,5.2,"{""alternating_side"": 1, ""box_lateral_m"": 1.373, ""first_pole_y_m"": 0.057, ""pole_lateral_m"": 0.499, ""pole_radii_m"": [0.2, 0.18, 0.18]}",1,average,hover
navigation.bin,challenge_mixed_clutter_41005,41005,mixed_clutter,hold,False,False,True,2000,20,25.7853,3.63244,3.05792,0.55174,0.555688,3.1791,0.684459,400,True,3,4.95,10.5,0,1.78028,0.2,0.5,5,4.8,"{""alternating_side"": -1, ""box_lateral_m"": 1.124, ""first_pole_y_m"": 0.089, ""pole_lateral_m"": 0.498, ""pole_radii_m"": [0.2, 0.18, 0.18]}",1,average,hover
navigation-arrival-experimental.bin,challenge_mixed_clutter_41005,41005,mixed_clutter,hold,True,False,False,380,3.8,4.8577,0.145493,2.20182,0.393983,1.27054,1.86585,0.470784,76,True,1,3.38,3.38,0.2,0.360269,0.2,0.5,5,4.8,"{""alternating_side"": -1, ""box_lateral_m"": 1.124, ""first_pole_y_m"": 0.089, ""pole_lateral_m"": 0.498, ""pole_radii_m"": [0.2, 0.18, 0.18]}",1,average,hover
navigation.bin,challenge_mixed_clutter_41006,41006,mixed_clutter,hold,False,True,False,1482,14.82,18.1072,3.14493,2.66453,0.190427,0.180415,2.51258,0.594545,296,True,1,3.09,3.09,0,1.0869,0.2,0.5,5,5.2,"{""alternating_side"": 1, ""box_lateral_m"": 1.33, ""first_pole_y_m"": -0.008, ""pole_lateral_m"": 0.681, ""pole_radii_m"": [0.2, 0.18, 0.18]}",1,average,hover
navigation-arrival-experimental.bin,challenge_mixed_clutter_41006,41006,mixed_clutter,hold,True,False,False,318,3.18,4.4469,0.125332,2.13258,0.307761,1.348,1.77554,0.445708,63,True,1,2.75,2.75,0.2,0.141397,0.2,0.5,5,5.2,"{""alternating_side"": 1, ""box_lateral_m"": 1.33, ""first_pole_y_m"": -0.008, ""pole_lateral_m"": 0.681, ""pole_radii_m"": [0.2, 0.18, 0.18]}",1,average,hover
