scene,family,seed,actor_sha256,scene_sha256,mode,success,collision,timeout,steps,time_s,path_m,goal_error_m,peak_speed_mps,min_clearance_m,budget_s,success_rule
challenge_doorway_41001_bounded.json,doorway,41001,d72ca47054a14eecabf5c366c0ff0bf91fda2617444fcb0a6c4716adf85e7015,506e30f4d4ea303d91927088c1897cd95b78e5f488a2aec13bd246d47c31a655,17,1,0,0,65,3.25,4.51875,0.343799,2.0159,0.319366,8,first_goal_region_entry
challenge_doorway_41001_bounded.json,doorway,41001,d72ca47054a14eecabf5c366c0ff0bf91fda2617444fcb0a6c4716adf85e7015,506e30f4d4ea303d91927088c1897cd95b78e5f488a2aec13bd246d47c31a655,13,1,0,0,66,3.3,4.02434,0.344431,1.88431,0.0543642,8,first_goal_region_entry
challenge_doorway_41002_bounded.json,doorway,41002,d72ca47054a14eecabf5c366c0ff0bf91fda2617444fcb0a6c4716adf85e7015,e4e1e1009dab237c337585cabd7bc15a3acd7ce236342fc8f2247fc7c9307a10,17,1,0,0,53,2.65,4.06675,0.300866,2.2486,0.278995,8,first_goal_region_entry
challenge_doorway_41002_bounded.json,doorway,41002,d72ca47054a14eecabf5c366c0ff0bf91fda2617444fcb0a6c4716adf85e7015,e4e1e1009dab237c337585cabd7bc15a3acd7ce236342fc8f2247fc7c9307a10,13,1,0,0,64,3.2,3.86698,0.324007,1.8092,0.0969368,8,first_goal_region_entry
challenge_doorway_41003_bounded.json,doorway,41003,d72ca47054a14eecabf5c366c0ff0bf91fda2617444fcb0a6c4716adf85e7015,75e7de552d1efbd1dc6c82c5c21595799f8b7ae76e781114ce73e3af497f5ce6,17,1,0,0,54,2.7,4.14703,0.302002,2.22219,0.266661,8,first_goal_region_entry
challenge_doorway_41003_bounded.json,doorway,41003,d72ca47054a14eecabf5c366c0ff0bf91fda2617444fcb0a6c4716adf85e7015,75e7de552d1efbd1dc6c82c5c21595799f8b7ae76e781114ce73e3af497f5ce6,13,1,0,0,65,3.25,3.96119,0.347641,1.75081,0.0679531,8,first_goal_region_entry
challenge_doorway_41004_bounded.json,doorway,41004,d72ca47054a14eecabf5c366c0ff0bf91fda2617444fcb0a6c4716adf85e7015,9086199bc4634433393e3d30fce5c776eedae3551aec65c2020078a602c3604b,17,1,0,0,54,2.7,4.15825,0.327725,2.21081,0.226271,8,first_goal_region_entry
challenge_doorway_41004_bounded.json,doorway,41004,d72ca47054a14eecabf5c366c0ff0bf91fda2617444fcb0a6c4716adf85e7015,9086199bc4634433393e3d30fce5c776eedae3551aec65c2020078a602c3604b,13,1,0,0,66,3.3,3.93892,0.32181,1.75081,0.0839063,8,first_goal_region_entry
challenge_doorway_41005_bounded.json,doorway,41005,d72ca47054a14eecabf5c366c0ff0bf91fda2617444fcb0a6c4716adf85e7015,fb940ce472bfba5b89e39f8aa84eed1bbb69af104356ef31abfff38a9c69c3b6,17,1,0,0,62,3.1,4.42662,0.334081,2.03365,0.331159,8,first_goal_region_entry
challenge_doorway_41005_bounded.json,doorway,41005,d72ca47054a14eecabf5c366c0ff0bf91fda2617444fcb0a6c4716adf85e7015,fb940ce472bfba5b89e39f8aa84eed1bbb69af104356ef31abfff38a9c69c3b6,13,1,0,0,66,3.3,3.95606,0.3407,1.87792,0.0653251,8,first_goal_region_entry
challenge_doorway_41006_bounded.json,doorway,41006,d72ca47054a14eecabf5c366c0ff0bf91fda2617444fcb0a6c4716adf85e7015,3eb7501236183f469051a9b9342937315abb5b2a01093c888eb966924319d2df,17,1,0,0,54,2.7,4.18582,0.322706,2.2296,0.21935,8,first_goal_region_entry
challenge_doorway_41006_bounded.json,doorway,41006,d72ca47054a14eecabf5c366c0ff0bf91fda2617444fcb0a6c4716adf85e7015,3eb7501236183f469051a9b9342937315abb5b2a01093c888eb966924319d2df,13,1,0,0,65,3.25,3.93586,0.334526,1.78069,0.0621406,8,first_goal_region_entry
challenge_mixed_clutter_41001_bounded.json,mixed_clutter,41001,d72ca47054a14eecabf5c366c0ff0bf91fda2617444fcb0a6c4716adf85e7015,8705140340fe59aa0ccd0760d410b60d471bce7cd4cf412a0fac39d93c831a9d,17,1,0,0,53,2.65,4.0504,0.316821,2.17525,0.210531,8,first_goal_region_entry
challenge_mixed_clutter_41001_bounded.json,mixed_clutter,41001,d72ca47054a14eecabf5c366c0ff0bf91fda2617444fcb0a6c4716adf85e7015,8705140340fe59aa0ccd0760d410b60d471bce7cd4cf412a0fac39d93c831a9d,13,1,0,0,66,3.3,3.94488,0.322308,1.75131,0.0932038,8,first_goal_region_entry
challenge_mixed_clutter_41002_bounded.json,mixed_clutter,41002,d72ca47054a14eecabf5c366c0ff0bf91fda2617444fcb0a6c4716adf85e7015,b80612e313d0aa8ed0252a5006c271b39d904ba0aba9a9aed398e56426ce7ef6,17,1,0,0,68,3.4,4.65636,0.348699,2.17978,0.122557,8,first_goal_region_entry
challenge_mixed_clutter_41002_bounded.json,mixed_clutter,41002,d72ca47054a14eecabf5c366c0ff0bf91fda2617444fcb0a6c4716adf85e7015,b80612e313d0aa8ed0252a5006c271b39d904ba0aba9a9aed398e56426ce7ef6,13,1,0,0,69,3.45,4.14581,0.325738,1.7494,0.065094,8,first_goal_region_entry
challenge_mixed_clutter_41003_bounded.json,mixed_clutter,41003,d72ca47054a14eecabf5c366c0ff0bf91fda2617444fcb0a6c4716adf85e7015,10ac834ee1eac8883d689c3f49767d6c0ba7a3aad5df8d836ea31ef1edcaa9f5,17,0,1,0,17,0.849999,0.895464,3.15914,1.70243,-0.00180583,8,first_goal_region_entry
challenge_mixed_clutter_41003_bounded.json,mixed_clutter,41003,d72ca47054a14eecabf5c366c0ff0bf91fda2617444fcb0a6c4716adf85e7015,10ac834ee1eac8883d689c3f49767d6c0ba7a3aad5df8d836ea31ef1edcaa9f5,13,1,0,0,67,3.35,4.02462,0.332254,1.78,0.0857219,8,first_goal_region_entry
challenge_mixed_clutter_41004_bounded.json,mixed_clutter,41004,d72ca47054a14eecabf5c366c0ff0bf91fda2617444fcb0a6c4716adf85e7015,c7c27841f0ae6cea40df4ccc3bf1bb63e72f6b26d9e997a714e3cad45fbfb67f,17,1,0,0,100,5.00002,5.5563,0.319269,1.9655,0.0679024,8,first_goal_region_entry
challenge_mixed_clutter_41004_bounded.json,mixed_clutter,41004,d72ca47054a14eecabf5c366c0ff0bf91fda2617444fcb0a6c4716adf85e7015,c7c27841f0ae6cea40df4ccc3bf1bb63e72f6b26d9e997a714e3cad45fbfb67f,13,1,0,0,69,3.45,4.27168,0.344706,1.76832,0.071581,8,first_goal_region_entry
challenge_mixed_clutter_41005_bounded.json,mixed_clutter,41005,d72ca47054a14eecabf5c366c0ff0bf91fda2617444fcb0a6c4716adf85e7015,975c8bea760019f170f3909599f2132de36ac3601f98fb35ed33a33dfa1e6a55,17,1,0,0,64,3.2,4.53736,0.31903,2.17263,0.153775,8,first_goal_region_entry
challenge_mixed_clutter_41005_bounded.json,mixed_clutter,41005,d72ca47054a14eecabf5c366c0ff0bf91fda2617444fcb0a6c4716adf85e7015,975c8bea760019f170f3909599f2132de36ac3601f98fb35ed33a33dfa1e6a55,13,1,0,0,67,3.35,4.04173,0.331863,1.74147,0.0549867,8,first_goal_region_entry
challenge_mixed_clutter_41006_bounded.json,mixed_clutter,41006,d72ca47054a14eecabf5c366c0ff0bf91fda2617444fcb0a6c4716adf85e7015,4227d0ac61539a1510d66196fa6a41e9a7de9597d74c83214a2f933e81e59a4e,17,1,0,0,59,2.95,4.33033,0.307517,2.01683,0.0621557,8,first_goal_region_entry
challenge_mixed_clutter_41006_bounded.json,mixed_clutter,41006,d72ca47054a14eecabf5c366c0ff0bf91fda2617444fcb0a6c4716adf85e7015,4227d0ac61539a1510d66196fa6a41e9a7de9597d74c83214a2f933e81e59a4e,13,1,0,0,69,3.45,4.32282,0.343916,1.82336,0.100308,8,first_goal_region_entry
challenge_table_overhang_41001_bounded.json,table_overhang,41001,d72ca47054a14eecabf5c366c0ff0bf91fda2617444fcb0a6c4716adf85e7015,64d0aba8d7c1c8a9a3281521717bf4f7c4718e0cab84d1081407e7ed262fb344,17,1,0,0,53,2.65,3.80102,0.293292,2.06608,0.178086,8,first_goal_region_entry
challenge_table_overhang_41001_bounded.json,table_overhang,41001,d72ca47054a14eecabf5c366c0ff0bf91fda2617444fcb0a6c4716adf85e7015,64d0aba8d7c1c8a9a3281521717bf4f7c4718e0cab84d1081407e7ed262fb344,13,1,0,0,65,3.25,3.8609,0.324848,1.6908,0.0827825,8,first_goal_region_entry
challenge_table_overhang_41002_bounded.json,table_overhang,41002,d72ca47054a14eecabf5c366c0ff0bf91fda2617444fcb0a6c4716adf85e7015,ea97d48f72967884134722ac4432fc833611fdac0fe9c1df233b43c72de99932,17,1,0,0,52,2.6,3.7868,0.344252,2.05533,0.073938,8,first_goal_region_entry
challenge_table_overhang_41002_bounded.json,table_overhang,41002,d72ca47054a14eecabf5c366c0ff0bf91fda2617444fcb0a6c4716adf85e7015,ea97d48f72967884134722ac4432fc833611fdac0fe9c1df233b43c72de99932,13,1,0,0,64,3.2,3.78084,0.34698,1.94991,0.117486,8,first_goal_region_entry
challenge_table_overhang_41003_bounded.json,table_overhang,41003,d72ca47054a14eecabf5c366c0ff0bf91fda2617444fcb0a6c4716adf85e7015,b987ebe90d5fbc2294d0af1e61223d2d19fc541c06715705184f76504f857a66,17,1,0,0,53,2.65,3.79683,0.282387,2.01044,0.116046,8,first_goal_region_entry
challenge_table_overhang_41003_bounded.json,table_overhang,41003,d72ca47054a14eecabf5c366c0ff0bf91fda2617444fcb0a6c4716adf85e7015,b987ebe90d5fbc2294d0af1e61223d2d19fc541c06715705184f76504f857a66,13,1,0,0,64,3.2,3.78038,0.333814,1.89575,0.128983,8,first_goal_region_entry
challenge_table_overhang_41004_bounded.json,table_overhang,41004,d72ca47054a14eecabf5c366c0ff0bf91fda2617444fcb0a6c4716adf85e7015,c65fc7b3bf5c7cd41afd7d0b919e9ff6d96d8b524bc4a23153bdeff0b22b1ab9,17,1,0,0,52,2.6,3.74913,0.340336,2.07653,0.0428636,8,first_goal_region_entry
challenge_table_overhang_41004_bounded.json,table_overhang,41004,d72ca47054a14eecabf5c366c0ff0bf91fda2617444fcb0a6c4716adf85e7015,c65fc7b3bf5c7cd41afd7d0b919e9ff6d96d8b524bc4a23153bdeff0b22b1ab9,13,1,0,0,64,3.2,3.77361,0.322269,1.85939,0.106378,8,first_goal_region_entry
challenge_table_overhang_41005_bounded.json,table_overhang,41005,d72ca47054a14eecabf5c366c0ff0bf91fda2617444fcb0a6c4716adf85e7015,c8ed9f059497951b41432ca3c2df76e6ed1e7c2487cddaa30069ca235e744e40,17,1,0,0,52,2.6,3.74314,0.324984,2.06821,0.124467,8,first_goal_region_entry
challenge_table_overhang_41005_bounded.json,table_overhang,41005,d72ca47054a14eecabf5c366c0ff0bf91fda2617444fcb0a6c4716adf85e7015,c8ed9f059497951b41432ca3c2df76e6ed1e7c2487cddaa30069ca235e744e40,13,1,0,0,64,3.2,3.77689,0.323102,1.87934,0.141115,8,first_goal_region_entry
challenge_table_overhang_41006_bounded.json,table_overhang,41006,d72ca47054a14eecabf5c366c0ff0bf91fda2617444fcb0a6c4716adf85e7015,9d880a1195fcf5ce32a66b0e673c5c52c5b3c818c9c5249353b3c33f5303aa9f,17,1,0,0,52,2.6,3.74621,0.336332,2.21154,0.171069,8,first_goal_region_entry
challenge_table_overhang_41006_bounded.json,table_overhang,41006,d72ca47054a14eecabf5c366c0ff0bf91fda2617444fcb0a6c4716adf85e7015,9d880a1195fcf5ce32a66b0e673c5c52c5b3c818c9c5249353b3c33f5303aa9f,13,1,0,0,63,3.15,3.74442,0.342519,1.8992,0.138172,8,first_goal_region_entry
