failure_id,family,split,seed,environment_index,difficulty,difficulty_band,goal_xyz_m,coordinate_transform,scene_sha256,focused_metal_success,focused_metal_collision,focused_metal_timeout,focused_metal_goal_time_s,webots_success,webots_collision,webots_timeout,webots_steps,webots_time_s,webots_final_error_m,webots_path_m,webots_mean_speed_mps,webots_peak_speed_mps,webots_min_sensor_range_m,webots_tracking_rms_mps,webots_altitude_min_m,webots_altitude_max_m,webots_goal_entry_count,webots_goal_entry_first_time_s,webots_start_z_at_0_05m,webots_start_vz_at_0_05mps,webots_start_z_at_0_20m,webots_start_vz_at_0_20mps,last_trace_time_s,last_trace_x_m,last_trace_y_m,last_trace_z_m,failure_zone_from_last_trace,world_source_sha256,episode_json,raw_trace_csv,route_world,run_manifest
f15-dev-0000-s5eacfc53-w5e651fdf,15,dev,1588395091,0,0.33354055881500244,medium,"[7.2475810050964355,0.05787992477416992,1.2636064291000366]",identity,a03967c143fb6311d06ad71f7b5c95146c0e9657aea67868bd24374974d32885,1,0,0,5.20002413,1,0,0,523,5.23,0.337287,8.11153,1.5509617590822178,2.24666,0.254642,0.33681,1.13013,1.78795,1,5.23,1.49212,-0.200758,1.45254,-0.307266,5.01,6.60331,0.23585,1.13211,near_second_partition,fd617ecab4b5188a858981fb942ac9801a0b4bedfeb8f7da4c0bae2e178500a7,/Users/muadhsambul/RL/webots/results/room-webots-transfer/cases/f15-dev-0000-s5eacfc53-w5e651fdf/episode.json,/Users/muadhsambul/RL/webots/results/room-webots-transfer/cases/f15-dev-0000-s5eacfc53-w5e651fdf/trace.csv,/Users/muadhsambul/RL/webots/results/room-webots-transfer/cases/f15-dev-0000-s5eacfc53-w5e651fdf/route.wbt,/Users/muadhsambul/RL/webots/results/room-webots-transfer/cases/f15-dev-0000-s5eacfc53-w5e651fdf/run_manifest.json
f15-dev-0001-s6958c653-w5e651fdf-mirror-y,15,dev,1767425619,1,0.7111377120018005,hard,"[7.736579418182373,0.47098904848098755,1.2969908714294434]",mirror_y,208ea982cc3701a982268d965498f08d4637bacb0ae147c7379d5adc61b8b9e0,1,0,0,10.0501347,0,1,0,656,6.56,2.51901,10.4571,1.5940701219512197,3.09839,0.107585,0.740249,0.179996,1.84433,0,-1,1.49212,-0.200758,1.45581,-0.283468,6.01,6.23247,1.01933,0.284316,near_second_partition,35c69d0a2bc89d74b0e7ac912454b2f435ec67196ce3f73dae5c37dc9d3fdb30,/Users/muadhsambul/RL/webots/results/room-webots-transfer/cases/f15-dev-0001-s6958c653-w5e651fdf-mirror-y/episode.json,/Users/muadhsambul/RL/webots/results/room-webots-transfer/cases/f15-dev-0001-s6958c653-w5e651fdf-mirror-y/trace.csv,/Users/muadhsambul/RL/webots/results/room-webots-transfer/cases/f15-dev-0001-s6958c653-w5e651fdf-mirror-y/route.wbt,/Users/muadhsambul/RL/webots/results/room-webots-transfer/cases/f15-dev-0001-s6958c653-w5e651fdf-mirror-y/run_manifest.json
f15-dev-0002-sff588efe-w5e651fdf,15,dev,4283993854,2,0.13028818368911743,easy,"[7.292724132537842,-0.48148268461227417,1.617555022239685]",identity,a7788614af8724fb180920cc19110dc5e76061325a4ec615be085e22f9c00aa5,1,0,0,5.25002527,1,0,0,532,5.32,0.346919,8.28875,1.5580357142857142,2.20828,0.395142,0.335291,1.37506,2.07465,1,5.32,1.49212,-0.200758,1.45538,-0.269052,5.01,6.64043,-0.0352718,1.50943,near_second_partition,889bc3e904447df0d3511ab6ceacdc971b81fdc6eed7c737850af9966b7eb00c,/Users/muadhsambul/RL/webots/results/room-webots-transfer/cases/f15-dev-0002-sff588efe-w5e651fdf/episode.json,/Users/muadhsambul/RL/webots/results/room-webots-transfer/cases/f15-dev-0002-sff588efe-w5e651fdf/trace.csv,/Users/muadhsambul/RL/webots/results/room-webots-transfer/cases/f15-dev-0002-sff588efe-w5e651fdf/route.wbt,/Users/muadhsambul/RL/webots/results/room-webots-transfer/cases/f15-dev-0002-sff588efe-w5e651fdf/run_manifest.json
f15-dev-0003-s76990b19-w5e651fdf-mirror-y,15,dev,1989741337,3,0.0708310604095459,easy,"[7.681808948516846,0.20476999878883362,1.5653305053710938]",mirror_y,cb110e23653583872109dc7ad00dbf11cfb025fd5805ec45f8fd9fa9c4562853,1,0,0,5.35002756,1,0,0,529,5.29,0.338651,7.98128,1.5087485822306237,2.30494,0.5134,0.307821,1.42086,2.23936,1,5.29,1.49212,-0.200758,1.45802,-0.220307,5.01,7.03676,-0.172226,1.53314,other,8a54ce1cfb7c1c5b2bc2ab515998e4a996437470b8dbe462c87ab8d6a8e21492,/Users/muadhsambul/RL/webots/results/room-webots-transfer/cases/f15-dev-0003-s76990b19-w5e651fdf-mirror-y/episode.json,/Users/muadhsambul/RL/webots/results/room-webots-transfer/cases/f15-dev-0003-s76990b19-w5e651fdf-mirror-y/trace.csv,/Users/muadhsambul/RL/webots/results/room-webots-transfer/cases/f15-dev-0003-s76990b19-w5e651fdf-mirror-y/route.wbt,/Users/muadhsambul/RL/webots/results/room-webots-transfer/cases/f15-dev-0003-s76990b19-w5e651fdf-mirror-y/run_manifest.json
f15-dev-0004-sd401bbed-w5e651fdf,15,dev,3556883437,4,0.696036159992218,hard,"[7.747531890869141,0.2430916130542755,1.4142541885375977]",identity,26f22df8705dadc478902a2299cb53f662da6bb21f7aea464871f1537c4371b4,1,0,0,5.80003786,0,1,0,197,1.97,6.72453,1.79676,0.9120609137055837,1.49658,0.116319,0.841026,1.06614,1.5,0,-1,1.49212,-0.200758,1.45195,-0.340815,1.01,0.811598,0.0764965,1.2977,near_first_partition,f3bee6bf6cf66705a951952a130bbcd10039c4025222309c6d40c9654c3eb727,/Users/muadhsambul/RL/webots/results/room-webots-transfer/cases/f15-dev-0004-sd401bbed-w5e651fdf/episode.json,/Users/muadhsambul/RL/webots/results/room-webots-transfer/cases/f15-dev-0004-sd401bbed-w5e651fdf/trace.csv,/Users/muadhsambul/RL/webots/results/room-webots-transfer/cases/f15-dev-0004-sd401bbed-w5e651fdf/route.wbt,/Users/muadhsambul/RL/webots/results/room-webots-transfer/cases/f15-dev-0004-sd401bbed-w5e651fdf/run_manifest.json
f15-dev-0005-s4663f0bf-w5e651fdf-mirror-y,15,dev,1180954815,5,0.13219034671783447,easy,"[7.268608093261719,0.21408919990062714,1.8136544227600098]",mirror_y,0a8c3016682bdbee55c718667ef86be09e8010c52ac546dae6a27c0f4b536f31,1,0,0,5.00001955,1,0,0,507,5.07,0.34538,7.60679,1.500353057199211,2.3228,0.452675,0.291179,1.41975,2.18893,1,5.07,1.49212,-0.200758,1.45806,-0.219648,5.01,6.98539,-0.0951902,1.77991,other,fcb302745903e99a363af40f3fcd235f40768a5e14a93557a0f32b0a4305e01d,/Users/muadhsambul/RL/webots/results/room-webots-transfer/cases/f15-dev-0005-s4663f0bf-w5e651fdf-mirror-y/episode.json,/Users/muadhsambul/RL/webots/results/room-webots-transfer/cases/f15-dev-0005-s4663f0bf-w5e651fdf-mirror-y/trace.csv,/Users/muadhsambul/RL/webots/results/room-webots-transfer/cases/f15-dev-0005-s4663f0bf-w5e651fdf-mirror-y/route.wbt,/Users/muadhsambul/RL/webots/results/room-webots-transfer/cases/f15-dev-0005-s4663f0bf-w5e651fdf-mirror-y/run_manifest.json
f15-dev-0006-s73650d3a-w5e651fdf,15,dev,1936002362,6,0.6306531429290771,medium,"[7.35107421875,-0.3435913920402527,1.781876802444458]",identity,7d19e5e87044ca0da7d5d6a9777db58c899489d196ce0329c231c738e1186354,1,0,0,8.80010605,1,0,0,886,8.86,0.34911,11.0773,1.2502595936794583,2.02781,0.205144,0.283999,1.17097,2.18613,1,8.86,1.49212,-0.200758,1.45092,-0.406471,8.01,7.96007,-0.700083,2.08685,other,9d054896bbc58b4dea290960c33443e5afadb114be19fd81566478d43582dd97,/Users/muadhsambul/RL/webots/results/room-webots-transfer/cases/f15-dev-0006-s73650d3a-w5e651fdf/episode.json,/Users/muadhsambul/RL/webots/results/room-webots-transfer/cases/f15-dev-0006-s73650d3a-w5e651fdf/trace.csv,/Users/muadhsambul/RL/webots/results/room-webots-transfer/cases/f15-dev-0006-s73650d3a-w5e651fdf/route.wbt,/Users/muadhsambul/RL/webots/results/room-webots-transfer/cases/f15-dev-0006-s73650d3a-w5e651fdf/run_manifest.json
f15-dev-0007-s9675ffdc-w5e651fdf-mirror-y,15,dev,2524315612,7,0.6720632314682007,hard,"[7.988986968994141,0.5321126580238342,1.533813238143921]",mirror_y,1f1231114eb3f6a5b96599bbbfcc7323be41cc63a538eb206c0dd03fa00f087b,1,0,0,9.50012207,0,1,0,772,7.72,1.87418,10.6157,1.3750906735751296,2.26362,0.115247,0.644406,0.568001,2.06941,0,-1,1.49212,-0.200758,1.45852,-0.217611,7.01,6.23005,-0.429775,1.11865,near_second_partition,75d0b82dd7f2de7a4c64f7f9f48842bed98be4c35f595f506f48691c00b93b86,/Users/muadhsambul/RL/webots/results/room-webots-transfer/cases/f15-dev-0007-s9675ffdc-w5e651fdf-mirror-y/episode.json,/Users/muadhsambul/RL/webots/results/room-webots-transfer/cases/f15-dev-0007-s9675ffdc-w5e651fdf-mirror-y/trace.csv,/Users/muadhsambul/RL/webots/results/room-webots-transfer/cases/f15-dev-0007-s9675ffdc-w5e651fdf-mirror-y/route.wbt,/Users/muadhsambul/RL/webots/results/room-webots-transfer/cases/f15-dev-0007-s9675ffdc-w5e651fdf-mirror-y/run_manifest.json
f15-dev-0008-s01e0d6a7-w5e651fdf,15,dev,31512231,8,0.3029521107673645,easy,"[7.305139064788818,-0.052570365369319916,1.2180397510528564]",identity,4b9fce46b2e6bc4b910b987e85f4e8a20d6c283c0e16c1c11422cfc7f5813c13,1,0,0,5.25002527,1,0,0,527,5.27,0.348041,8.18843,1.5537817836812147,2.24984,0.278684,0.308248,1.19541,1.80686,1,5.27,1.49212,-0.200758,1.4526,-0.303962,5.01,6.58882,0.20996,1.19609,near_second_partition,8c877db679e01bae9ad56888dab2a294df93af6a9c34ef6c9d691f946a5b763e,/Users/muadhsambul/RL/webots/results/room-webots-transfer/cases/f15-dev-0008-s01e0d6a7-w5e651fdf/episode.json,/Users/muadhsambul/RL/webots/results/room-webots-transfer/cases/f15-dev-0008-s01e0d6a7-w5e651fdf/trace.csv,/Users/muadhsambul/RL/webots/results/room-webots-transfer/cases/f15-dev-0008-s01e0d6a7-w5e651fdf/route.wbt,/Users/muadhsambul/RL/webots/results/room-webots-transfer/cases/f15-dev-0008-s01e0d6a7-w5e651fdf/run_manifest.json
f15-dev-0009-sf601e24b-w5e651fdf-mirror-y,15,dev,4127318603,9,0.43114137649536133,medium,"[7.544970989227295,0.5810791254043579,1.8872350454330444]",mirror_y,16ecc37159abbc8300bc330632069222bb5d49d80d6570a6e3499713783fcbb3,1,0,0,8.70010376,1,0,0,877,8.77,0.348486,10.0547,1.1464880273660207,2.31624,0.216356,0.313507,1.42059,2.28194,1,8.77,1.49212,-0.200758,1.45847,-0.21611,8.01,7.94572,0.209677,2.12826,other,36f2fc88438d62cfdf61aeae84888710ab78dec97684406e7b4892fc4d1590b7,/Users/muadhsambul/RL/webots/results/room-webots-transfer/cases/f15-dev-0009-sf601e24b-w5e651fdf-mirror-y/episode.json,/Users/muadhsambul/RL/webots/results/room-webots-transfer/cases/f15-dev-0009-sf601e24b-w5e651fdf-mirror-y/trace.csv,/Users/muadhsambul/RL/webots/results/room-webots-transfer/cases/f15-dev-0009-sf601e24b-w5e651fdf-mirror-y/route.wbt,/Users/muadhsambul/RL/webots/results/room-webots-transfer/cases/f15-dev-0009-sf601e24b-w5e651fdf-mirror-y/run_manifest.json
f15-dev-0010-s2c1b1df3-w5e651fdf,15,dev,739974643,10,0.7011949419975281,hard,"[7.99180793762207,0.5143375396728516,1.645443320274353]",identity,13b9cc68c413c2925ee4bfe0ec02a9ccafacb684ab168652528ebdf0f036d539,1,0,0,5.85003901,0,1,0,437,4.37,6.90028,3.8933,0.8909153318077803,1.95288,0.102831,0.830207,1.14194,1.6895,0,-1,1.49212,-0.200758,1.45428,-0.315832,4.01,1.10629,-0.231867,1.24135,near_first_partition,73ace8402333355afadc2bef0a1a8087384d169e17afd3a3bd3e0a491a9adcdb,/Users/muadhsambul/RL/webots/results/room-webots-transfer/cases/f15-dev-0010-s2c1b1df3-w5e651fdf/episode.json,/Users/muadhsambul/RL/webots/results/room-webots-transfer/cases/f15-dev-0010-s2c1b1df3-w5e651fdf/trace.csv,/Users/muadhsambul/RL/webots/results/room-webots-transfer/cases/f15-dev-0010-s2c1b1df3-w5e651fdf/route.wbt,/Users/muadhsambul/RL/webots/results/room-webots-transfer/cases/f15-dev-0010-s2c1b1df3-w5e651fdf/run_manifest.json
f15-dev-0011-sfd44c7ba-w5e651fdf-mirror-y,15,dev,4249143226,11,0.9580516219139099,hard,"[7.580906391143799,0.21072714030742645,1.6300801038742065]",mirror_y,67d8752dcabead77b0ba9090c3542f696a6200f83dad2ae86ad6e922e640fe3a,0,1,0,,0,1,0,906,9.06,1.51134,14.992,1.6547461368653422,4.46802,0.115247,0.877278,0.184326,2.21873,0,-1,1.49212,-0.200758,1.45502,-0.321056,9.01,6.07941,-0.171178,1.37959,near_second_partition,46938eca7a726e9d488cc38d88fa9c5dbd335991c4bd69e46bd2a0552a23a8fe,/Users/muadhsambul/RL/webots/results/room-webots-transfer/cases/f15-dev-0011-sfd44c7ba-w5e651fdf-mirror-y/episode.json,/Users/muadhsambul/RL/webots/results/room-webots-transfer/cases/f15-dev-0011-sfd44c7ba-w5e651fdf-mirror-y/trace.csv,/Users/muadhsambul/RL/webots/results/room-webots-transfer/cases/f15-dev-0011-sfd44c7ba-w5e651fdf-mirror-y/route.wbt,/Users/muadhsambul/RL/webots/results/room-webots-transfer/cases/f15-dev-0011-sfd44c7ba-w5e651fdf-mirror-y/run_manifest.json
f15-dev-0012-sa9ee9ae1-w5e651fdf,15,dev,2850986721,12,0.995169997215271,hard,"[7.658232688903809,-0.38340333104133606,1.1383864879608154]",identity,63548da3cc33eb683213682a795525a1393985962321880b3f243d26172e9476,0,1,0,,0,1,0,788,7.88,1.59179,8.38587,1.0641967005076143,2.04842,0.10724,0.449499,0.862148,1.5,0,-1,1.49212,-0.200758,1.44123,-0.54599,7.01,6.13559,0.192423,1.24385,near_second_partition,ce93784dea96ec0fb22d678658fc5be8cf299fa363d88cc46bacf21f260b41da,/Users/muadhsambul/RL/webots/results/room-webots-transfer/cases/f15-dev-0012-sa9ee9ae1-w5e651fdf/episode.json,/Users/muadhsambul/RL/webots/results/room-webots-transfer/cases/f15-dev-0012-sa9ee9ae1-w5e651fdf/trace.csv,/Users/muadhsambul/RL/webots/results/room-webots-transfer/cases/f15-dev-0012-sa9ee9ae1-w5e651fdf/route.wbt,/Users/muadhsambul/RL/webots/results/room-webots-transfer/cases/f15-dev-0012-sa9ee9ae1-w5e651fdf/run_manifest.json
f15-dev-0013-s59acf027-w5e651fdf-mirror-y,15,dev,1504505895,13,0.17680776119232178,easy,"[7.973434925079346,-0.3236444890499115,1.269249439239502]",mirror_y,1326d8c5f435709efa623c9c2f340e6fcc3323541f33eb107fc31783a9e07452,1,0,0,5.50003099,1,0,0,556,5.56,0.339881,8.37325,1.5059802158273383,2.34226,0.600347,0.303016,1.2295,2.23383,1,5.56,1.49212,-0.200758,1.45474,-0.252104,5.01,6.87847,-0.50697,1.26239,near_second_partition,87685fb5455ae265bc81296285df45f2cb99dd82e628082ffe8786eff00ccca1,/Users/muadhsambul/RL/webots/results/room-webots-transfer/cases/f15-dev-0013-s59acf027-w5e651fdf-mirror-y/episode.json,/Users/muadhsambul/RL/webots/results/room-webots-transfer/cases/f15-dev-0013-s59acf027-w5e651fdf-mirror-y/trace.csv,/Users/muadhsambul/RL/webots/results/room-webots-transfer/cases/f15-dev-0013-s59acf027-w5e651fdf-mirror-y/route.wbt,/Users/muadhsambul/RL/webots/results/room-webots-transfer/cases/f15-dev-0013-s59acf027-w5e651fdf-mirror-y/run_manifest.json
f15-dev-0014-scd18eac9-w5e651fdf,15,dev,3440962249,14,0.8055242896080017,hard,"[7.645048141479492,-0.2765176594257355,1.415409803390503]",identity,44d3d02cee18d1154e962bc79c34b629d1a54932fc98a26b34691e43d03006f7,1,0,0,9.80012894,1,0,0,1051,10.51,0.344589,12.531,1.1922930542340628,1.84537,0.227298,0.308258,0.978009,1.96937,1,10.51,1.49212,-0.200758,1.44706,-0.455276,10.01,8.11881,-0.556632,1.77042,other,259bb0e691508d75d98b372df1d7ff5951994bc86d1e3c7491d8727b5af0ff59,/Users/muadhsambul/RL/webots/results/room-webots-transfer/cases/f15-dev-0014-scd18eac9-w5e651fdf/episode.json,/Users/muadhsambul/RL/webots/results/room-webots-transfer/cases/f15-dev-0014-scd18eac9-w5e651fdf/trace.csv,/Users/muadhsambul/RL/webots/results/room-webots-transfer/cases/f15-dev-0014-scd18eac9-w5e651fdf/route.wbt,/Users/muadhsambul/RL/webots/results/room-webots-transfer/cases/f15-dev-0014-scd18eac9-w5e651fdf/run_manifest.json
f15-dev-0015-s3b9dbe94-w5e651fdf-mirror-y,15,dev,1000193684,15,0.8360992074012756,hard,"[7.312226295471191,0.31543028354644775,1.271927833557129]",mirror_y,1a149179f7453f6db12c90f0137dc29f1a75f54a0cb47c66aad751d4ee66c242,0,1,0,,0,1,0,235,2.35,6.4324,1.85685,0.7901489361702126,1.55361,0.100215,0.699856,0.850666,1.5,0,-1,1.49212,-0.200758,1.45027,-0.409508,2.01,0.862828,0.280885,0.938421,near_first_partition,4b262068ac1ef695232b4c0c1bc1538056fe70faa9164e11e2a8d1ffc3a04337,/Users/muadhsambul/RL/webots/results/room-webots-transfer/cases/f15-dev-0015-s3b9dbe94-w5e651fdf-mirror-y/episode.json,/Users/muadhsambul/RL/webots/results/room-webots-transfer/cases/f15-dev-0015-s3b9dbe94-w5e651fdf-mirror-y/trace.csv,/Users/muadhsambul/RL/webots/results/room-webots-transfer/cases/f15-dev-0015-s3b9dbe94-w5e651fdf-mirror-y/route.wbt,/Users/muadhsambul/RL/webots/results/room-webots-transfer/cases/f15-dev-0015-s3b9dbe94-w5e651fdf-mirror-y/run_manifest.json
f15-dev-0016-sf12f397f-w5e651fdf,15,dev,4046403967,16,0.6375066041946411,medium,"[7.381776809692383,0.018260478973388672,1.318390965461731]",identity,08c77f9ad5236f356982b762e4235a0298473dece99a9b84a2f03d7bbfb31f5d,1,0,0,5.80003786,1,0,0,588,5.88,0.34638,9.0844,1.544965986394558,1.88399,0.211367,0.390317,1.11554,1.94721,1,5.88,1.49212,-0.200758,1.44835,-0.428973,5.01,6.02435,0.791204,1.39604,near_second_partition,796d3a341e4c96455125b23dc93f4c09fd38600f9ba366415e4fce37d6b3dd5d,/Users/muadhsambul/RL/webots/results/room-webots-transfer/cases/f15-dev-0016-sf12f397f-w5e651fdf/episode.json,/Users/muadhsambul/RL/webots/results/room-webots-transfer/cases/f15-dev-0016-sf12f397f-w5e651fdf/trace.csv,/Users/muadhsambul/RL/webots/results/room-webots-transfer/cases/f15-dev-0016-sf12f397f-w5e651fdf/route.wbt,/Users/muadhsambul/RL/webots/results/room-webots-transfer/cases/f15-dev-0016-sf12f397f-w5e651fdf/run_manifest.json
f15-dev-0017-s45b8c541-w5e651fdf-mirror-y,15,dev,1169737025,17,0.14769792556762695,easy,"[7.449111461639404,-0.2320997714996338,1.1438716650009155]",mirror_y,796c913302c558c13fe27a0c022c725e7cee7a22fcf5f9dbf94ff7ce9c431c8d,0,1,0,,1,0,0,523,5.23,0.343441,7.78749,1.489003824091778,2.34999,0.470557,0.34416,1.07901,2.04002,1,5.23,1.49212,-0.200758,1.45521,-0.259014,5.01,6.83855,-0.431421,1.09365,near_second_partition,6e6bc523873edec90c96b991297ef898b0dc174852264fcae7af8f499117e746,/Users/muadhsambul/RL/webots/results/room-webots-transfer/cases/f15-dev-0017-s45b8c541-w5e651fdf-mirror-y/episode.json,/Users/muadhsambul/RL/webots/results/room-webots-transfer/cases/f15-dev-0017-s45b8c541-w5e651fdf-mirror-y/trace.csv,/Users/muadhsambul/RL/webots/results/room-webots-transfer/cases/f15-dev-0017-s45b8c541-w5e651fdf-mirror-y/route.wbt,/Users/muadhsambul/RL/webots/results/room-webots-transfer/cases/f15-dev-0017-s45b8c541-w5e651fdf-mirror-y/run_manifest.json
f15-dev-0018-sa699d3c7-w5e651fdf,15,dev,2795099079,18,0.010947346687316895,easy,"[7.3959174156188965,0.13400216400623322,1.887937068939209]",identity,25f7e79bd78909f6b1ee50374c3bc513f6b1a3afb1914a820d8ad8772c04063a,1,0,0,5.15002298,1,0,0,522,5.22,0.343429,7.89914,1.5132452107279695,2.16071,0.4575,0.298396,1.38913,2.36682,1,5.22,1.49212,-0.200758,1.45667,-0.251731,5.01,6.88945,-0.0679897,1.81555,near_second_partition,91e895d6044c6fbe6ac5f4cab051112d2725b9c26c689e2710af6ba38a5d20c3,/Users/muadhsambul/RL/webots/results/room-webots-transfer/cases/f15-dev-0018-sa699d3c7-w5e651fdf/episode.json,/Users/muadhsambul/RL/webots/results/room-webots-transfer/cases/f15-dev-0018-sa699d3c7-w5e651fdf/trace.csv,/Users/muadhsambul/RL/webots/results/room-webots-transfer/cases/f15-dev-0018-sa699d3c7-w5e651fdf/route.wbt,/Users/muadhsambul/RL/webots/results/room-webots-transfer/cases/f15-dev-0018-sa699d3c7-w5e651fdf/run_manifest.json
f15-dev-0019-s3010baf6-w5e651fdf-mirror-y,15,dev,806402806,19,0.7174696326255798,hard,"[7.699659824371338,0.14155161380767822,1.4090410470962524]",mirror_y,60658c5a3d00f2030773ef9c5b7db346360f075e30cce47823117e315724ab13,1,0,0,9.2001152,0,1,0,518,5.18,1.63413,7.71604,1.4895830115830115,2.29934,0.141078,0.386795,1.33209,1.95319,0,-1,1.49212,-0.200758,1.45538,-0.284073,5.01,6.0125,-0.614951,1.61106,near_second_partition,96d01e0e0789307537c80acb4a898a0ef3f033234460146a9999db8f38f63a7a,/Users/muadhsambul/RL/webots/results/room-webots-transfer/cases/f15-dev-0019-s3010baf6-w5e651fdf-mirror-y/episode.json,/Users/muadhsambul/RL/webots/results/room-webots-transfer/cases/f15-dev-0019-s3010baf6-w5e651fdf-mirror-y/trace.csv,/Users/muadhsambul/RL/webots/results/room-webots-transfer/cases/f15-dev-0019-s3010baf6-w5e651fdf-mirror-y/route.wbt,/Users/muadhsambul/RL/webots/results/room-webots-transfer/cases/f15-dev-0019-s3010baf6-w5e651fdf-mirror-y/run_manifest.json
f15-dev-0020-sc671a06a-w5e651fdf,15,dev,3329335402,20,0.6953577399253845,hard,"[7.5525593757629395,0.5193848013877869,1.7179101705551147]",identity,1e0a60e1bda0a8d985b8dd59a7b269f388518ba630373a6f22fef26348bb8a57,1,0,0,5.60003328,0,1,0,283,2.83,7.92652,5.07105,1.7918904593639575,4.18116,0.11269,1.26135,0.179946,1.58194,0,-1,1.49212,-0.200758,1.45356,-0.331199,2.01,0.973451,0.738444,0.945612,near_first_partition,c5946174bea8f7bbe33cf6a45ab977074c542c747c0604b2aa0c110cb36ee7bc,/Users/muadhsambul/RL/webots/results/room-webots-transfer/cases/f15-dev-0020-sc671a06a-w5e651fdf/episode.json,/Users/muadhsambul/RL/webots/results/room-webots-transfer/cases/f15-dev-0020-sc671a06a-w5e651fdf/trace.csv,/Users/muadhsambul/RL/webots/results/room-webots-transfer/cases/f15-dev-0020-sc671a06a-w5e651fdf/route.wbt,/Users/muadhsambul/RL/webots/results/room-webots-transfer/cases/f15-dev-0020-sc671a06a-w5e651fdf/run_manifest.json
f15-dev-0021-s053d6edd-w5e651fdf-mirror-y,15,dev,87912157,21,0.6788191199302673,hard,"[7.731340408325195,-0.2622518837451935,1.7369029521942139]",mirror_y,7e966b57e0d2258bd5f9ea58f512221c83b130b06aa16e36ee99c214e5644fb1,1,0,0,5.55003214,1,0,0,564,5.64,0.344159,8.67419,1.53797695035461,2.25218,0.360963,0.286724,1.42354,2.44073,1,5.64,1.49212,-0.200758,1.45898,-0.208668,5.01,6.55125,-0.810228,1.73202,near_second_partition,b47f1bea5ce4e3f17897bda64823983ca0f727e7bac3795f0bc2d0b72193d81b,/Users/muadhsambul/RL/webots/results/room-webots-transfer/cases/f15-dev-0021-s053d6edd-w5e651fdf-mirror-y/episode.json,/Users/muadhsambul/RL/webots/results/room-webots-transfer/cases/f15-dev-0021-s053d6edd-w5e651fdf-mirror-y/trace.csv,/Users/muadhsambul/RL/webots/results/room-webots-transfer/cases/f15-dev-0021-s053d6edd-w5e651fdf-mirror-y/route.wbt,/Users/muadhsambul/RL/webots/results/room-webots-transfer/cases/f15-dev-0021-s053d6edd-w5e651fdf-mirror-y/run_manifest.json
f15-dev-0022-s106697c1-w5e651fdf,15,dev,275158977,22,0.8258479833602905,hard,"[7.993965148925781,-0.043006040155887604,1.8724490404129028]",identity,f5567567e80c6758888c9370f39facccdaa78505989ea4a423eef5ee15f708b4,1,0,0,9.2001152,0,1,0,298,2.98,6.90965,2.59269,0.8700302013422819,1.47345,0.104032,0.751814,1.33512,2.64116,0,-1,1.49212,-0.200758,1.45413,-0.314732,2.01,1.05133,-0.288088,1.66416,near_first_partition,eca43318de78cf30ac0badf3a2c4969e57ed0ec5948e6123885eeb23fee2f61e,/Users/muadhsambul/RL/webots/results/room-webots-transfer/cases/f15-dev-0022-s106697c1-w5e651fdf/episode.json,/Users/muadhsambul/RL/webots/results/room-webots-transfer/cases/f15-dev-0022-s106697c1-w5e651fdf/trace.csv,/Users/muadhsambul/RL/webots/results/room-webots-transfer/cases/f15-dev-0022-s106697c1-w5e651fdf/route.wbt,/Users/muadhsambul/RL/webots/results/room-webots-transfer/cases/f15-dev-0022-s106697c1-w5e651fdf/run_manifest.json
f15-dev-0023-s693e1a97-w5e651fdf-mirror-y,15,dev,1765677719,23,0.1631811261177063,easy,"[7.306881904602051,0.3067811131477356,1.897221326828003]",mirror_y,29d191182694674b9192393df5a84e8de4cdac8524fa16037f45c36bfb6d355f,1,0,0,5.15002298,1,0,0,523,5.23,0.342484,7.86536,1.5038929254302102,2.32906,0.432316,0.302363,1.422,2.26821,1,5.23,1.49212,-0.200758,1.45781,-0.221871,5.01,6.92245,-0.129085,1.89133,other,faf79ca4c00083eded9d334d18202ed5d72d02647d5a9515c767a81bb80bdfbc,/Users/muadhsambul/RL/webots/results/room-webots-transfer/cases/f15-dev-0023-s693e1a97-w5e651fdf-mirror-y/episode.json,/Users/muadhsambul/RL/webots/results/room-webots-transfer/cases/f15-dev-0023-s693e1a97-w5e651fdf-mirror-y/trace.csv,/Users/muadhsambul/RL/webots/results/room-webots-transfer/cases/f15-dev-0023-s693e1a97-w5e651fdf-mirror-y/route.wbt,/Users/muadhsambul/RL/webots/results/room-webots-transfer/cases/f15-dev-0023-s693e1a97-w5e651fdf-mirror-y/run_manifest.json
f15-dev-0024-s32762236-w5e651fdf,15,dev,846602806,24,0.928295910358429,hard,"[7.973208904266357,0.11131439357995987,1.5268372297286987]",identity,25c7ea258b7c640a1aadb112776f27439ef50e04fe6594b40ddb6681b182b2af,1,0,0,10.6001472,0,1,0,328,3.28,9.76175,6.15903,1.8777530487804879,4.84952,0.101227,1.33713,0.179704,1.5,0,-1,1.49212,-0.200758,1.44819,-0.408303,3.01,-0.972651,0.91732,0.289965,near_start_floor_or_other,dbbaba9abf92d1b0ec80577d01721f8069edec30fb20c605265291ef459cb3f3,/Users/muadhsambul/RL/webots/results/room-webots-transfer/cases/f15-dev-0024-s32762236-w5e651fdf/episode.json,/Users/muadhsambul/RL/webots/results/room-webots-transfer/cases/f15-dev-0024-s32762236-w5e651fdf/trace.csv,/Users/muadhsambul/RL/webots/results/room-webots-transfer/cases/f15-dev-0024-s32762236-w5e651fdf/route.wbt,/Users/muadhsambul/RL/webots/results/room-webots-transfer/cases/f15-dev-0024-s32762236-w5e651fdf/run_manifest.json
f15-dev-0025-s8faf2f35-w5e651fdf-mirror-y,15,dev,2410622773,25,0.04954075813293457,easy,"[7.6967997550964355,0.33801427483558655,1.188108205795288]",mirror_y,f212b61cb89076d3e932c2f344b36338d2ea19a5a5bb9621738a3a0f34d2abc5,1,0,0,5.35002756,1,0,0,537,5.37,0.337768,8.1105,1.5103351955307263,2.34434,0.393755,0.322294,1.10187,1.84112,1,5.37,1.49212,-0.200758,1.45449,-0.268292,5.01,6.95224,-0.0424974,1.21397,other,155963b37085fe6b0683a648df34e86a5e53363faf52b402b0e3329eae696dae,/Users/muadhsambul/RL/webots/results/room-webots-transfer/cases/f15-dev-0025-s8faf2f35-w5e651fdf-mirror-y/episode.json,/Users/muadhsambul/RL/webots/results/room-webots-transfer/cases/f15-dev-0025-s8faf2f35-w5e651fdf-mirror-y/trace.csv,/Users/muadhsambul/RL/webots/results/room-webots-transfer/cases/f15-dev-0025-s8faf2f35-w5e651fdf-mirror-y/route.wbt,/Users/muadhsambul/RL/webots/results/room-webots-transfer/cases/f15-dev-0025-s8faf2f35-w5e651fdf-mirror-y/run_manifest.json
f15-dev-0026-sdc88f704-w5e651fdf,15,dev,3699963652,26,0.7024876475334167,hard,"[7.911007881164551,-0.3065081238746643,1.2706897258758545]",identity,10f0d49a815fb4eca01d3e1e15c76557efe1c469032117efd7b1c342684a1058,1,0,0,9.95013237,1,0,0,1049,10.49,0.346704,12.4031,1.182373689227836,2.01773,0.181688,0.27956,1.05884,1.81663,1,10.49,1.49212,-0.200758,1.44912,-0.403684,10.01,8.36149,-0.591384,1.5922,other,e06a3def11008fb866173c6bb9b73238ba73703e253048c8265230af0fa5e1c8,/Users/muadhsambul/RL/webots/results/room-webots-transfer/cases/f15-dev-0026-sdc88f704-w5e651fdf/episode.json,/Users/muadhsambul/RL/webots/results/room-webots-transfer/cases/f15-dev-0026-sdc88f704-w5e651fdf/trace.csv,/Users/muadhsambul/RL/webots/results/room-webots-transfer/cases/f15-dev-0026-sdc88f704-w5e651fdf/route.wbt,/Users/muadhsambul/RL/webots/results/room-webots-transfer/cases/f15-dev-0026-sdc88f704-w5e651fdf/run_manifest.json
f15-dev-0027-s68a1a203-w5e651fdf-mirror-y,15,dev,1755423235,27,0.8693272471427917,hard,"[7.513664722442627,-0.15128052234649658,1.6327393054962158]",mirror_y,12a0cb2bbcfec5da54ff20215a81f8b00e26f2bcdb45b5532077b2b8c59df100,0,1,0,,0,1,0,192,1.92,6.55314,1.98541,1.0340677083333334,2.08799,0.105246,0.86044,0.940583,1.5,0,-1,1.49212,-0.200758,1.4529,-0.353912,1.01,0.811631,0.33196,1.26287,near_first_partition,15cb6737e1e5508118ed926037e9de9e758e0dbc389dcd6247cef76c6b80c3cf,/Users/muadhsambul/RL/webots/results/room-webots-transfer/cases/f15-dev-0027-s68a1a203-w5e651fdf-mirror-y/episode.json,/Users/muadhsambul/RL/webots/results/room-webots-transfer/cases/f15-dev-0027-s68a1a203-w5e651fdf-mirror-y/trace.csv,/Users/muadhsambul/RL/webots/results/room-webots-transfer/cases/f15-dev-0027-s68a1a203-w5e651fdf-mirror-y/route.wbt,/Users/muadhsambul/RL/webots/results/room-webots-transfer/cases/f15-dev-0027-s68a1a203-w5e651fdf-mirror-y/run_manifest.json
f15-dev-0028-s7ada4882-w5e651fdf,15,dev,2061125762,28,0.23520523309707642,easy,"[7.8622283935546875,0.08876323699951172,1.5796992778778076]",identity,82bac251fdd062ff28a177676b9fa505a0204dacc4f71210263471e52d560835,1,0,0,5.55003214,1,0,0,561,5.61,0.342662,8.56987,1.5276060606060604,2.21443,0.353308,0.307554,1.37822,2.15622,1,5.61,1.49212,-0.200758,1.45623,-0.265083,5.01,6.65627,0.383633,1.52697,near_second_partition,fee3aa15296f860d2263b2178c1a05a733bba3dcada38b7d419f049856ec7576,/Users/muadhsambul/RL/webots/results/room-webots-transfer/cases/f15-dev-0028-s7ada4882-w5e651fdf/episode.json,/Users/muadhsambul/RL/webots/results/room-webots-transfer/cases/f15-dev-0028-s7ada4882-w5e651fdf/trace.csv,/Users/muadhsambul/RL/webots/results/room-webots-transfer/cases/f15-dev-0028-s7ada4882-w5e651fdf/route.wbt,/Users/muadhsambul/RL/webots/results/room-webots-transfer/cases/f15-dev-0028-s7ada4882-w5e651fdf/run_manifest.json
f15-dev-0029-s49d35751-w5e651fdf-mirror-y,15,dev,1238587217,29,0.33669525384902954,medium,"[7.209992408752441,0.19503113627433777,1.7015329599380493]",mirror_y,f3f97949d0bc40998a90ab8328cdb538bc1f8c64cf44c6a56a4737bc0370dd79,1,0,0,5.15002298,1,0,0,523,5.23,0.345097,7.92739,1.5157533460803059,2.29965,0.328466,0.297207,1.42913,2.18741,1,5.23,1.49212,-0.200758,1.46065,-0.185098,5.01,6.76111,-0.27912,1.67415,near_second_partition,601a371a067149cbb9ae90a682afb30534e9eeee87671fc106626d624a12f99a,/Users/muadhsambul/RL/webots/results/room-webots-transfer/cases/f15-dev-0029-s49d35751-w5e651fdf-mirror-y/episode.json,/Users/muadhsambul/RL/webots/results/room-webots-transfer/cases/f15-dev-0029-s49d35751-w5e651fdf-mirror-y/trace.csv,/Users/muadhsambul/RL/webots/results/room-webots-transfer/cases/f15-dev-0029-s49d35751-w5e651fdf-mirror-y/route.wbt,/Users/muadhsambul/RL/webots/results/room-webots-transfer/cases/f15-dev-0029-s49d35751-w5e651fdf-mirror-y/run_manifest.json
