rollout,transitions,wall_s,gpu_s,success,worst_family_success,collision,timeout
50,204800,2.84599,0.0514652,0.511111,0,0.488889,0
100,409600,6.4376,0.055731,0.477778,0,0.522222,0
150,614400,9.52113,0.047296,0.533333,0,0.466667,0
200,819200,12.5327,0.0495885,0.533333,0,0.466667,0
250,1024000,15.3979,0.0464078,0.522222,0,0.477778,0
300,1228800,18.478,0.0504352,0.544444,0,0.455556,0
350,1433600,21.5942,0.0504996,0.5,0,0.477778,0.0222222
400,1638400,24.9153,0.0430732,0.522222,0,0.466667,0.0111111
450,1843200,27.9737,0.0478645,0.511111,0,0.488889,0
500,2048000,31.1845,0.056827,0.522222,0,0.477778,0
550,2252800,34.2854,0.048396,0.444444,0,0.555556,0
600,2457600,37.168,0.0452857,0.466667,0,0.533333,0
650,2662400,40.0701,0.0515017,0.388889,0,0.611111,0
700,2867200,43.0122,0.0510155,0.377778,0,0.622222,0
750,3072000,45.8693,0.0481379,0.4,0,0.6,0
800,3276800,48.7398,0.0517062,0.366667,0,0.633333,0
850,3481600,51.7664,0.0489521,0.344444,0,0.644444,0.0111111
900,3686400,54.8022,0.0484265,0.322222,0,0.644444,0.0333333
950,3891200,58.1093,0.065205,0.311111,0,0.655556,0.0333333
1000,4096000,61.6343,0.059505,0.311111,0,0.666667,0.0222222
1050,4300800,65.2763,0.0612005,0.344444,0,0.644444,0.0111111
1100,4505600,69.4376,0.0576609,0.288889,0,0.655556,0.0555556
1150,4710400,73.022,0.0586511,0.3,0,0.655556,0.0444444
1200,4915200,76.462,0.05881,0.244444,0,0.655556,0.1
1250,5120000,79.8703,0.0601286,0.166667,0,0.677778,0.155556
1300,5324800,83.3545,0.0565957,0.277778,0,0.6,0.122222
1350,5529600,86.8597,0.0579885,0.288889,0,0.6,0.111111
1400,5734400,90.3748,0.0599633,0.344444,0,0.611111,0.0444444
1450,5939200,92.7448,0.0333627,0.355556,0,0.6,0.0444444
1500,6144000,94.7885,0.0349987,0.333333,0,0.622222,0.0444444
1550,6348800,96.7942,0.0336701,0.3,0,0.688889,0.0111111
1600,6553600,98.7676,0.0338056,0.333333,0,0.633333,0.0333333
1650,6758400,100.804,0.0331874,0.388889,0,0.6,0.0111111
1700,6963200,102.819,0.0339153,0.377778,0,0.611111,0.0111111
1750,7168000,104.734,0.0354721,0.355556,0,0.644444,0
1800,7372800,106.712,0.0350506,0.411111,0,0.588889,0
1850,7577600,108.779,0.035452,0.388889,0,0.6,0.0111111
1900,7782400,110.721,0.0326228,0.377778,0,0.622222,0
1950,7987200,112.609,0.0326393,0.288889,0,0.711111,0
2000,8192000,114.454,0.0328485,0.422222,0,0.577778,0
