failure_id,scene_sha256,split,family,family_name,seed,base_seed,environment_index,distance_m,geometry_contract,difficulty,difficulty_band,mode,speed_mps,max_steps,wind_x,wind_y,wind_z,obstacle_count,witness_route_json,episodes,success,collision,timeout,progress,path_m,elapsed_s,goal_time_s,mean_speed_mps,peak_speed_mps,min_clearance_m,physics_invalid,direct_route_clearance_m,witness_min_clearance_m,witness_sample_count,checkpoint_sha256,bank_sha256,world_source_sha256
f14-dev-0000-s7e641c55-w5e651fdf,371aa01c70d125f04fb8c6768631fa2a27876ae76c4308836ae2a6447429e110,dev,14,bent_hallway_corner,2120490069,3677739006,0,8,"connected partitions force north turn, east hall, then south turn",0.628546894,medium,2,1.5,400,0,0,0,2,"[[0,0,1.5],[1.69628084,4.3514185,1.5],[2.49628091,4.3514185,1.5],[6.24368668,4.3514185,1.5],[6.24368668,-0.154353976,1.5],[7.58871078,-0.154353976,1.2226212]]",1,0,1,0,0.233513832,1.87510312,1.15999925,,1.61646926,2.50475025,-0.00315746665,not_instrumented,-0.329400212,0.220000088,310,fdd62374c9a1724fc12690d1ccb756985b6c9f8d5f945b290156c17a204cf7d9,52a2e1ccdb91a21c342cf2f0cc8388c653021425674ea5ff4736a039efdc0fab,5e651fdf2dcb2d252b64d688a46ab0b793849356bd10a1c205d2b7cd9fabffa2
f14-dev-0001-s8e7c8a9c-w5e651fdf,d28506cc57af52eebf9fc94f1da1205d289dcf0b60476d9e1d978a0eb5fbd1ea,dev,14,bent_hallway_corner,2390526620,3677739006,1,8,"connected partitions force north turn, east hall, then south turn",0.969479978,hard,2,1.5,400,0,0,0,2,"[[0,0,1.5],[1.63714111,4.48779202,1.5],[2.43714118,4.48779202,1.5],[6.36743069,4.48779202,1.5],[6.36743069,0.500927567,1.5],[7.48166418,0.500927567,1.36993194]]",1,0,1,0,0.230311334,1.82253957,1.12999928,,1.61286795,2.50367308,-0.0139326751,not_instrumented,-0.322152883,0.152207762,300,fdd62374c9a1724fc12690d1ccb756985b6c9f8d5f945b290156c17a204cf7d9,52a2e1ccdb91a21c342cf2f0cc8388c653021425674ea5ff4736a039efdc0fab,5e651fdf2dcb2d252b64d688a46ab0b793849356bd10a1c205d2b7cd9fabffa2
f14-dev-0002-s9d66b173-w5e651fdf,32458c601d9e28b5b0265cc55cb7deb4721ee11920255e65d9be5892930f74a0,dev,14,bent_hallway_corner,2640753011,3677739006,2,8,"connected partitions force north turn, east hall, then south turn",0.299907863,easy,2,1.5,400,0,0,0,2,"[[0,0,1.5],[1.33593845,4.21996307,1.5],[2.13593841,4.21996307,1.5],[5.76727724,4.21996307,1.5],[5.76727724,-0.493729174,1.5],[7.20625687,-0.493729174,1.50122058]]",1,0,1,0,0.194346905,1.48948598,0.949999392,,1.56788099,2.46325731,-0.00691744685,not_instrumented,-0.326497138,0.220000207,307,fdd62374c9a1724fc12690d1ccb756985b6c9f8d5f945b290156c17a204cf7d9,52a2e1ccdb91a21c342cf2f0cc8388c653021425674ea5ff4736a039efdc0fab,5e651fdf2dcb2d252b64d688a46ab0b793849356bd10a1c205d2b7cd9fabffa2
f14-dev-0003-sfcf97001-w5e651fdf,04581086e0cdcfe9ac3e9893c396119e5b648c67994d8c3d5143d2396238d01b,dev,14,bent_hallway_corner,4244205569,3677739006,3,8,"connected partitions force north turn, east hall, then south turn",0.269267023,easy,2,1.5,400,0,0,0,2,"[[0,0,1.5],[1.63667214,4.20770693,1.5],[2.43667221,4.20770693,1.5],[6.14289618,4.20770693,1.5],[6.14289618,-0.558171034,1.5],[7.7513175,-0.558171034,1.27293897]]",1,0,1,0,0.221361279,1.81895006,1.12999928,,1.60969138,2.4887867,-0.0110042989,not_instrumented,-0.329466879,0.220000207,317,fdd62374c9a1724fc12690d1ccb756985b6c9f8d5f945b290156c17a204cf7d9,52a2e1ccdb91a21c342cf2f0cc8388c653021425674ea5ff4736a039efdc0fab,5e651fdf2dcb2d252b64d688a46ab0b793849356bd10a1c205d2b7cd9fabffa2
f14-dev-0004-sc47f3901-w5e651fdf,c8e199b71858e7fb818f28ed3f3ee1dcf42468e4b4ba79398d4520b2eeeb38a1,dev,14,bent_hallway_corner,3296672001,3677739006,4,8,"connected partitions force north turn, east hall, then south turn",0.772995353,hard,2,1.5,400,0,0,0,2,"[[0,0,1.5],[1.5822885,4.40919828,1.5],[2.38228846,4.40919828,1.5],[6.03784132,4.40919828,1.5],[6.03784132,-0.192528322,1.5],[7.20340729,-0.192528322,1.62689865]]",1,0,1,0,0.228349388,1.73469388,1.08999932,,1.59146333,2.45774221,-0.00384578109,not_instrumented,-0.325141639,0.194077387,306,fdd62374c9a1724fc12690d1ccb756985b6c9f8d5f945b290156c17a204cf7d9,52a2e1ccdb91a21c342cf2f0cc8388c653021425674ea5ff4736a039efdc0fab,5e651fdf2dcb2d252b64d688a46ab0b793849356bd10a1c205d2b7cd9fabffa2
f14-dev-0005-s42606920-w5e651fdf,49aeb1ebe6d5186a88852f9581809d84d872c75bb4788c1a1a71b2a17603cb09,dev,14,bent_hallway_corner,1113614624,3677739006,5,8,"connected partitions force north turn, east hall, then south turn",0.616580606,medium,2,1.5,400,0,0,0,2,"[[0,0,1.5],[1.51651251,4.346632,1.5],[2.31651258,4.346632,1.5],[6.41610479,4.346632,1.5],[6.41610479,0.443800449,1.5],[7.82850313,0.443800449,1.16945958]]",1,0,1,0,0.204502463,1.69725454,1.04999936,,1.61643386,2.52156425,-0.00620779395,not_instrumented,-0.308284461,0.212399334,306,fdd62374c9a1724fc12690d1ccb756985b6c9f8d5f945b290156c17a204cf7d9,52a2e1ccdb91a21c342cf2f0cc8388c653021425674ea5ff4736a039efdc0fab,5e651fdf2dcb2d252b64d688a46ab0b793849356bd10a1c205d2b7cd9fabffa2
f14-dev-0006-s56845228-w5e651fdf,58ec3d1845de4d061503e2d8329f879094ec7ca31ec156d7cc7eca31bc55d1b5,dev,14,bent_hallway_corner,1451512360,3677739006,6,8,"connected partitions force north turn, east hall, then south turn",0.397439122,medium,2,1.5,400,0,0,0,2,"[[0,0,1.5],[1.40074241,4.25897551,1.5],[2.20074248,4.25897551,1.5],[5.98942137,4.25897551,1.5],[5.98942137,0.391074955,1.5],[7.4329834,0.391074955,1.60070372]]",1,0,1,0,0.198774397,1.56435096,0.989999354,,1.58015347,2.47658253,-0.0157708824,not_instrumented,-0.325146228,0.220000088,295,fdd62374c9a1724fc12690d1ccb756985b6c9f8d5f945b290156c17a204cf7d9,52a2e1ccdb91a21c342cf2f0cc8388c653021425674ea5ff4736a039efdc0fab,5e651fdf2dcb2d252b64d688a46ab0b793849356bd10a1c205d2b7cd9fabffa2
f14-dev-0007-s40e7965f-w5e651fdf,84974381e0531a48c275b0884fab36c21524bfbeb55806c2d26cd9d68784570b,dev,14,bent_hallway_corner,1088919135,3677739006,7,8,"connected partitions force north turn, east hall, then south turn",0.128228962,easy,2,1.5,400,0,0,0,2,"[[0,0,1.5],[1.6185745,4.15129185,1.5],[2.41857457,4.15129185,1.5],[5.80529118,4.15129185,1.5],[5.80529118,-0.47477895,1.5],[7.39912653,-0.47477895,1.44569552]]",1,0,1,0,0.229195118,1.79391825,1.11999929,,1.60171378,2.47126961,-0.0138688982,not_instrumented,-0.312573224,0.220000088,305,fdd62374c9a1724fc12690d1ccb756985b6c9f8d5f945b290156c17a204cf7d9,52a2e1ccdb91a21c342cf2f0cc8388c653021425674ea5ff4736a039efdc0fab,5e651fdf2dcb2d252b64d688a46ab0b793849356bd10a1c205d2b7cd9fabffa2
f14-dev-0008-s115b9d6e-w5e651fdf,0ff1d68cace2a0235c795614829ef9f3e53747ae09926e0dffe7efb039f0c819,dev,14,bent_hallway_corner,291216750,3677739006,8,8,"connected partitions force north turn, east hall, then south turn",0.469158053,medium,2,1.5,400,0,0,0,2,"[[0,0,1.5],[1.552683,4.28766346,1.5],[2.35268307,4.28766346,1.5],[6.35234118,4.28766346,1.5],[6.35234118,0.453723401,1.5],[7.86723328,0.453723401,1.86754131]]",1,0,1,0,0.205957532,1.70828784,1.07999933,,1.58174896,2.44861007,-0.0114382207,not_instrumented,-0.319229037,0.220000088,303,fdd62374c9a1724fc12690d1ccb756985b6c9f8d5f945b290156c17a204cf7d9,52a2e1ccdb91a21c342cf2f0cc8388c653021425674ea5ff4736a039efdc0fab,5e651fdf2dcb2d252b64d688a46ab0b793849356bd10a1c205d2b7cd9fabffa2
f14-dev-0009-s2470465f-w5e651fdf,9a0ebbc9319381e8dcc3d92c0a9e9fc0f5963aaa4d6c1a93c5ceeca8dc351108,dev,14,bent_hallway_corner,611337823,3677739006,9,8,"connected partitions force north turn, east hall, then south turn",0.956146955,hard,2,1.5,400,0,0,0,2,"[[0,0,1.5],[1.75460088,4.48245907,1.5],[2.55460095,4.48245907,1.5],[6.52597475,4.48245907,1.5],[6.52597475,0.47240752,1.5],[7.69612074,0.47240752,1.51264203]]",1,0,1,0,0.23717016,1.9297564,1.19999921,,1.60813141,2.48774743,-0.00185236335,not_instrumented,-0.310451984,0.157541424,304,fdd62374c9a1724fc12690d1ccb756985b6c9f8d5f945b290156c17a204cf7d9,52a2e1ccdb91a21c342cf2f0cc8388c653021425674ea5ff4736a039efdc0fab,5e651fdf2dcb2d252b64d688a46ab0b793849356bd10a1c205d2b7cd9fabffa2
f14-dev-0010-s3785e976-w5e651fdf,9a009283758c91837f4b46ef62438ca2bd658e888668b7a15f9039ba4ba7b3dd,dev,14,bent_hallway_corner,931522934,3677739006,10,8,"connected partitions force north turn, east hall, then south turn",0.483461618,medium,2,1.5,400,0,0,0,2,"[[0,0,1.5],[1.49785709,4.29338455,1.5],[2.29785705,4.29338455,1.5],[5.91594934,4.29338455,1.5],[5.91594934,0.557212234,1.5],[7.26427078,0.557212234,1.23220897]]",1,0,1,0,0.217700303,1.67867589,1.03999937,,1.61411238,2.52068591,-0.00665280223,not_instrumented,-0.322843552,0.220000207,288,fdd62374c9a1724fc12690d1ccb756985b6c9f8d5f945b290156c17a204cf7d9,52a2e1ccdb91a21c342cf2f0cc8388c653021425674ea5ff4736a039efdc0fab,5e651fdf2dcb2d252b64d688a46ab0b793849356bd10a1c205d2b7cd9fabffa2
f14-dev-0011-sbce720fd-w5e651fdf,e2f9e9f40f5980cf53a94fe01e9d652446818f0767729a78cd7170802354c3a5,dev,14,bent_hallway_corner,3169263869,3677739006,11,8,"connected partitions force north turn, east hall, then south turn",0.401848495,medium,2,1.5,400,0,0,0,2,"[[0,0,1.5],[1.43877447,4.26073933,1.5],[2.23877454,4.26073933,1.5],[6.04978991,4.26073933,1.5],[6.04978991,-0.111813352,1.5],[7.51185656,-0.111813352,1.78900492]]",1,0,1,0,0.199959159,1.58473313,1.00999939,,1.56904364,2.44104838,-0.0113388002,not_instrumented,-0.328120857,0.220000327,307,fdd62374c9a1724fc12690d1ccb756985b6c9f8d5f945b290156c17a204cf7d9,52a2e1ccdb91a21c342cf2f0cc8388c653021425674ea5ff4736a039efdc0fab,5e651fdf2dcb2d252b64d688a46ab0b793849356bd10a1c205d2b7cd9fabffa2
f14-dev-0012-s99477c3c-w5e651fdf,a1ee91ca77177e7b376d608ab8dd33c4ec941c26cf30d32f79b68fb87c6c3e86,dev,14,bent_hallway_corner,2571598908,3677739006,12,8,"connected partitions force north turn, east hall, then south turn",0.394716203,medium,2,1.5,400,0,0,0,2,"[[0,0,1.5],[1.54748845,4.25788641,1.5],[2.3474884,4.25788641,1.5],[5.94713497,4.25788641,1.5],[5.94713497,-0.155372217,1.5],[7.37739563,-0.155372217,1.67874873]]",1,0,1,0,0.218231976,1.69729471,1.06999934,,1.5862577,2.45274472,-0.00550553203,not_instrumented,-0.326555014,0.220000207,302,fdd62374c9a1724fc12690d1ccb756985b6c9f8d5f945b290156c17a204cf7d9,52a2e1ccdb91a21c342cf2f0cc8388c653021425674ea5ff4736a039efdc0fab,5e651fdf2dcb2d252b64d688a46ab0b793849356bd10a1c205d2b7cd9fabffa2
f14-dev-0013-scf48b619-w5e651fdf,29f7a6434ce1b2f3457273d116a76e664332e559979ecb478291579b1b3432cb,dev,14,bent_hallway_corner,3477648921,3677739006,13,8,"connected partitions force north turn, east hall, then south turn",0.47952354,medium,2,1.5,400,0,0,0,2,"[[0,0,1.5],[1.55079949,4.29180956,1.5],[2.35079956,4.29180956,1.5],[6.07426167,4.29180956,1.5],[6.07426167,0.390207618,1.5],[7.48178005,0.390207618,1.33933592]]",1,0,1,0,0.217644513,1.72250473,1.06999934,,1.60981846,2.50477958,-0.00571081042,not_instrumented,-0.324463367,0.220000207,297,fdd62374c9a1724fc12690d1ccb756985b6c9f8d5f945b290156c17a204cf7d9,52a2e1ccdb91a21c342cf2f0cc8388c653021425674ea5ff4736a039efdc0fab,5e651fdf2dcb2d252b64d688a46ab0b793849356bd10a1c205d2b7cd9fabffa2
f14-dev-0014-s682067c0-w5e651fdf,324249ca0e8cd05d9eeecf004944e345bdd76003a0173a6e5d79a943b6f7b987,dev,14,bent_hallway_corner,1746954176,3677739006,14,8,"connected partitions force north turn, east hall, then south turn",0.979113579,hard,2,1.5,400,0,0,0,2,"[[0,0,1.5],[1.57712293,4.49164534,1.5],[2.37712288,4.49164534,1.5],[6.49058628,4.49164534,1.5],[6.49058628,-0.00898640137,1.5],[7.63248634,-0.00898640137,1.88929892]]",1,0,1,0,0.214133203,1.7204181,1.08999932,,1.57836616,2.43328071,-0.00389072299,not_instrumented,-0.311701655,0.148354441,316,fdd62374c9a1724fc12690d1ccb756985b6c9f8d5f945b290156c17a204cf7d9,52a2e1ccdb91a21c342cf2f0cc8388c653021425674ea5ff4736a039efdc0fab,5e651fdf2dcb2d252b64d688a46ab0b793849356bd10a1c205d2b7cd9fabffa2
f14-dev-0015-s1eae3a07-w5e651fdf,91bb2a5c0f47256b1e97022f01e4f2a02bfaad4e16c1a2622c1727ecf2a74b3c,dev,14,bent_hallway_corner,514734599,3677739006,15,8,"connected partitions force north turn, east hall, then south turn",0.513125479,medium,2,1.5,400,0,0,0,2,"[[0,0,1.5],[1.46364105,4.30525017,1.5],[2.26364112,4.30525017,1.5],[6.27841568,4.30525017,1.5],[6.27841568,0.516900718,1.5],[7.73013306,0.516900718,1.20768988]]",1,0,1,0,0.200235665,1.64312339,1.01999938,,1.61090624,2.51948881,-0.00691375136,not_instrumented,-0.310659915,0.220000327,300,fdd62374c9a1724fc12690d1ccb756985b6c9f8d5f945b290156c17a204cf7d9,52a2e1ccdb91a21c342cf2f0cc8388c653021425674ea5ff4736a039efdc0fab,5e651fdf2dcb2d252b64d688a46ab0b793849356bd10a1c205d2b7cd9fabffa2
f14-dev-0016-s4c44120f-w5e651fdf,28add652961bb7addd9e2bd83393f9e34d8870a2f1bf89747326653211c5f166,dev,14,bent_hallway_corner,1279529487,3677739006,16,8,"connected partitions force north turn, east hall, then south turn",0.381662369,medium,2,1.5,400,0,0,0,2,"[[0,0,1.5],[1.47277582,4.25266504,1.5],[2.27277589,4.25266504,1.5],[5.96252155,4.25266504,1.5],[5.96252155,-0.510886669,1.5],[7.40900326,-0.510886669,1.27205932]]",1,0,1,0,0.209712982,1.64991856,1.02999938,,1.60186362,2.49130964,-0.0136224926,not_instrumented,-0.313231349,0.220000088,313,fdd62374c9a1724fc12690d1ccb756985b6c9f8d5f945b290156c17a204cf7d9,52a2e1ccdb91a21c342cf2f0cc8388c653021425674ea5ff4736a039efdc0fab,5e651fdf2dcb2d252b64d688a46ab0b793849356bd10a1c205d2b7cd9fabffa2
f14-dev-0017-s4f6e70ab-w5e651fdf,b14968e6b332bc6035f3c0dd1557a88faa37b6483f2ed9ab2c3365114c09c309,dev,14,bent_hallway_corner,1332637867,3677739006,17,8,"connected partitions force north turn, east hall, then south turn",0.658525944,medium,2,1.5,400,0,0,0,2,"[[0,0,1.5],[1.71128786,4.36341047,1.5],[2.51128793,4.36341047,1.5],[6.4154501,4.36341047,1.5],[6.4154501,-0.501742482,1.5],[7.79273224,-0.501742482,1.89965904]]",1,0,1,0,0.227164984,1.86758697,1.17999923,,1.5827018,2.4166491,-0.00265321136,not_instrumented,-0.306972653,0.21973896,322,fdd62374c9a1724fc12690d1ccb756985b6c9f8d5f945b290156c17a204cf7d9,52a2e1ccdb91a21c342cf2f0cc8388c653021425674ea5ff4736a039efdc0fab,5e651fdf2dcb2d252b64d688a46ab0b793849356bd10a1c205d2b7cd9fabffa2
f14-dev-0018-sb58140ca-w5e651fdf,4c8484070af4b75421e2f44999210df26d745fdd94f416d06ac85ae54c4da5f2,dev,14,bent_hallway_corner,3045146826,3677739006,18,8,"connected partitions force north turn, east hall, then south turn",0.638387203,medium,2,1.5,400,0,0,0,2,"[[0,0,1.5],[1.48553646,4.35535479,1.5],[2.28553653,4.35535479,1.5],[5.97383642,4.35535479,1.5],[5.97383642,-0.545719445,1.5],[7.2214694,-0.545719445,1.26112735]]",1,0,1,0,0.21507293,1.65056098,1.02999938,,1.60248733,2.49200654,-0.000232547522,not_instrumented,-0.323013425,0.206820756,314,fdd62374c9a1724fc12690d1ccb756985b6c9f8d5f945b290156c17a204cf7d9,52a2e1ccdb91a21c342cf2f0cc8388c653021425674ea5ff4736a039efdc0fab,5e651fdf2dcb2d252b64d688a46ab0b793849356bd10a1c205d2b7cd9fabffa2
f14-dev-0019-s6e66dc10-w5e651fdf,8f2369a841fdb8e1c2d94e65dede8f08b9c495d6782598d8f0546b47d31621f3,dev,14,bent_hallway_corner,1852234768,3677739006,19,8,"connected partitions force north turn, east hall, then south turn",0.817180336,hard,2,1.5,400,0,0,0,2,"[[0,0,1.5],[1.47602415,4.42687225,1.5],[2.2760241,4.42687225,1.5],[6.24466753,4.42687225,1.5],[6.24466753,-0.113841034,1.5],[7.44036818,-0.113841034,1.3190105]]",1,0,1,0,0.209547818,1.65045297,1.02999938,,1.60238254,2.49560499,-0.0143552721,not_instrumented,-0.308480561,0.181534752,311,fdd62374c9a1724fc12690d1ccb756985b6c9f8d5f945b290156c17a204cf7d9,52a2e1ccdb91a21c342cf2f0cc8388c653021425674ea5ff4736a039efdc0fab,5e651fdf2dcb2d252b64d688a46ab0b793849356bd10a1c205d2b7cd9fabffa2
f14-dev-0020-s0660baeb-w5e651fdf,b02c87d7e558222e3af5df4fe4b6066146ed9501fd61109c0b2d6a53e3fa0808,dev,14,bent_hallway_corner,107002603,3677739006,20,8,"connected partitions force north turn, east hall, then south turn",0.211491168,easy,2,1.5,400,0,0,0,2,"[[0,0,1.5],[1.53266203,4.18459654,1.5],[2.33266211,4.18459654,1.5],[5.9241004,4.18459654,1.5],[5.9241004,-0.440419644,1.5],[7.49610186,-0.440419644,1.78388059]]",1,0,1,0,0.213398635,1.6874907,1.06999934,,1.57709503,2.43070412,-0.0142377317,not_instrumented,-0.32658273,0.220000207,309,fdd62374c9a1724fc12690d1ccb756985b6c9f8d5f945b290156c17a204cf7d9,52a2e1ccdb91a21c342cf2f0cc8388c653021425674ea5ff4736a039efdc0fab,5e651fdf2dcb2d252b64d688a46ab0b793849356bd10a1c205d2b7cd9fabffa2
f14-dev-0021-sf3979696-w5e651fdf,13a72bbf3290933abf8792be9a53f726a39d923bb462a69ca275186155636710,dev,14,bent_hallway_corner,4086797974,3677739006,21,8,"connected partitions force north turn, east hall, then south turn",0.70951122,hard,2,1.5,400,0,0,0,2,"[[0,0,1.5],[1.65961397,4.38380432,1.5],[2.45961404,4.38380432,1.5],[6.18565798,4.38380432,1.5],[6.18565798,-0.0344455019,1.5],[7.4470787,-0.0344455019,1.86244535]]",1,0,1,0,0.230409265,1.80670643,1.13999927,,1.58483124,2.43469572,-0.000125855207,not_instrumented,-0.305920899,0.208770022,307,fdd62374c9a1724fc12690d1ccb756985b6c9f8d5f945b290156c17a204cf7d9,52a2e1ccdb91a21c342cf2f0cc8388c653021425674ea5ff4736a039efdc0fab,5e651fdf2dcb2d252b64d688a46ab0b793849356bd10a1c205d2b7cd9fabffa2
f14-dev-0022-s27b8cd69-w5e651fdf,b1c2ca294a72f570e60f5ed1a99ca015e766dd111ff51aa4c81040809bcb80fa,dev,14,bent_hallway_corner,666422633,3677739006,22,8,"connected partitions force north turn, east hall, then south turn",0.552677453,medium,2,1.5,400,0,0,0,2,"[[0,0,1.5],[1.52757466,4.32107067,1.5],[2.32757473,4.32107067,1.5],[6.3511014,4.32107067,1.5],[6.3511014,-0.30366984,1.5],[7.79493523,-0.30366984,1.4840914]]",1,0,1,0,0.205373168,1.69117975,1.05999935,,1.59545362,2.47187543,-0.0109510124,not_instrumented,-0.321253151,0.220000088,317,fdd62374c9a1724fc12690d1ccb756985b6c9f8d5f945b290156c17a204cf7d9,52a2e1ccdb91a21c342cf2f0cc8388c653021425674ea5ff4736a039efdc0fab,5e651fdf2dcb2d252b64d688a46ab0b793849356bd10a1c205d2b7cd9fabffa2
f14-dev-0023-s93b9e558-w5e651fdf,933fa69396a3fbc759a70bdcdc658619c7ac080e007d2f228e3d6034bde0add5,dev,14,bent_hallway_corner,2478433624,3677739006,23,8,"connected partitions force north turn, east hall, then south turn",0.502968788,medium,2,1.5,400,0,0,0,2,"[[0,0,1.5],[1.44864905,4.30118752,1.5],[2.24864912,4.30118752,1.5],[6.19474459,4.30118752,1.5],[6.19474459,0.0539113991,1.5],[7.62558603,0.0539113991,1.75835264]]",1,0,1,0,0.197400331,1.58830953,1.00999939,,1.57258463,2.44978428,-0.00248858333,not_instrumented,-0.325446963,0.220000088,307,fdd62374c9a1724fc12690d1ccb756985b6c9f8d5f945b290156c17a204cf7d9,52a2e1ccdb91a21c342cf2f0cc8388c653021425674ea5ff4736a039efdc0fab,5e651fdf2dcb2d252b64d688a46ab0b793849356bd10a1c205d2b7cd9fabffa2
f14-dev-0024-s993a8807-w5e651fdf,b69dacd23faa9c3f03c185b3ff0f4acb9388456dd9bc92737c0f4f653d45d254,dev,14,bent_hallway_corner,2570749959,3677739006,24,8,"connected partitions force north turn, east hall, then south turn",0.905539215,hard,2,1.5,400,0,0,0,2,"[[0,0,1.5],[1.70433652,4.46221542,1.5],[2.5043366,4.46221542,1.5],[6.4962101,4.46221542,1.5],[6.4962101,0.434848309,1.5],[7.69792604,0.434848309,1.72422791]]",1,0,1,0,0.23004967,1.86865842,1.16999924,,1.59714496,2.46345091,-0.00360104442,not_instrumented,-0.31155315,0.177784115,304,fdd62374c9a1724fc12690d1ccb756985b6c9f8d5f945b290156c17a204cf7d9,52a2e1ccdb91a21c342cf2f0cc8388c653021425674ea5ff4736a039efdc0fab,5e651fdf2dcb2d252b64d688a46ab0b793849356bd10a1c205d2b7cd9fabffa2
f14-dev-0025-sae587287-w5e651fdf,9b324810aef0ff7541a28fcd8bbaf46bd47e260d8f48764cc9327efd81b1235f,dev,14,bent_hallway_corner,2925032071,3677739006,25,8,"connected partitions force north turn, east hall, then south turn",0.711048365,hard,2,1.5,400,0,0,0,2,"[[0,0,1.5],[1.67425787,4.38441944,1.5],[2.47425795,4.38441944,1.5],[6.33835936,4.38441944,1.5],[6.33835936,-0.219089776,1.5],[7.64761877,-0.219089776,1.2972312]]",1,0,1,0,0.229276955,1.85412955,1.14999926,,1.61228764,2.4946959,-0.00916835666,not_instrumented,-0.318543643,0.209363982,314,fdd62374c9a1724fc12690d1ccb756985b6c9f8d5f945b290156c17a204cf7d9,52a2e1ccdb91a21c342cf2f0cc8388c653021425674ea5ff4736a039efdc0fab,5e651fdf2dcb2d252b64d688a46ab0b793849356bd10a1c205d2b7cd9fabffa2
f14-dev-0026-s6715b445-w5e651fdf,11056b8f8c446d17d7bf7cac9f88e93d19a9df5d0a8393a6fe1632cb33c541e1,dev,14,bent_hallway_corner,1729475653,3677739006,26,8,"connected partitions force north turn, east hall, then south turn",0.424031496,medium,2,1.5,400,0,0,0,2,"[[0,0,1.5],[1.50742328,4.26961231,1.5],[2.30742335,4.26961231,1.5],[5.84820366,4.26961231,1.5],[5.84820366,-0.130147576,1.5],[7.21902275,-0.130147576,1.65231776]]",1,0,1,0,0.218547821,1.6642698,1.04999936,,1.58501983,2.45650411,-0.0132904947,not_instrumented,-0.314458579,0.220000327,300,fdd62374c9a1724fc12690d1ccb756985b6c9f8d5f945b290156c17a204cf7d9,52a2e1ccdb91a21c342cf2f0cc8388c653021425674ea5ff4736a039efdc0fab,5e651fdf2dcb2d252b64d688a46ab0b793849356bd10a1c205d2b7cd9fabffa2
f14-dev-0027-sb123b8d4-w5e651fdf,386eb0cda8afe413e1481d03f612aee064ee4c440d21bb4579b3f383fbe5b2c8,dev,14,bent_hallway_corner,2971908308,3677739006,27,8,"connected partitions force north turn, east hall, then south turn",0.249260604,easy,2,1.5,400,0,0,0,2,"[[0,0,1.5],[1.59444463,4.19970417,1.5],[2.3944447,4.19970417,1.5],[5.7905488,4.19970417,1.5],[5.7905488,0.239414483,1.5],[7.27913761,0.239414483,1.36079216]]",1,0,1,0,0.230377555,1.77190351,1.09999931,,1.61082244,2.50026488,-0.0120687187,not_instrumented,-0.329839677,0.220000327,290,fdd62374c9a1724fc12690d1ccb756985b6c9f8d5f945b290156c17a204cf7d9,52a2e1ccdb91a21c342cf2f0cc8388c653021425674ea5ff4736a039efdc0fab,5e651fdf2dcb2d252b64d688a46ab0b793849356bd10a1c205d2b7cd9fabffa2
f14-dev-0028-s59d7afcb-w5e651fdf,3e012ae6d6981a8b09b01f48f7a36705f4dc491b4a79a522132d2636980542ab,dev,14,bent_hallway_corner,1507307467,3677739006,28,8,"connected partitions force north turn, east hall, then south turn",0.789336503,hard,2,1.5,400,0,0,0,2,"[[0,0,1.5],[1.67388785,4.41573429,1.5],[2.47388792,4.41573429,1.5],[6.27572584,4.41573429,1.5],[6.27572584,0.430764049,1.5],[7.50278282,0.430764049,1.75434077]]",1,0,1,0,0.231637836,1.83338833,1.14999926,,1.59425175,2.45976138,-0.00268873572,not_instrumented,-0.317021072,0.197167739,300,fdd62374c9a1724fc12690d1ccb756985b6c9f8d5f945b290156c17a204cf7d9,52a2e1ccdb91a21c342cf2f0cc8388c653021425674ea5ff4736a039efdc0fab,5e651fdf2dcb2d252b64d688a46ab0b793849356bd10a1c205d2b7cd9fabffa2
f14-dev-0029-sac1b341d-w5e651fdf,f1f2c9618db3627159e512735853878d93445dfdc1b11b91ef02c0061f1388a2,dev,14,bent_hallway_corner,2887463965,3677739006,29,8,"connected partitions force north turn, east hall, then south turn",0.969826818,hard,2,1.5,400,0,0,0,2,"[[0,0,1.5],[1.51980138,4.48793077,1.5],[2.31980133,4.48793077,1.5],[6.40627813,4.48793077,1.5],[6.40627813,0.267141938,1.5],[7.53135538,0.267141938,1.18145478]]",1,0,1,0,0.212579489,1.69638538,1.04999936,,1.61560607,2.51885557,-0.00437197089,not_instrumented,-0.305506617,0.152069002,307,fdd62374c9a1724fc12690d1ccb756985b6c9f8d5f945b290156c17a204cf7d9,52a2e1ccdb91a21c342cf2f0cc8388c653021425674ea5ff4736a039efdc0fab,5e651fdf2dcb2d252b64d688a46ab0b793849356bd10a1c205d2b7cd9fabffa2
f15-dev-0000-s5eacfc53-w5e651fdf,a03967c143fb6311d06ad71f7b5c95146c0e9657aea67868bd24374974d32885,dev,15,connected_rooms_offset_doors_furniture,1588395091,946453977,0,8,offset doors with intermediate table detour,0.333540559,medium,2,1.5,400,0,0,0,16,"[[0,0,1.5],[0.897847235,-0.866832435,1.5],[1.53784728,-0.866832435,1.5],[2.93893576,1.24917984,1.5],[4.30864525,1.24917984,1.5],[5.84044361,0.866832435,1.5],[6.48044395,0.866832435,1.5],[7.24758101,0.0578799248,1.26360643]]",1,0,1,0,0.127139509,1.00991845,0.719999611,,1.40266526,2.50696278,-0.00117343664,not_instrumented,-0.276823074,0.304888546,192,fdd62374c9a1724fc12690d1ccb756985b6c9f8d5f945b290156c17a204cf7d9,52a2e1ccdb91a21c342cf2f0cc8388c653021425674ea5ff4736a039efdc0fab,5e651fdf2dcb2d252b64d688a46ab0b793849356bd10a1c205d2b7cd9fabffa2
f15-dev-0001-s6958c653-w5e651fdf,9fc611a785dd395803f928f75bb2ee3fe22350f3dc81643c911fc0319d4c7c5b,dev,15,connected_rooms_offset_doors_furniture,1767425619,946453977,1,8,offset doors with intermediate table detour,0.711137712,hard,2,1.5,400,0,0,0,16,"[[0,0,1.5],[0.923876107,-1.16891015,1.5],[1.56387615,-1.16891015,1.5],[3.16828966,1.18740249,1.5],[4.56828976,1.18740249,1.5],[6.25609255,1.16891015,1.5],[6.89609289,1.16891015,1.5],[7.73657942,-0.470989048,1.29699087]]",1,0,1,0,0.121870756,1.03209794,0.729999602,,1.41383362,2.48885679,-0.000457167625,not_instrumented,-0.295960337,0.288467646,222,fdd62374c9a1724fc12690d1ccb756985b6c9f8d5f945b290156c17a204cf7d9,52a2e1ccdb91a21c342cf2f0cc8388c653021425674ea5ff4736a039efdc0fab,5e651fdf2dcb2d252b64d688a46ab0b793849356bd10a1c205d2b7cd9fabffa2
f15-dev-0002-sff588efe-w5e651fdf,a7788614af8724fb180920cc19110dc5e76061325a4ec615be085e22f9c00aa5,dev,15,connected_rooms_offset_doors_furniture,4283993854,946453977,2,8,offset doors with intermediate table detour,0.130288184,easy,2,1.5,400,0,0,0,16,"[[0,0,1.5],[0.941702306,-0.704230547,1.5],[1.58170235,-0.704230547,1.5],[2.95879865,1.04659188,1.5],[4.33392572,1.04659188,1.5],[5.87881517,0.704230547,1.5],[6.51881552,0.704230547,1.5],[7.29272413,-0.481482685,1.61755502]]",1,0,1,0,0.140416265,1.10839355,0.769999564,,1.43947291,2.44889498,-0.0135478973,not_instrumented,-0.297519326,0.319999993,191,fdd62374c9a1724fc12690d1ccb756985b6c9f8d5f945b290156c17a204cf7d9,52a2e1ccdb91a21c342cf2f0cc8388c653021425674ea5ff4736a039efdc0fab,5e651fdf2dcb2d252b64d688a46ab0b793849356bd10a1c205d2b7cd9fabffa2
f15-dev-0003-s76990b19-w5e651fdf,a0a6f92016208bd18a1c09c4e7f437e842ac5979effe507c7c9386597f606c50,dev,15,connected_rooms_offset_doors_furniture,1989741337,946453977,3,8,offset doors with intermediate table detour,0.0708310604,easy,2,1.5,400,0,0,0,16,"[[0,0,1.5],[0.995188057,-0.656664848,1.5],[1.6351881,-0.656664848,1.5],[3.14090443,1.06822169,1.5],[4.54090452,1.06822169,1.5],[6.20953751,0.656664848,1.5],[6.84953785,0.656664848,1.5],[7.68180895,-0.204769999,1.56533051]]",1,0,1,0,0.142646432,1.18011296,0.799999535,,1.475142,2.46543169,-0.00249125063,not_instrumented,-0.19843629,0.320000023,191,fdd62374c9a1724fc12690d1ccb756985b6c9f8d5f945b290156c17a204cf7d9,52a2e1ccdb91a21c342cf2f0cc8388c653021425674ea5ff4736a039efdc0fab,5e651fdf2dcb2d252b64d688a46ab0b793849356bd10a1c205d2b7cd9fabffa2
f15-dev-0004-sd401bbed-w5e651fdf,26f22df8705dadc478902a2299cb53f662da6bb21f7aea464871f1537c4371b4,dev,15,connected_rooms_offset_doors_furniture,3556883437,946453977,4,8,offset doors with intermediate table detour,0.69603616,hard,2,1.5,400,0,0,0,16,"[[0,0,1.5],[1.04593432,-1.15682888,1.5],[1.68593442,-1.15682888,1.5],[3.1737659,1.24807429,1.5],[4.57376575,1.24807429,1.5],[6.26540184,1.15682888,1.5],[6.90540218,1.15682888,1.5],[7.74753189,0.243091613,1.41425419]]",1,0,1,0,0.139360666,1.1666261,0.789999545,,1.47674274,2.4927249,-0.0171039701,not_instrumented,-0.280134439,0.297710925,209,fdd62374c9a1724fc12690d1ccb756985b6c9f8d5f945b290156c17a204cf7d9,52a2e1ccdb91a21c342cf2f0cc8388c653021425674ea5ff4736a039efdc0fab,5e651fdf2dcb2d252b64d688a46ab0b793849356bd10a1c205d2b7cd9fabffa2
f15-dev-0005-s4663f0bf-w5e651fdf,4a8b9eccd89f6b6aa9c180150bb4c1c0986d92bb74fd81b15296d4f78ae8d40c,dev,15,connected_rooms_offset_doors_furniture,1180954815,946453977,5,8,offset doors with intermediate table detour,0.132190347,easy,2,1.5,400,0,0,0,16,"[[0,0,1.5],[0.98574394,-0.705752254,1.5],[1.62574399,-0.705752254,1.5],[2.94818759,1.19450259,1.5],[4.32042074,1.19450259,1.5],[5.8583169,0.705752254,1.5],[6.49831724,0.705752254,1.5],[7.26860809,-0.2140892,1.81365442]]",1,0,1,0,0.140223026,1.09903097,0.769999564,,1.4273138,2.43380618,-0.00989054143,not_instrumented,-0.257238775,0.311270714,191,fdd62374c9a1724fc12690d1ccb756985b6c9f8d5f945b290156c17a204cf7d9,52a2e1ccdb91a21c342cf2f0cc8388c653021425674ea5ff4736a039efdc0fab,5e651fdf2dcb2d252b64d688a46ab0b793849356bd10a1c205d2b7cd9fabffa2
f15-dev-0006-s73650d3a-w5e651fdf,7d19e5e87044ca0da7d5d6a9777db58c899489d196ce0329c231c738e1186354,dev,15,connected_rooms_offset_doors_furniture,1936002362,946453977,6,8,offset doors with intermediate table detour,0.630653143,medium,2,1.5,400,0,0,0,16,"[[0,0,1.5],[0.947241962,-1.10452247,1.5],[1.58724201,-1.10452247,1.5],[2.98447275,1.28755784,1.5],[4.36660147,1.28755784,1.5],[5.92841291,1.10452247,1.5],[6.56841326,1.10452247,1.5],[7.35107422,-0.343591392,1.7818768]]",1,0,1,0,0.129496992,1.03190494,0.739999592,,1.39446688,2.43370223,-0.00585430861,not_instrumented,-0.290066123,0.288956702,213,fdd62374c9a1724fc12690d1ccb756985b6c9f8d5f945b290156c17a204cf7d9,52a2e1ccdb91a21c342cf2f0cc8388c653021425674ea5ff4736a039efdc0fab,5e651fdf2dcb2d252b64d688a46ab0b793849356bd10a1c205d2b7cd9fabffa2
f15-dev-0007-s9675ffdc-w5e651fdf,bac968f570b39776c647195d4aacf02714e9985302e3d3566f4db1f67fceec12,dev,15,connected_rooms_offset_doors_furniture,2524315612,946453977,7,8,offset doors with intermediate table detour,0.672063231,hard,2,1.5,400,0,0,0,16,"[[0,0,1.5],[0.959367335,-1.13765061,1.5],[1.59936738,-1.13765061,1.5],[3.29449344,1.32777321,1.5],[4.69449329,1.32777321,1.5],[6.47063875,1.13765061,1.5],[7.1106391,1.13765061,1.5],[7.98898697,-0.532112658,1.53381324]]",1,0,1,0,0.122919977,1.06708884,0.749999583,,1.42278588,2.45899224,-0.0139942169,not_instrumented,-0.292556852,0.299117625,225,fdd62374c9a1724fc12690d1ccb756985b6c9f8d5f945b290156c17a204cf7d9,52a2e1ccdb91a21c342cf2f0cc8388c653021425674ea5ff4736a039efdc0fab,5e651fdf2dcb2d252b64d688a46ab0b793849356bd10a1c205d2b7cd9fabffa2
f15-dev-0008-s01e0d6a7-w5e651fdf,4b9fce46b2e6bc4b910b987e85f4e8a20d6c283c0e16c1c11422cfc7f5813c13,dev,15,connected_rooms_offset_doors_furniture,31512231,946453977,8,8,offset doors with intermediate table detour,0.302952111,easy,2,1.5,400,0,0,0,16,"[[0,0,1.5],[0.911825836,-0.842361689,1.5],[1.55182588,-0.842361689,1.5],[2.96426105,1.16197121,1.5],[4.34087801,1.16197121,1.5],[5.88936806,0.842361689,1.5],[6.5293684,0.842361689,1.5],[7.30513906,-0.0525703654,1.21803975]]",1,0,1,0,0.129564762,1.03605855,0.729999602,,1.41925907,2.50892472,-0.0108007789,not_instrumented,-0.297515273,0.31275934,193,fdd62374c9a1724fc12690d1ccb756985b6c9f8d5f945b290156c17a204cf7d9,52a2e1ccdb91a21c342cf2f0cc8388c653021425674ea5ff4736a039efdc0fab,5e651fdf2dcb2d252b64d688a46ab0b793849356bd10a1c205d2b7cd9fabffa2
f15-dev-0009-sf601e24b-w5e651fdf,1b4c13505d619435567ee7cea9b2a8d396823e2003267cfacb40fadbdef28591,dev,15,connected_rooms_offset_doors_furniture,4127318603,946453977,9,8,offset doors with intermediate table detour,0.431141376,medium,2,1.5,400,0,0,0,16,"[[0,0,1.5],[1.02004671,-0.944913089,1.5],[1.66004682,-0.944913089,1.5],[3.07248545,1.13858831,1.5],[4.47248554,1.13858831,1.5],[6.093225,0.944913089,1.5],[6.73322535,0.944913089,1.5],[7.54497099,-0.581079125,1.88723505]]",1,0,1,0,0.134393156,1.09388125,0.769999564,,1.42062581,2.41300654,-1.55568123e-05,not_instrumented,-0.299821645,0.308018297,210,fdd62374c9a1724fc12690d1ccb756985b6c9f8d5f945b290156c17a204cf7d9,52a2e1ccdb91a21c342cf2f0cc8388c653021425674ea5ff4736a039efdc0fab,5e651fdf2dcb2d252b64d688a46ab0b793849356bd10a1c205d2b7cd9fabffa2
f15-dev-0010-s2c1b1df3-w5e651fdf,13b9cc68c413c2925ee4bfe0ec02a9ccafacb684ab168652528ebdf0f036d539,dev,15,connected_rooms_offset_doors_furniture,739974643,946453977,10,8,offset doors with intermediate table detour,0.701194942,hard,2,1.5,400,0,0,0,16,"[[0,0,1.5],[1.11195481,-1.16095591,1.5],[1.75195491,-1.16095591,1.5],[3.29590392,1.30912399,1.5],[4.69590378,1.30912399,1.5],[6.47303677,1.16095591,1.5],[7.11303711,1.16095591,1.5],[7.99180794,0.51433754,1.64544332]]",1,0,1,0,0.142362654,1.22284222,0.819999516,,1.49127185,2.4742322,-0.016592443,not_instrumented,-0.292436659,0.299181312,212,fdd62374c9a1724fc12690d1ccb756985b6c9f8d5f945b290156c17a204cf7d9,52a2e1ccdb91a21c342cf2f0cc8388c653021425674ea5ff4736a039efdc0fab,5e651fdf2dcb2d252b64d688a46ab0b793849356bd10a1c205d2b7cd9fabffa2
f15-dev-0011-sfd44c7ba-w5e651fdf,1589e7f8985a61968d5a9305740f18f20859550ba3ba7bce4797bbb9f059f666,dev,15,connected_rooms_offset_doors_furniture,4249143226,946453977,11,8,offset doors with intermediate table detour,0.958051622,hard,2,1.5,400,0,0,0,16,"[[0,0,1.5],[0.923312843,-1.36644125,1.5],[1.56331289,-1.36644125,1.5],[3.09045315,1.3240875,1.5],[4.49045324,1.3240875,1.5],[6.12377024,1.36644125,1.5],[6.76377058,1.36644125,1.5],[7.58090639,-0.21072714,1.6300801]]",1,0,1,0,0.123295009,1.01664746,0.729999602,,1.39266849,2.45745254,-0.00534772873,not_instrumented,-0.296453238,0.256572217,226,fdd62374c9a1724fc12690d1ccb756985b6c9f8d5f945b290156c17a204cf7d9,52a2e1ccdb91a21c342cf2f0cc8388c653021425674ea5ff4736a039efdc0fab,5e651fdf2dcb2d252b64d688a46ab0b793849356bd10a1c205d2b7cd9fabffa2
f15-dev-0012-sa9ee9ae1-w5e651fdf,63548da3cc33eb683213682a795525a1393985962321880b3f243d26172e9476,dev,15,connected_rooms_offset_doors_furniture,2850986721,946453977,12,8,offset doors with intermediate table detour,0.995169997,hard,2,1.5,400,0,0,0,16,"[[0,0,1.5],[0.916783273,-1.39613605,1.5],[1.55678332,-1.39613605,1.5],[3.1291163,1.27245605,1.5],[4.52911615,1.27245605,1.5],[6.18949747,1.39613605,1.5],[6.82949781,1.39613605,1.5],[7.65823269,-0.383403331,1.13838649]]",1,0,1,0,0.12375617,1.03981364,0.729999602,,1.42440307,2.50911355,-0.0053165555,not_instrumented,-0.295026988,0.234737664,231,fdd62374c9a1724fc12690d1ccb756985b6c9f8d5f945b290156c17a204cf7d9,52a2e1ccdb91a21c342cf2f0cc8388c653021425674ea5ff4736a039efdc0fab,5e651fdf2dcb2d252b64d688a46ab0b793849356bd10a1c205d2b7cd9fabffa2
f15-dev-0013-s59acf027-w5e651fdf,429d8119c1663727947ecd0fbadcd15436876079b57778b1e8ec9181dec1803c,dev,15,connected_rooms_offset_doors_furniture,1504505895,946453977,13,8,offset doors with intermediate table detour,0.176807761,easy,2,1.5,400,0,0,0,16,"[[0,0,1.5],[1.00194073,-0.741446197,1.5],[1.64194083,-0.741446197,1.5],[3.28671741,1.11457121,1.5],[4.68671751,1.11457121,1.5],[6.4574194,0.741446197,1.5],[7.09741974,0.741446197,1.5],[7.97343493,0.323644489,1.26924944]]",1,0,1,0,0.130219221,1.12741756,0.769999564,,1.46417952,2.50837374,-0.0132063031,not_instrumented,-0.181126311,0.319999963,194,fdd62374c9a1724fc12690d1ccb756985b6c9f8d5f945b290156c17a204cf7d9,52a2e1ccdb91a21c342cf2f0cc8388c653021425674ea5ff4736a039efdc0fab,5e651fdf2dcb2d252b64d688a46ab0b793849356bd10a1c205d2b7cd9fabffa2
f15-dev-0014-scd18eac9-w5e651fdf,44d3d02cee18d1154e962bc79c34b629d1a54932fc98a26b34691e43d03006f7,dev,15,connected_rooms_offset_doors_furniture,3440962249,946453977,14,8,offset doors with intermediate table detour,0.80552429,hard,2,1.5,400,0,0,0,16,"[[0,0,1.5],[0.950630486,-1.24441946,1.5],[1.59063053,-1.24441946,1.5],[3.12252402,1.30072069,1.5],[4.52252388,1.30072069,1.5],[6.17829084,1.24441946,1.5],[6.81829119,1.24441946,1.5],[7.64504814,-0.276517659,1.4154098]]",1,0,1,0,0.129104793,1.07359719,0.749999583,,1.43146372,2.48072171,-0.0222681761,not_instrumented,-0.295035779,0.286293477,222,fdd62374c9a1724fc12690d1ccb756985b6c9f8d5f945b290156c17a204cf7d9,52a2e1ccdb91a21c342cf2f0cc8388c653021425674ea5ff4736a039efdc0fab,5e651fdf2dcb2d252b64d688a46ab0b793849356bd10a1c205d2b7cd9fabffa2
f15-dev-0015-s3b9dbe94-w5e651fdf,6e125b425579541dede902d8423604e8ee228d58e5734a4eb78af038859ea768,dev,15,connected_rooms_offset_doors_furniture,1000193684,946453977,15,8,offset doors with intermediate table detour,0.836099207,hard,2,1.5,400,0,0,0,16,"[[0,0,1.5],[0.860205829,-1.26887941,1.5],[1.50020587,-1.26887941,1.5],[2.96737957,1.2437079,1.5],[4.34484673,1.2437079,1.5],[5.89539194,1.26887941,1.5],[6.53539228,1.26887941,1.5],[7.3122263,-0.315430284,1.27192783]]",1,0,1,0,0.122655392,0.985779643,0.709999621,,1.38842273,2.49702692,-0.0161483884,not_instrumented,-0.297512621,0.263449162,219,fdd62374c9a1724fc12690d1ccb756985b6c9f8d5f945b290156c17a204cf7d9,52a2e1ccdb91a21c342cf2f0cc8388c653021425674ea5ff4736a039efdc0fab,5e651fdf2dcb2d252b64d688a46ab0b793849356bd10a1c205d2b7cd9fabffa2
f15-dev-0016-sf12f397f-w5e651fdf,08c77f9ad5236f356982b762e4235a0298473dece99a9b84a2f03d7bbfb31f5d,dev,15,connected_rooms_offset_doors_furniture,4046403967,946453977,16,8,offset doors with intermediate table detour,0.637506604,medium,2,1.5,400,0,0,0,16,"[[0,0,1.5],[1.00242949,-1.11000526,1.5],[1.64242959,-1.11000526,1.5],[2.99798179,1.20163405,1.5],[4.38379478,1.20163405,1.5],[5.95451021,1.11000526,1.5],[6.59451056,1.11000526,1.5],[7.38177681,0.018260479,1.31839097]]",1,0,1,0,0.140509665,1.12565196,0.769999564,,1.46188653,2.4993577,-0.0153210759,not_instrumented,-0.290024728,0.289552391,205,fdd62374c9a1724fc12690d1ccb756985b6c9f8d5f945b290156c17a204cf7d9,52a2e1ccdb91a21c342cf2f0cc8388c653021425674ea5ff4736a039efdc0fab,5e651fdf2dcb2d252b64d688a46ab0b793849356bd10a1c205d2b7cd9fabffa2
f15-dev-0017-s45b8c541-w5e651fdf,c2dc5bfe025f4fb23a295e2ed8bf8d30e49c53a3d2cd9d06af71ec220ef2acd8,dev,15,connected_rooms_offset_doors_furniture,1169737025,946453977,17,8,offset doors with intermediate table detour,0.147697926,easy,2,1.5,400,0,0,0,16,"[[0,0,1.5],[0.882370055,-0.718158364,1.5],[1.5223701,-0.718158364,1.5],[3.02760911,1.09875894,1.5],[4.42150259,1.09875894,1.5],[6.0117445,0.718158364,1.5],[6.65174484,0.718158364,1.5],[7.44911146,0.232099771,1.14387167]]",1,0,1,0,0.124038458,1.01471376,0.719999611,,1.40932548,2.52276111,-0.0110962391,not_instrumented,-0.132698581,0.320000023,185,fdd62374c9a1724fc12690d1ccb756985b6c9f8d5f945b290156c17a204cf7d9,52a2e1ccdb91a21c342cf2f0cc8388c653021425674ea5ff4736a039efdc0fab,5e651fdf2dcb2d252b64d688a46ab0b793849356bd10a1c205d2b7cd9fabffa2
f15-dev-0018-sa699d3c7-w5e651fdf,25f7e79bd78909f6b1ee50374c3bc513f6b1a3afb1914a820d8ad8772c04063a,dev,15,connected_rooms_offset_doors_furniture,2795099079,946453977,18,8,offset doors with intermediate table detour,0.0109473467,easy,2,1.5,400,0,0,0,16,"[[0,0,1.5],[0.895044744,-0.608757854,1.5],[1.53504479,-0.608757854,1.5],[3.0042038,1.03715885,1.5],[4.39171362,1.03715885,1.5],[5.96652985,0.608757854,1.5],[6.60653019,0.608757854,1.5],[7.39591742,0.134002164,1.88793707]]",1,0,1,0,0.140656412,1.11944103,0.779999554,,1.43518162,2.43636823,-0.00453440845,not_instrumented,-0.0408989564,0.320000082,181,fdd62374c9a1724fc12690d1ccb756985b6c9f8d5f945b290156c17a204cf7d9,52a2e1ccdb91a21c342cf2f0cc8388c653021425674ea5ff4736a039efdc0fab,5e651fdf2dcb2d252b64d688a46ab0b793849356bd10a1c205d2b7cd9fabffa2
f15-dev-0019-s3010baf6-w5e651fdf,d7c8cef42a62f4f6dc536ba228cfb1ef1260a5e1bd2f2b2981a6c5d5b54ce9c4,dev,15,connected_rooms_offset_doors_furniture,806402806,946453977,19,8,offset doors with intermediate table detour,0.717469633,hard,2,1.5,400,0,0,0,16,"[[0,0,1.5],[0.949299753,-1.17397571,1.5],[1.5892998,-1.17397571,1.5],[3.14982986,1.27980196,1.5],[4.54982996,1.27980196,1.5],[6.22471046,1.17397571,1.5],[6.86471081,1.17397571,1.5],[7.69965982,-0.141551614,1.40904105]]",1,0,1,0,0.128287137,1.07389414,0.749999583,,1.43185961,2.48428249,-0.0233651996,not_instrumented,-0.287580967,0.301874548,218,fdd62374c9a1724fc12690d1ccb756985b6c9f8d5f945b290156c17a204cf7d9,52a2e1ccdb91a21c342cf2f0cc8388c653021425674ea5ff4736a039efdc0fab,5e651fdf2dcb2d252b64d688a46ab0b793849356bd10a1c205d2b7cd9fabffa2
f15-dev-0020-sc671a06a-w5e651fdf,1e0a60e1bda0a8d985b8dd59a7b269f388518ba630373a6f22fef26348bb8a57,dev,15,connected_rooms_offset_doors_furniture,3329335402,946453977,20,8,offset doors with intermediate table detour,0.69535774,hard,2,1.5,400,0,0,0,16,"[[0,0,1.5],[1.00426054,-1.15628624,1.5],[1.64426064,-1.15628624,1.5],[3.07627964,1.32392657,1.5],[4.47627974,1.32392657,1.5],[6.09967518,1.15628624,1.5],[6.73967552,1.15628624,1.5],[7.55255938,0.519384801,1.71791017]]",1,0,1,0,0.135512114,1.1071502,0.769999564,,1.43785822,2.46618485,-0.0133847594,not_instrumented,-0.282687545,0.288714916,206,fdd62374c9a1724fc12690d1ccb756985b6c9f8d5f945b290156c17a204cf7d9,52a2e1ccdb91a21c342cf2f0cc8388c653021425674ea5ff4736a039efdc0fab,5e651fdf2dcb2d252b64d688a46ab0b793849356bd10a1c205d2b7cd9fabffa2
f15-dev-0021-s053d6edd-w5e651fdf,33ceda7e4ebcbc7e3e0c364692f8f6f8339d952ff99918d0ba8c7d8fd31c19d6,dev,15,connected_rooms_offset_doors_furniture,87912157,946453977,21,8,offset doors with intermediate table detour,0.67881912,hard,2,1.5,400,0,0,0,16,"[[0,0,1.5],[0.92235285,-1.14305532,1.5],[1.5623529,-1.14305532,1.5],[3.16567016,1.24736047,1.5],[4.56567001,1.24736047,1.5],[6.25163937,1.14305532,1.5],[6.89163971,1.14305532,1.5],[7.73134041,0.262251884,1.73690295]]",1,0,1,0,0.120581686,1.01284897,0.729999602,,1.38746512,2.4578495,-0.00547397137,not_instrumented,-0.295362443,0.308243304,208,fdd62374c9a1724fc12690d1ccb756985b6c9f8d5f945b290156c17a204cf7d9,52a2e1ccdb91a21c342cf2f0cc8388c653021425674ea5ff4736a039efdc0fab,5e651fdf2dcb2d252b64d688a46ab0b793849356bd10a1c205d2b7cd9fabffa2
f15-dev-0022-s106697c1-w5e651fdf,f5567567e80c6758888c9370f39facccdaa78505989ea4a423eef5ee15f708b4,dev,15,connected_rooms_offset_doors_furniture,275158977,946453977,22,8,offset doors with intermediate table detour,0.825847983,hard,2,1.5,400,0,0,0,16,"[[0,0,1.5],[1.10808825,-1.26067841,1.5],[1.74808836,-1.26067841,1.5],[3.29698253,1.20963717,1.5],[4.69698238,1.20963717,1.5],[6.4748702,1.26067841,1.5],[7.11487055,1.26067841,1.5],[7.99396515,-0.0430060402,1.87244904]]",1,0,1,0,0.138565838,1.18692565,0.809999526,,1.46534121,2.43577409,-0.00194019079,not_instrumented,-0.292552203,0.303535789,223,fdd62374c9a1724fc12690d1ccb756985b6c9f8d5f945b290156c17a204cf7d9,52a2e1ccdb91a21c342cf2f0cc8388c653021425674ea5ff4736a039efdc0fab,5e651fdf2dcb2d252b64d688a46ab0b793849356bd10a1c205d2b7cd9fabffa2
f15-dev-0023-s693e1a97-w5e651fdf,c837db69fc4f5b9612f4ea2ab30cb7f482baefc9b9e950aa31e11f7ac23a6a1b,dev,15,connected_rooms_offset_doors_furniture,1765677719,946453977,23,8,offset doors with intermediate table detour,0.163181126,easy,2,1.5,400,0,0,0,16,"[[0,0,1.5],[0.984112918,-0.730544925,1.5],[1.62411296,-0.730544925,1.5],[2.96502805,1.12426746,1.5],[4.3418541,1.12426746,1.5],[5.89084959,0.730544925,1.5],[6.53084993,0.730544925,1.5],[7.3068819,-0.306781113,1.89722133]]",1,0,1,0,0.13593787,1.07175505,0.759999573,,1.41020477,2.42070675,-0.000946268439,not_instrumented,-0.297514796,0.315636903,192,fdd62374c9a1724fc12690d1ccb756985b6c9f8d5f945b290156c17a204cf7d9,52a2e1ccdb91a21c342cf2f0cc8388c653021425674ea5ff4736a039efdc0fab,5e651fdf2dcb2d252b64d688a46ab0b793849356bd10a1c205d2b7cd9fabffa2
f15-dev-0024-s32762236-w5e651fdf,25c7ea258b7c640a1aadb112776f27439ef50e04fe6594b40ddb6681b182b2af,dev,15,connected_rooms_offset_doors_furniture,846602806,946453977,24,8,offset doors with intermediate table detour,0.92829591,hard,2,1.5,400,0,0,0,16,"[[0,0,1.5],[0.997912705,-1.3426367,1.5],[1.63791275,-1.3426367,1.5],[3.2866044,1.24907053,1.5],[4.6866045,1.24907053,1.5],[6.45722723,1.3426367,1.5],[7.09722757,1.3426367,1.5],[7.9732089,0.111314394,1.52683723]]",1,0,1,0,0.129280269,1.11499321,0.769999564,,1.44804394,2.47727442,-0.0211657882,not_instrumented,-0.299999833,0.295988441,225,fdd62374c9a1724fc12690d1ccb756985b6c9f8d5f945b290156c17a204cf7d9,52a2e1ccdb91a21c342cf2f0cc8388c653021425674ea5ff4736a039efdc0fab,5e651fdf2dcb2d252b64d688a46ab0b793849356bd10a1c205d2b7cd9fabffa2
f15-dev-0025-s8faf2f35-w5e651fdf,cc0fbeb6221a5229575d4ab88eec7d576b54b1dc2bcc9974d06c28483432fe2f,dev,15,connected_rooms_offset_doors_furniture,2410622773,946453977,25,8,offset doors with intermediate table detour,0.0495407581,easy,2,1.5,400,0,0,0,16,"[[0,0,1.5],[1.0542748,-0.639632583,1.5],[1.6942749,-0.639632583,1.5],[3.14839983,1.08125138,1.5],[4.54839993,1.08125138,1.5],[6.22227955,0.639632583,1.5],[6.86227989,0.639632583,1.5],[7.69679976,-0.338014275,1.18810821]]",1,0,1,0,0.418947518,3.37051916,2.13999844,,1.57501006,2.50445509,-0.00618708134,not_instrumented,-0.272352189,0.319999874,195,fdd62374c9a1724fc12690d1ccb756985b6c9f8d5f945b290156c17a204cf7d9,52a2e1ccdb91a21c342cf2f0cc8388c653021425674ea5ff4736a039efdc0fab,5e651fdf2dcb2d252b64d688a46ab0b793849356bd10a1c205d2b7cd9fabffa2
f15-dev-0026-sdc88f704-w5e651fdf,10f0d49a815fb4eca01d3e1e15c76557efe1c469032117efd7b1c342684a1058,dev,15,connected_rooms_offset_doors_furniture,3699963652,946453977,26,8,offset doors with intermediate table detour,0.702487648,hard,2,1.5,400,0,0,0,16,"[[0,0,1.5],[1.04947555,-1.16199017,1.5],[1.68947566,-1.16199017,1.5],[3.25550389,1.27288949,1.5],[4.65550375,1.27288949,1.5],[6.40435648,1.16199017,1.5],[7.04435682,1.16199017,1.5],[7.91100788,-0.306508124,1.27068973]]",1,0,1,0,0.136893392,1.17273867,0.789999545,,1.48448014,2.49492049,-0.0138354897,not_instrumented,-0.292536825,0.303103864,222,fdd62374c9a1724fc12690d1ccb756985b6c9f8d5f945b290156c17a204cf7d9,52a2e1ccdb91a21c342cf2f0cc8388c653021425674ea5ff4736a039efdc0fab,5e651fdf2dcb2d252b64d688a46ab0b793849356bd10a1c205d2b7cd9fabffa2
f15-dev-0027-s68a1a203-w5e651fdf,bbe393b3ad96144ea22274dfd54da6f106bc7edbae3b91d03615500b8b7b3a6e,dev,15,connected_rooms_offset_doors_furniture,1755423235,946453977,27,8,offset doors with intermediate table detour,0.869327247,hard,2,1.5,400,0,0,0,16,"[[0,0,1.5],[0.977035463,-1.29546177,1.5],[1.61703551,-1.29546177,1.5],[3.05683231,1.24773026,1.5],[4.45683241,1.24773026,1.5],[6.06661463,1.29546177,1.5],[6.70661497,1.29546177,1.5],[7.51366472,0.151280522,1.63273931]]",1,0,1,0,0.133658648,1.08698332,0.759999573,,1.43024206,2.46671987,-0.0200918317,not_instrumented,-0.296708137,0.284668893,216,fdd62374c9a1724fc12690d1ccb756985b6c9f8d5f945b290156c17a204cf7d9,52a2e1ccdb91a21c342cf2f0cc8388c653021425674ea5ff4736a039efdc0fab,5e651fdf2dcb2d252b64d688a46ab0b793849356bd10a1c205d2b7cd9fabffa2
f15-dev-0028-s7ada4882-w5e651fdf,82bac251fdd062ff28a177676b9fa505a0204dacc4f71210263471e52d560835,dev,15,connected_rooms_offset_doors_furniture,2061125762,946453977,28,8,offset doors with intermediate table detour,0.235205233,easy,2,1.5,400,0,0,0,16,"[[0,0,1.5],[0.991061509,-0.788164198,1.5],[1.63106155,-0.788164198,1.5],[3.23111415,1.2146492,1.5],[4.63111401,1.2146492,1.5],[6.36289406,0.788164198,1.5],[7.0028944,0.788164198,1.5],[7.86222839,0.088763237,1.57969928]]",1,0,1,0,0.127986312,1.089486,0.759999573,,1.43353498,2.47125888,-0.00573855639,not_instrumented,-0.232482687,0.320000023,198,fdd62374c9a1724fc12690d1ccb756985b6c9f8d5f945b290156c17a204cf7d9,52a2e1ccdb91a21c342cf2f0cc8388c653021425674ea5ff4736a039efdc0fab,5e651fdf2dcb2d252b64d688a46ab0b793849356bd10a1c205d2b7cd9fabffa2
f15-dev-0029-s49d35751-w5e651fdf,bd80456350ca1f4b9f56ce483b0dfbadd971891bd74bd6c32628d07e89fd120b,dev,15,connected_rooms_offset_doors_furniture,1238587217,946453977,29,8,offset doors with intermediate table detour,0.336695254,medium,2,1.5,400,0,0,0,16,"[[0,0,1.5],[0.859331548,-0.869356215,1.5],[1.49933159,-0.869356215,1.5],[2.92239666,1.1543864,1.5],[4.28759575,1.1543864,1.5],[5.80849314,0.869356215,1.5],[6.44849348,0.869356215,1.5],[7.20999241,-0.195031136,1.70153296]]",1,0,1,0,0.122843087,0.965912461,0.709999621,,1.36044085,2.44812369,-0.0233979225,not_instrumented,-0.287569225,0.312428147,194,fdd62374c9a1724fc12690d1ccb756985b6c9f8d5f945b290156c17a204cf7d9,52a2e1ccdb91a21c342cf2f0cc8388c653021425674ea5ff4736a039efdc0fab,5e651fdf2dcb2d252b64d688a46ab0b793849356bd10a1c205d2b7cd9fabffa2
f16-dev-0000-s0568bff1-w5e651fdf,7a6027f3ac3b4ee17ca2423d103aa27da2ea3c62672fc9d97a2747b4fc938320,dev,16,vertical_over_under_choice,90750961,4026423008,0,8,"cross low barrier above, overhang below, then choose over or under slab",0.66734767,hard,2,1.5,400,0,0,0,3,"[[0,0,1.5],[0.715760708,0,1.5],[0.715760708,0,2.09683704],[1.43576074,0,2.09683704],[3.11219573,0,2.09683704],[3.11219573,0,1.5],[3.83219552,0,1.5],[5.31281948,0,1.5],[5.31281948,0,2.81673479],[6.03281975,0,2.81673479],[7.33541346,0.428319752,1.64162111]]",1,0,1,0,0.10467571,0.848240912,0.659999669,,1.28521419,2.47292304,-0.00310242176,not_instrumented,-0.27794373,0.0600000173,222,fdd62374c9a1724fc12690d1ccb756985b6c9f8d5f945b290156c17a204cf7d9,52a2e1ccdb91a21c342cf2f0cc8388c653021425674ea5ff4736a039efdc0fab,5e651fdf2dcb2d252b64d688a46ab0b793849356bd10a1c205d2b7cd9fabffa2
f16-dev-0001-s515dc270-w5e651fdf,34042166319837b85d5fcfc8a22ef16315eecceb34d04d663fd5b475e2176c95,dev,16,vertical_over_under_choice,1365099120,4026423008,1,8,"cross low barrier above, overhang below, then choose over or under slab",0.671443403,hard,2,1.5,400,0,0,0,3,"[[0,0,1.5],[0.752593875,0,1.5],[0.752593875,0,2.09786081],[1.4725939,0,2.09786081],[3.23370957,0,2.09786081],[3.23370957,0,1.5],[3.95370936,0,1.5],[5.51095247,0,1.5],[5.51095247,0,2.81714439],[6.23095274,0,2.81714439],[7.59081173,-0.462366283,1.64457035]]",1,0,1,0,0.107506514,0.896729648,0.67999965,,1.3187207,2.44734406,-0.017559588,not_instrumented,-0.278895378,0.0600000173,228,fdd62374c9a1724fc12690d1ccb756985b6c9f8d5f945b290156c17a204cf7d9,52a2e1ccdb91a21c342cf2f0cc8388c653021425674ea5ff4736a039efdc0fab,5e651fdf2dcb2d252b64d688a46ab0b793849356bd10a1c205d2b7cd9fabffa2
f16-dev-0002-s2d524e07-w5e651fdf,577522032e842255bdb42d815b784dab4e7f7abd334c869e337adcf52f273299,dev,16,vertical_over_under_choice,760368647,4026423008,2,8,"cross low barrier above, overhang below, then choose over or under slab",0.853329301,hard,2,1.5,400,0,0,0,3,"[[0,0,1.5],[0.758053899,0,1.5],[0.758053899,0,2.14333224],[1.47805393,0,2.14333224],[3.37171078,0,2.14333224],[3.37171078,0,1.5],[4.09171057,0,1.5],[5.71837091,0,1.5],[5.71837091,0,2.83533287],[6.43837118,0,2.83533287],[7.82220125,0.141299918,1.6541065]]",1,0,1,0,0.104419768,0.896535277,0.67999965,,1.31843495,2.46420574,-0.0108166337,not_instrumented,-0.278050721,0.0600000173,232,fdd62374c9a1724fc12690d1ccb756985b6c9f8d5f945b290156c17a204cf7d9,52a2e1ccdb91a21c342cf2f0cc8388c653021425674ea5ff4736a039efdc0fab,5e651fdf2dcb2d252b64d688a46ab0b793849356bd10a1c205d2b7cd9fabffa2
f16-dev-0003-sc6b7cad2-w5e651fdf,3a6a8c409a5d4d75004b9a7c32cc4aa7b245290a9441e36cb869d0db96425ed2,dev,16,vertical_over_under_choice,3333933778,4026423008,3,8,"cross low barrier above, overhang below, then choose over or under slab",0.211225271,easy,2,1.5,400,0,0,0,3,"[[0,0,1.5],[0.869552016,0,1.5],[0.869552016,0,1.98280632],[1.58955204,0,1.98280632],[3.30417204,0,1.98280632],[3.30417204,0,1.5],[4.02417183,0,1.5],[5.67210293,0,1.5],[5.67210293,0,1.5],[6.3921032,0,1.5],[7.89310312,-0.525432825,1.54963446]]",1,0,1,0,0.118515193,1.01975763,0.729999602,,1.39692903,2.45720339,-0.0175248981,not_instrumented,-0.225314379,0.0600000173,194,fdd62374c9a1724fc12690d1ccb756985b6c9f8d5f945b290156c17a204cf7d9,52a2e1ccdb91a21c342cf2f0cc8388c653021425674ea5ff4736a039efdc0fab,5e651fdf2dcb2d252b64d688a46ab0b793849356bd10a1c205d2b7cd9fabffa2
f16-dev-0004-s4fb4105d-w5e651fdf,528ff1179827814f8620fc23574561f9f10a7191f2e0d10eeff724b2ae97037b,dev,16,vertical_over_under_choice,1337200733,4026423008,4,8,"cross low barrier above, overhang below, then choose over or under slab",0.80192548,hard,2,1.5,400,0,0,0,3,"[[0,0,1.5],[0.769862652,0,1.5],[0.769862652,0,2.13048124],[1.48986268,0,2.13048124],[3.3761251,0,2.13048124],[3.3761251,0,1.5],[4.09612513,0,1.5],[5.73063517,0,1.5],[5.73063517,0,2.83019257],[6.45063543,0,2.83019257],[7.84836721,0.10191007,1.13931966]]",1,0,1,0,0.10850966,0.940361559,0.68999964,,1.36284351,2.5175488,-0.014079392,not_instrumented,-0.287378818,0.0600000173,239,fdd62374c9a1724fc12690d1ccb756985b6c9f8d5f945b290156c17a204cf7d9,52a2e1ccdb91a21c342cf2f0cc8388c653021425674ea5ff4736a039efdc0fab,5e651fdf2dcb2d252b64d688a46ab0b793849356bd10a1c205d2b7cd9fabffa2
f16-dev-0005-se39c4470-w5e651fdf,17956ffac2a9386b2576cd8644065954f55f672d803a5fd114d551c668f682f7,dev,16,vertical_over_under_choice,3818669168,4026423008,5,8,"cross low barrier above, overhang below, then choose over or under slab",0.206582785,easy,2,1.5,400,0,0,0,3,"[[0,0,1.5],[0.82895565,0,1.5],[0.82895565,0,1.9816457],[1.54895568,0,1.9816457],[3.18037224,0,1.9816457],[3.18037224,0,1.5],[3.90037203,0,1.5],[5.46875668,0,1.5],[5.46875668,0,1.5],[6.18875694,0,1.5],[7.62794828,0.295963675,1.43153989]]",1,0,1,0,0.117058516,0.977999926,0.709999621,,1.37746537,2.49245048,-0.00743556023,not_instrumented,-0.242558882,0.0600000173,188,fdd62374c9a1724fc12690d1ccb756985b6c9f8d5f945b290156c17a204cf7d9,52a2e1ccdb91a21c342cf2f0cc8388c653021425674ea5ff4736a039efdc0fab,5e651fdf2dcb2d252b64d688a46ab0b793849356bd10a1c205d2b7cd9fabffa2
f16-dev-0006-sf129ecc0-w5e651fdf,a274c88cb62240ad3f0eee0732fccf56fece77eaa57b829f65354bb74d55e751,dev,16,vertical_over_under_choice,4046056640,4026423008,6,8,"cross low barrier above, overhang below, then choose over or under slab",0.320075333,easy,2,1.5,400,0,0,0,3,"[[0,0,1.5],[0.834005475,0,1.5],[0.834005475,0,2.01001883],[1.5540055,0,2.01001883],[3.26559567,0,2.01001883],[3.26559567,0,1.5],[3.98559546,0,1.5],[5.59766054,0,1.5],[5.59766054,0,1.5],[6.31766081,0,1.5],[7.77355003,0.00419669133,1.86176014]]",1,0,1,0,0.113540232,0.9600932,0.709999621,,1.35224462,2.43730426,-0.00941771269,not_instrumented,-0.206682444,0.0600000173,194,fdd62374c9a1724fc12690d1ccb756985b6c9f8d5f945b290156c17a204cf7d9,52a2e1ccdb91a21c342cf2f0cc8388c653021425674ea5ff4736a039efdc0fab,5e651fdf2dcb2d252b64d688a46ab0b793849356bd10a1c205d2b7cd9fabffa2
f16-dev-0007-s7d74a26f-w5e651fdf,e3292de507075bda6c751a5c097cb35b534adca74c24777035b7bce870e083a4,dev,16,vertical_over_under_choice,2104795759,4026423008,7,8,"cross low barrier above, overhang below, then choose over or under slab",0.241721809,easy,2,1.5,400,0,0,0,3,"[[0,0,1.5],[0.788931727,0,1.5],[0.788931727,0,1.99043036],[1.50893176,0,1.99043036],[3.0818913,0,1.99043036],[3.0818913,0,1.5],[3.80189109,0,1.5],[5.30325747,0,1.5],[5.30325747,0,1.5],[6.02325773,0,1.5],[7.40455341,0.424438983,1.16322112]]",1,0,1,0,0.118115544,0.964987576,0.69999963,,1.37855446,2.52481532,-0.0174160004,not_instrumented,-0.292416424,0.0600000173,185,fdd62374c9a1724fc12690d1ccb756985b6c9f8d5f945b290156c17a204cf7d9,52a2e1ccdb91a21c342cf2f0cc8388c653021425674ea5ff4736a039efdc0fab,5e651fdf2dcb2d252b64d688a46ab0b793849356bd10a1c205d2b7cd9fabffa2
f16-dev-0008-s6826ba21-w5e651fdf,83d6f1479b956b1f82c303fa5a9e0e15fd80fdf62d69d41c493a0cda946053a1,dev,16,vertical_over_under_choice,1747368481,4026423008,8,8,"cross low barrier above, overhang below, then choose over or under slab",0.535277188,medium,2,1.5,400,0,0,0,3,"[[0,0,1.5],[0.821234226,0,1.5],[0.821234226,0,2.06381941],[1.54123425,0,2.06381941],[3.3642745,0,2.06381941],[3.3642745,0,1.5],[4.08427429,0,1.5],[5.73790741,0,1.5],[5.73790741,0,2.80352783],[6.45790768,0,2.80352783],[7.91211081,-0.451818764,1.72616303]]",1,0,1,0,0.111837626,0.965052783,0.709999621,,1.35923004,2.4393363,-0.0209677815,not_instrumented,-0.279681534,0.0600000173,232,fdd62374c9a1724fc12690d1ccb756985b6c9f8d5f945b290156c17a204cf7d9,52a2e1ccdb91a21c342cf2f0cc8388c653021425674ea5ff4736a039efdc0fab,5e651fdf2dcb2d252b64d688a46ab0b793849356bd10a1c205d2b7cd9fabffa2
f16-dev-0009-s85c73deb-w5e651fdf,adbc30fd051b3dc4b7acca93411694c6c3ff96c48e2118b8db22746600e0d31a,dev,16,vertical_over_under_choice,2244427243,4026423008,9,8,"cross low barrier above, overhang below, then choose over or under slab",0.357189298,medium,2,1.5,400,0,0,0,3,"[[0,0,1.5],[0.757851005,0,1.5],[0.757851005,0,2.01929712],[1.47785103,0,2.01929712],[3.05626392,0,2.01929712],[3.05626392,0,1.5],[3.77626371,0,1.5],[5.25019026,0,1.5],[5.25019026,0,1.5],[5.97019053,0,1.5],[7.31308842,-0.268100441,1.72869968]]",1,0,1,0,0.111380577,0.893195212,0.67999965,,1.31352305,2.44267058,-0.0139192939,not_instrumented,-0.235070124,0.0600000173,184,fdd62374c9a1724fc12690d1ccb756985b6c9f8d5f945b290156c17a204cf7d9,52a2e1ccdb91a21c342cf2f0cc8388c653021425674ea5ff4736a039efdc0fab,5e651fdf2dcb2d252b64d688a46ab0b793849356bd10a1c205d2b7cd9fabffa2
f16-dev-0010-s89a934de-w5e651fdf,d9711bd92bc6d6dcef98e3522a22d4a1d20fab1f09a3bd393ab1ad6d568f4b79,dev,16,vertical_over_under_choice,2309567710,4026423008,10,8,"cross low barrier above, overhang below, then choose over or under slab",0.261417031,easy,2,1.5,400,0,0,0,3,"[[0,0,1.5],[0.810044527,0,1.5],[0.810044527,0,1.99535418],[1.53004456,0,1.99535418],[3.15703845,0,1.99535418],[3.15703845,0,1.5],[3.87703824,0,1.5],[5.42498159,0,1.5],[5.42498159,0,1.5],[6.14498186,0,1.5],[7.55981112,0.0695648417,1.18913782]]",1,0,1,0,0.118942142,0.988199472,0.709999621,,1.39183104,2.51341271,-0.0234857798,not_instrumented,-0.276390165,0.0600000173,187,fdd62374c9a1724fc12690d1ccb756985b6c9f8d5f945b290156c17a204cf7d9,52a2e1ccdb91a21c342cf2f0cc8388c653021425674ea5ff4736a039efdc0fab,5e651fdf2dcb2d252b64d688a46ab0b793849356bd10a1c205d2b7cd9fabffa2
f16-dev-0011-sb70548a9-w5e651fdf,c2ca40ff03d645f3b591d33167a2de32f5d378982ceb3f1b87905d88f38b7518,dev,16,vertical_over_under_choice,3070576809,4026423008,11,8,"cross low barrier above, overhang below, then choose over or under slab",0.207713246,easy,2,1.5,400,0,0,0,3,"[[0,0,1.5],[0.862538934,0,1.5],[0.862538934,0,1.98192823],[1.58253896,0,1.98192823],[3.28107953,0,1.98192823],[3.28107953,0,1.5],[4.00107956,0,1.5],[5.63444281,0,1.5],[5.63444281,0,1.5],[6.35444307,0,1.5],[7.84454584,0.462212414,1.26364696]]",1,0,1,0,0.120345354,1.03312302,0.729999602,,1.41523778,2.51222777,-0.0174918175,not_instrumented,-0.269325912,0.0600000173,193,fdd62374c9a1724fc12690d1ccb756985b6c9f8d5f945b290156c17a204cf7d9,52a2e1ccdb91a21c342cf2f0cc8388c653021425674ea5ff4736a039efdc0fab,5e651fdf2dcb2d252b64d688a46ab0b793849356bd10a1c205d2b7cd9fabffa2
f16-dev-0012-s6b32e7de-w5e651fdf,21ad39e61d15fa03beb415449f02b7bc215051ab86054f58484c6df8d969e72d,dev,16,vertical_over_under_choice,1798498270,4026423008,12,8,"cross low barrier above, overhang below, then choose over or under slab",0.990793288,hard,2,1.5,400,0,0,0,3,"[[0,0,1.5],[0.688183308,0,1.5],[0.688183308,0,2.17769814],[1.40818334,0,2.17769814],[3.22767425,0,2.17769814],[3.22767425,0,1.5],[3.94767404,0,1.5],[5.47083092,0,1.5],[5.47083092,0,2.84907937],[6.19083118,0,2.84907937],[7.47718954,0.166003138,1.10500324]]",1,0,1,0,0.104144096,0.86746037,0.659999669,,1.31433451,2.52542853,-0.0208781958,not_instrumented,-0.298623204,0.0600000173,236,fdd62374c9a1724fc12690d1ccb756985b6c9f8d5f945b290156c17a204cf7d9,52a2e1ccdb91a21c342cf2f0cc8388c653021425674ea5ff4736a039efdc0fab,5e651fdf2dcb2d252b64d688a46ab0b793849356bd10a1c205d2b7cd9fabffa2
f16-dev-0013-s69cc0035-w5e651fdf,a21d6fedece780a5b42f1fde18a68da39ace78197a615b0da990d37a13bd9b2f,dev,16,vertical_over_under_choice,1774977077,4026423008,13,8,"cross low barrier above, overhang below, then choose over or under slab",0.558816016,medium,2,1.5,400,0,0,0,3,"[[0,0,1.5],[0.828312635,0,1.5],[0.828312635,0,2.06970406],[1.54831266,0,2.06970406],[3.40220237,0,2.06970406],[3.40220237,0,1.5],[4.1222024,0,1.5],[5.79761267,0,1.5],[5.79761267,0,2.8058815],[6.51761293,0,2.8058815],[7.98470116,-0.599219322,1.79020858]]",1,0,1,0,0.110505521,0.961991727,0.709999621,,1.3549186,2.4268074,-0.0138907433,not_instrumented,-0.276443094,0.0600000173,233,fdd62374c9a1724fc12690d1ccb756985b6c9f8d5f945b290156c17a204cf7d9,52a2e1ccdb91a21c342cf2f0cc8388c653021425674ea5ff4736a039efdc0fab,5e651fdf2dcb2d252b64d688a46ab0b793849356bd10a1c205d2b7cd9fabffa2
f16-dev-0014-sd4291ebc-w5e651fdf,431f6ff68e6781754b70671679817cf97d1c8c3fc4d113c081bac3ff1a40ef1c,dev,16,vertical_over_under_choice,3559464636,4026423008,14,8,"cross low barrier above, overhang below, then choose over or under slab",0.406337321,medium,2,1.5,400,0,0,0,3,"[[0,0,1.5],[0.760281682,0,1.5],[0.760281682,0,2.03158426],[1.48028171,0,2.03158426],[3.09310174,0,2.03158426],[3.09310174,0,1.5],[3.81310153,0,1.5],[5.30602884,0,1.5],[5.30602884,0,1.5],[6.02602911,0,1.5],[7.37642479,-0.261816651,1.64764142]]",1,0,1,0,0.110688031,0.896610558,0.67999965,,1.31854558,2.45328259,-0.0102072954,not_instrumented,-0.259637624,0.0600000173,185,fdd62374c9a1724fc12690d1ccb756985b6c9f8d5f945b290156c17a204cf7d9,52a2e1ccdb91a21c342cf2f0cc8388c653021425674ea5ff4736a039efdc0fab,5e651fdf2dcb2d252b64d688a46ab0b793849356bd10a1c205d2b7cd9fabffa2
f16-dev-0015-s876dd62c-w5e651fdf,1b2e110f394fcfcc92aac1597702952ca7281f27b4de44745bf38960cc92aecc,dev,16,vertical_over_under_choice,2272122412,4026423008,15,8,"cross low barrier above, overhang below, then choose over or under slab",0.441841245,medium,2,1.5,400,0,0,0,3,"[[0,0,1.5],[0.824574947,0,1.5],[0.824574947,0,2.04046011],[1.54457498,0,2.04046011],[3.3139925,0,2.04046011],[3.3139925,0,1.5],[4.03399229,0,1.5],[5.66491175,0,1.5],[5.66491175,0,1.5],[6.38491201,0,1.5],[7.83639908,-0.350293934,1.16826677]]",1,0,1,0,0.114759207,0.989538252,0.709999621,,1.39371657,2.50574875,-0.0100347996,not_instrumented,-0.294235855,0.0600000173,195,fdd62374c9a1724fc12690d1ccb756985b6c9f8d5f945b290156c17a204cf7d9,52a2e1ccdb91a21c342cf2f0cc8388c653021425674ea5ff4736a039efdc0fab,5e651fdf2dcb2d252b64d688a46ab0b793849356bd10a1c205d2b7cd9fabffa2
f16-dev-0016-s3d830558-w5e651fdf,4611e770bc97ef724852ee25630780fb7ae9615be01e78770d48ff0e09e8fd2c,dev,16,vertical_over_under_choice,1031996760,4026423008,16,8,"cross low barrier above, overhang below, then choose over or under slab",0.882327259,hard,2,1.5,400,0,0,0,3,"[[0,0,1.5],[0.674608827,0,1.5],[0.674608827,0,2.15058184],[1.39460886,0,2.15058184],[3.11148119,0,2.15058184],[3.11148119,0,1.5],[3.83148098,0,1.5],[5.29184675,0,1.5],[5.29184675,0,2.83823276],[6.01184702,0,2.83823276],[7.26788664,0.199723795,1.79736137]]",1,0,1,0,0.0987802744,0.793655515,0.639999688,,1.24008739,2.44828677,-0.000497877598,not_instrumented,-0.289227873,0.0600000173,222,fdd62374c9a1724fc12690d1ccb756985b6c9f8d5f945b290156c17a204cf7d9,52a2e1ccdb91a21c342cf2f0cc8388c653021425674ea5ff4736a039efdc0fab,5e651fdf2dcb2d252b64d688a46ab0b793849356bd10a1c205d2b7cd9fabffa2
f16-dev-0017-s52ed60c3-w5e651fdf,07beff3dba76b78d2f8e21fb0f01c4deb5a53d462236f61134066ca67a231ec0,dev,16,vertical_over_under_choice,1391288515,4026423008,17,8,"cross low barrier above, overhang below, then choose over or under slab",0.482612193,medium,2,1.5,400,0,0,0,3,"[[0,0,1.5],[0.768943071,0,1.5],[0.768943071,0,2.05065298],[1.4889431,0,2.05065298],[3.16656184,0,2.05065298],[3.16656184,0,1.5],[3.88656163,0,1.5],[5.41922522,0,1.5],[5.41922522,0,1.5],[6.13922548,0,1.5],[7.50887871,0.0574474111,1.69552803]]",1,0,1,0,0.108634949,0.894777596,0.67999965,,1.31585014,2.45700192,-0.00123816729,not_instrumented,-0.270870626,0.0600000173,189,fdd62374c9a1724fc12690d1ccb756985b6c9f8d5f945b290156c17a204cf7d9,52a2e1ccdb91a21c342cf2f0cc8388c653021425674ea5ff4736a039efdc0fab,5e651fdf2dcb2d252b64d688a46ab0b793849356bd10a1c205d2b7cd9fabffa2
f16-dev-0018-s7966c3c6-w5e651fdf,a31753d33ecb322ce585d90dd871b1c9704d003cd174b34526b83b9dd263e1ff,dev,16,vertical_over_under_choice,2036777926,4026423008,18,8,"cross low barrier above, overhang below, then choose over or under slab",0.0639669895,easy,2,1.5,400,0,0,0,3,"[[0,0,1.5],[0.851529479,0,1.5],[0.851529479,0,1.94599164],[1.57152951,0,1.94599164],[3.16098785,0,1.94599164],[3.16098785,0,1.5],[3.88098764,0,1.5],[5.45091534,0,1.5],[5.45091534,0,1.5],[6.1709156,0,1.5],[7.6330924,0.361265659,1.81005633]]",1,0,1,0,0.118772089,0.986354172,0.719999611,,1.36993706,2.45201087,-0.0129437447,not_instrumented,-0.151408419,0.0600000173,187,fdd62374c9a1724fc12690d1ccb756985b6c9f8d5f945b290156c17a204cf7d9,52a2e1ccdb91a21c342cf2f0cc8388c653021425674ea5ff4736a039efdc0fab,5e651fdf2dcb2d252b64d688a46ab0b793849356bd10a1c205d2b7cd9fabffa2
f16-dev-0019-sec907888-w5e651fdf,87e14f28da37b5e338116a053026662d739b22d95c8f5b3cac00a2ffd01107bf,dev,16,vertical_over_under_choice,3968891016,4026423008,19,8,"cross low barrier above, overhang below, then choose over or under slab",0.818282306,hard,2,1.5,400,0,0,0,3,"[[0,0,1.5],[0.722966075,0,1.5],[0.722966075,0,2.1345706],[1.4429661,0,2.1345706],[3.23167467,0,2.1345706],[3.23167467,0,1.5],[3.95167446,0,1.5],[5.49359703,0,1.5],[5.49359703,0,2.83182812],[6.2135973,0,2.83182812],[7.53974295,-0.561022282,1.72143126]]",1,0,1,0,0.101688027,0.845376194,0.659999669,,1.28087366,2.43391562,-0.000208437443,not_instrumented,-0.291687489,0.0600000173,227,fdd62374c9a1724fc12690d1ccb756985b6c9f8d5f945b290156c17a204cf7d9,52a2e1ccdb91a21c342cf2f0cc8388c653021425674ea5ff4736a039efdc0fab,5e651fdf2dcb2d252b64d688a46ab0b793849356bd10a1c205d2b7cd9fabffa2
f16-dev-0020-sa0d58d4b-w5e651fdf,a3b42b61549c3ba98e174ee1e8309b149c2800ea982ace38dd0aa23d12141a59,dev,16,vertical_over_under_choice,2698349899,4026423008,20,8,"cross low barrier above, overhang below, then choose over or under slab",0.539968729,medium,2,1.5,400,0,0,0,3,"[[0,0,1.5],[0.738376021,0,1.5],[0.738376021,0,2.06499195],[1.45837605,0,2.06499195],[3.10590243,0,2.06499195],[3.10590243,0,1.5],[3.82590222,0,1.5],[5.31442404,0,1.5],[5.31442404,0,2.8039968],[6.0344243,0,2.8039968],[7.36173916,0.349485248,1.45193362]]",1,0,1,0,0.108124077,0.879571259,0.669999659,,1.31279361,2.49231148,-0.00158506632,not_instrumented,-0.295936525,0.0600000173,223,fdd62374c9a1724fc12690d1ccb756985b6c9f8d5f945b290156c17a204cf7d9,52a2e1ccdb91a21c342cf2f0cc8388c653021425674ea5ff4736a039efdc0fab,5e651fdf2dcb2d252b64d688a46ab0b793849356bd10a1c205d2b7cd9fabffa2
f16-dev-0021-s0fdd4389-w5e651fdf,777d750baa83509b9886b780464b06fabd83c9938c3834e3996e6e3d2f1efdfa,dev,16,vertical_over_under_choice,266158985,4026423008,21,8,"cross low barrier above, overhang below, then choose over or under slab",0.315423787,easy,2,1.5,400,0,0,0,3,"[[0,0,1.5],[0.839590311,0,1.5],[0.839590311,0,2.00885582],[1.55959034,0,2.00885582],[3.27962232,0,2.00885582],[3.27962232,0,1.5],[3.99962211,0,1.5],[5.62117672,0,1.5],[5.62117672,0,1.5],[6.34117699,0,1.5],[7.8051815,-0.428000867,1.37066698]]",1,0,1,0,0.117534876,1.00452745,0.719999611,,1.39517772,2.4815073,-0.0218813419,not_instrumented,-0.278626651,0.0600000173,194,fdd62374c9a1724fc12690d1ccb756985b6c9f8d5f945b290156c17a204cf7d9,52a2e1ccdb91a21c342cf2f0cc8388c653021425674ea5ff4736a039efdc0fab,5e651fdf2dcb2d252b64d688a46ab0b793849356bd10a1c205d2b7cd9fabffa2
f16-dev-0022-s9d172b91-w5e651fdf,3812bfde053d84668181124151a1681c890700161c1ac3a9f88585b596287ea1,dev,16,vertical_over_under_choice,2635541393,4026423008,22,8,"cross low barrier above, overhang below, then choose over or under slab",0.350001395,medium,2,1.5,400,0,0,0,3,"[[0,0,1.5],[0.815206409,0,1.5],[0.815206409,0,2.0175004],[1.53520644,0,2.0175004],[3.22706914,0,2.0175004],[3.22706914,0,1.5],[3.94706893,0,1.5],[5.53139544,0,1.5],[5.53139544,0,1.5],[6.2513957,0,1.5],[7.6810894,0.177921295,1.12066245]]",1,0,1,0,0.117227256,0.99069047,0.709999621,,1.39533949,2.5223496,-0.0163376927,not_instrumented,-0.278153539,0.0600000173,191,fdd62374c9a1724fc12690d1ccb756985b6c9f8d5f945b290156c17a204cf7d9,52a2e1ccdb91a21c342cf2f0cc8388c653021425674ea5ff4736a039efdc0fab,5e651fdf2dcb2d252b64d688a46ab0b793849356bd10a1c205d2b7cd9fabffa2
f16-dev-0023-s12170f24-w5e651fdf,dc969530d88640a747aab9aab3e024fa5a0661ecb9e8291857b7703dcf405c3c,dev,16,vertical_over_under_choice,303501092,4026423008,23,8,"cross low barrier above, overhang below, then choose over or under slab",0.278977036,easy,2,1.5,400,0,0,0,3,"[[0,0,1.5],[0.860033631,0,1.5],[0.860033631,0,1.99974418],[1.58003366,0,1.99974418],[3.31841588,0,1.99974418],[3.31841588,0,1.5],[4.03841591,0,1.5],[5.68863297,0,1.5],[5.68863297,0,1.5],[6.40863323,0,1.5],[7.90072489,-0.537165701,1.14660776]]",1,0,1,0,0.11981988,1.03903389,0.729999602,,1.42333484,2.50304961,-0.0221453309,not_instrumented,-0.277781308,0.0600000173,196,fdd62374c9a1724fc12690d1ccb756985b6c9f8d5f945b290156c17a204cf7d9,52a2e1ccdb91a21c342cf2f0cc8388c653021425674ea5ff4736a039efdc0fab,5e651fdf2dcb2d252b64d688a46ab0b793849356bd10a1c205d2b7cd9fabffa2
f16-dev-0024-s1bd82c97-w5e651fdf,c5fc321bc54b4ddc44a19376d9125d289f053bc6035b7a3fe555e5cf0e6e7dd2,dev,16,vertical_over_under_choice,467152023,4026423008,24,8,"cross low barrier above, overhang below, then choose over or under slab",0.218074679,easy,2,1.5,400,0,0,0,3,"[[0,0,1.5],[0.792431951,0,1.5],[0.792431951,0,1.98451865],[1.51243198,0,1.98451865],[3.07838464,0,1.98451865],[3.07838464,0,1.5],[3.79838443,0,1.5],[5.29974747,0,1.5],[5.29974747,0,1.5],[6.01974773,0,1.5],[7.40454292,-0.0602761023,1.82874751]]",1,0,1,0,0.112921476,0.913356602,0.68999964,,1.32370591,2.43759108,-0.00401365757,not_instrumented,-0.188185155,0.0600000173,184,fdd62374c9a1724fc12690d1ccb756985b6c9f8d5f945b290156c17a204cf7d9,52a2e1ccdb91a21c342cf2f0cc8388c653021425674ea5ff4736a039efdc0fab,5e651fdf2dcb2d252b64d688a46ab0b793849356bd10a1c205d2b7cd9fabffa2
f16-dev-0025-s22f9d1aa-w5e651fdf,c638c2f130c4e2894fe4fb8ad97ec2a24a3fd7106707c2a28f2196bf40522877,dev,16,vertical_over_under_choice,586797482,4026423008,25,8,"cross low barrier above, overhang below, then choose over or under slab",0.218096793,easy,2,1.5,400,0,0,0,3,"[[0,0,1.5],[0.84535706,0,1.5],[0.84535706,0,1.98452413],[1.56535709,0,1.98452413],[3.236305,0,1.98452413],[3.236305,0,1.5],[3.95630479,0,1.5],[5.55968952,0,1.5],[5.55968952,0,1.5],[6.27968979,0,1.5],[7.74461603,-0.599206567,1.27858734]]",1,0,1,0,0.118670702,1.00908458,0.719999611,,1.40150714,2.48666573,-0.0147596598,not_instrumented,-0.268587679,0.0600000173,192,fdd62374c9a1724fc12690d1ccb756985b6c9f8d5f945b290156c17a204cf7d9,52a2e1ccdb91a21c342cf2f0cc8388c653021425674ea5ff4736a039efdc0fab,5e651fdf2dcb2d252b64d688a46ab0b793849356bd10a1c205d2b7cd9fabffa2
f16-dev-0026-sf5f29859-w5e651fdf,57dde90674f7922e3aaa1793fe4736aae0cc539b4eeceb9f0f53fb2c99e39280,dev,16,vertical_over_under_choice,4126316633,4026423008,26,8,"cross low barrier above, overhang below, then choose over or under slab",0.490867198,medium,2,1.5,400,0,0,0,3,"[[0,0,1.5],[0.722590446,0,1.5],[0.722590446,0,2.05271673],[1.44259048,0,2.05271673],[3.02667475,0,2.05271673],[3.02667475,0,1.5],[3.74667454,0,1.5],[5.18922234,0,1.5],[5.18922234,0,1.5],[5.9092226,0,1.5],[7.20849228,-0.141531661,1.41363597]]",1,0,1,0,0.110644877,0.881524801,0.669999659,,1.31570935,2.48486471,-0.0192084312,not_instrumented,-0.288888186,0.0600000173,183,fdd62374c9a1724fc12690d1ccb756985b6c9f8d5f945b290156c17a204cf7d9,52a2e1ccdb91a21c342cf2f0cc8388c653021425674ea5ff4736a039efdc0fab,5e651fdf2dcb2d252b64d688a46ab0b793849356bd10a1c205d2b7cd9fabffa2
f16-dev-0027-s58ead200-w5e651fdf,9ece1715b6e3551a70ef81fab9d98b6c85a0d9baf4d621b2f334d4103796ba7a,dev,16,vertical_over_under_choice,1491784192,4026423008,27,8,"cross low barrier above, overhang below, then choose over or under slab",0.46138823,medium,2,1.5,400,0,0,0,3,"[[0,0,1.5],[0.747641563,0,1.5],[0.747641563,0,2.04534698],[1.46764159,0,2.04534698],[3.0871613,0,2.04534698],[3.0871613,0,1.5],[3.80716109,0,1.5],[5.29109764,0,1.5],[5.29109764,0,1.5],[6.01109791,0,1.5],[7.34645605,0.53797102,1.67473555]]",1,0,1,0,0.110878646,0.896143138,0.67999965,,1.31785822,2.47183752,-0.0190041661,not_instrumented,-0.269372821,0.0600000173,186,fdd62374c9a1724fc12690d1ccb756985b6c9f8d5f945b290156c17a204cf7d9,52a2e1ccdb91a21c342cf2f0cc8388c653021425674ea5ff4736a039efdc0fab,5e651fdf2dcb2d252b64d688a46ab0b793849356bd10a1c205d2b7cd9fabffa2
f16-dev-0028-s26983cc6-w5e651fdf,2613f33a167cf9a6c79c0cb4b847ec277448ea53c12246e9df1123a111bbe886,dev,16,vertical_over_under_choice,647511238,4026423008,28,8,"cross low barrier above, overhang below, then choose over or under slab",0.0157842636,easy,2,1.5,400,0,0,0,3,"[[0,0,1.5],[0.794840693,0,1.5],[0.794840693,0,1.93394601],[1.51484072,0,1.93394601],[2.96901393,0,1.93394601],[2.96901393,0,1.5],[3.68901372,0,1.5],[5.13862085,0,1.5],[5.13862085,0,1.5],[5.85862112,0,1.5],[7.23202372,0.440355986,1.46433258]]",1,0,1,0,0.119939089,0.952763438,0.69999963,,1.36109138,2.49339318,-0.016957581,not_instrumented,-0.190095618,0.0600000173,178,fdd62374c9a1724fc12690d1ccb756985b6c9f8d5f945b290156c17a204cf7d9,52a2e1ccdb91a21c342cf2f0cc8388c653021425674ea5ff4736a039efdc0fab,5e651fdf2dcb2d252b64d688a46ab0b793849356bd10a1c205d2b7cd9fabffa2
f16-dev-0029-sf6dc26c6-w5e651fdf,0f81914090df2088b0b4da5e8aa55ba1921ea137f6e3581710cb4e232e9abbc9,dev,16,vertical_over_under_choice,4141622982,4026423008,29,8,"cross low barrier above, overhang below, then choose over or under slab",0.809642255,hard,2,1.5,400,0,0,0,3,"[[0,0,1.5],[0.72492218,0,1.5],[0.72492218,0,2.13241053],[1.44492221,0,2.13241053],[3.23253465,0,2.13241053],[3.23253465,0,1.5],[3.95253444,0,1.5],[5.49582005,0,1.5],[5.49582005,0,2.83096433],[6.21582031,0,2.83096433],[7.5442853,0.24233079,1.45389092]]",1,0,1,0,0.105561495,0.879396558,0.669999659,,1.3125329,2.48900986,-0.0157753825,not_instrumented,-0.2857548,0.0600000173,229,fdd62374c9a1724fc12690d1ccb756985b6c9f8d5f945b290156c17a204cf7d9,52a2e1ccdb91a21c342cf2f0cc8388c653021425674ea5ff4736a039efdc0fab,5e651fdf2dcb2d252b64d688a46ab0b793849356bd10a1c205d2b7cd9fabffa2
