failure_id,family,split,controller,privileged_route,speed_cap_mps,budget_s,success,collision,timeout,waypoints_reached,waypoints_total,elapsed_s,path_m,goal_error_m,min_clearance_m,bank_sha256
f14-dev-0000-s7e641c55-w5e651fdf,14,dev,frozen_RAPTOR,true,1,60,1,0,0,5,5,22.2004128,14.9624424,0.0972891897,0.136059344,e2170fbe8e8c2d074ffb08de4269175a6de0bdcd410c3b60bd699ee7b5fc491e
f14-dev-0001-s8e7c8a9c-w5e651fdf-mirror-y,14,dev,frozen_RAPTOR,true,1,60,1,0,0,5,5,21.5503979,14.4879494,0.096956104,0.098213464,e2170fbe8e8c2d074ffb08de4269175a6de0bdcd410c3b60bd699ee7b5fc491e
f14-dev-0002-s9d66b173-w5e651fdf,14,dev,frozen_RAPTOR,true,1,60,1,0,0,5,5,22.0004082,14.8376551,0.0990084633,0.133676469,e2170fbe8e8c2d074ffb08de4269175a6de0bdcd410c3b60bd699ee7b5fc491e
f14-dev-0003-sfcf97001-w5e651fdf-mirror-y,14,dev,frozen_RAPTOR,true,1,60,1,0,0,5,5,22.5504208,15.2542305,0.0969492421,0.125164926,e2170fbe8e8c2d074ffb08de4269175a6de0bdcd410c3b60bd699ee7b5fc491e
f14-dev-0004-sc47f3901-w5e651fdf,14,dev,frozen_RAPTOR,true,1,60,1,0,0,5,5,21.9004059,14.7591429,0.0974196494,0.134878576,e2170fbe8e8c2d074ffb08de4269175a6de0bdcd410c3b60bd699ee7b5fc491e
f14-dev-0005-s42606920-w5e651fdf-mirror-y,14,dev,frozen_RAPTOR,true,1,60,1,0,0,5,5,21.9004059,14.7054491,0.0983999372,0.128701508,e2170fbe8e8c2d074ffb08de4269175a6de0bdcd410c3b60bd699ee7b5fc491e
f14-dev-0006-s56845228-w5e651fdf,14,dev,frozen_RAPTOR,true,1,60,1,0,0,5,5,21.3503933,14.2045231,0.099871777,0.13514787,e2170fbe8e8c2d074ffb08de4269175a6de0bdcd410c3b60bd699ee7b5fc491e
f14-dev-0007-s40e7965f-w5e651fdf-mirror-y,14,dev,frozen_RAPTOR,true,1,60,1,0,0,5,5,21.950407,14.6939154,0.0975740254,0.123005688,e2170fbe8e8c2d074ffb08de4269175a6de0bdcd410c3b60bd699ee7b5fc491e
f14-dev-0008-s115b9d6e-w5e651fdf,14,dev,frozen_RAPTOR,true,1,60,1,0,0,5,5,21.9004059,14.5574503,0.0964403525,0.138316453,e2170fbe8e8c2d074ffb08de4269175a6de0bdcd410c3b60bd699ee7b5fc491e
f14-dev-0009-s2470465f-w5e651fdf-mirror-y,14,dev,frozen_RAPTOR,true,1,60,1,0,0,5,5,21.7504025,14.6211491,0.0951066166,0.104938775,e2170fbe8e8c2d074ffb08de4269175a6de0bdcd410c3b60bd699ee7b5fc491e
f14-dev-0010-s3785e976-w5e651fdf,14,dev,frozen_RAPTOR,true,1,60,1,0,0,5,5,21.1003876,13.9339333,0.0973833799,0.13705495,e2170fbe8e8c2d074ffb08de4269175a6de0bdcd410c3b60bd699ee7b5fc491e
f14-dev-0011-sbce720fd-w5e651fdf-mirror-y,14,dev,frozen_RAPTOR,true,1,60,1,0,0,5,5,22.0004082,14.7806358,0.0972429961,0.126051486,e2170fbe8e8c2d074ffb08de4269175a6de0bdcd410c3b60bd699ee7b5fc491e
f14-dev-0012-s99477c3c-w5e651fdf,14,dev,frozen_RAPTOR,true,1,60,1,0,0,5,5,21.8504047,14.6028976,0.0990469083,0.137000024,e2170fbe8e8c2d074ffb08de4269175a6de0bdcd410c3b60bd699ee7b5fc491e
f14-dev-0013-scf48b619-w5e651fdf-mirror-y,14,dev,frozen_RAPTOR,true,1,60,1,0,0,5,5,21.4003944,14.2447796,0.097990863,0.126741827,e2170fbe8e8c2d074ffb08de4269175a6de0bdcd410c3b60bd699ee7b5fc491e
f14-dev-0014-s682067c0-w5e651fdf,14,dev,frozen_RAPTOR,true,1,60,1,0,0,5,5,22.300415,15.2099466,0.0964812338,0.0828457773,e2170fbe8e8c2d074ffb08de4269175a6de0bdcd410c3b60bd699ee7b5fc491e
f14-dev-0015-s1eae3a07-w5e651fdf-mirror-y,14,dev,frozen_RAPTOR,true,1,60,1,0,0,5,5,21.6504002,14.4751673,0.0977099687,0.127948821,e2170fbe8e8c2d074ffb08de4269175a6de0bdcd410c3b60bd699ee7b5fc491e
f14-dev-0016-s4c44120f-w5e651fdf,14,dev,frozen_RAPTOR,true,1,60,1,0,0,5,5,22.2504139,15.0616655,0.098764509,0.133006543,e2170fbe8e8c2d074ffb08de4269175a6de0bdcd410c3b60bd699ee7b5fc491e
f14-dev-0017-s4f6e70ab-w5e651fdf-mirror-y,14,dev,frozen_RAPTOR,true,1,60,1,0,0,5,5,22.7004242,15.5037718,0.0990242288,0.125042737,e2170fbe8e8c2d074ffb08de4269175a6de0bdcd410c3b60bd699ee7b5fc491e
f14-dev-0018-sb58140ca-w5e651fdf,14,dev,frozen_RAPTOR,true,1,60,1,0,0,5,5,22.2004128,15.1274805,0.0989907905,0.132146806,e2170fbe8e8c2d074ffb08de4269175a6de0bdcd410c3b60bd699ee7b5fc491e
f14-dev-0019-s6e66dc10-w5e651fdf-mirror-y,14,dev,frozen_RAPTOR,true,1,60,1,0,0,5,5,22.1504116,15.0433521,0.097113654,0.124992669,e2170fbe8e8c2d074ffb08de4269175a6de0bdcd410c3b60bd699ee7b5fc491e
f14-dev-0020-s0660baeb-w5e651fdf,14,dev,frozen_RAPTOR,true,1,60,1,0,0,5,5,22.1004105,14.869853,0.0999915898,0.133136898,e2170fbe8e8c2d074ffb08de4269175a6de0bdcd410c3b60bd699ee7b5fc491e
f14-dev-0021-sf3979696-w5e651fdf-mirror-y,14,dev,frozen_RAPTOR,true,1,60,1,0,0,5,5,21.9004059,14.7660084,0.0975898728,0.124584734,e2170fbe8e8c2d074ffb08de4269175a6de0bdcd410c3b60bd699ee7b5fc491e
f14-dev-0022-s27b8cd69-w5e651fdf,14,dev,frozen_RAPTOR,true,1,60,1,0,0,5,5,22.5004196,15.306284,0.0995397717,0.134126782,e2170fbe8e8c2d074ffb08de4269175a6de0bdcd410c3b60bd699ee7b5fc491e
f14-dev-0023-s93b9e558-w5e651fdf-mirror-y,14,dev,frozen_RAPTOR,true,1,60,1,0,0,5,5,22.0004082,14.7988329,0.0973261818,0.127700627,e2170fbe8e8c2d074ffb08de4269175a6de0bdcd410c3b60bd699ee7b5fc491e
f14-dev-0024-s993a8807-w5e651fdf,14,dev,frozen_RAPTOR,true,1,60,1,0,0,5,5,21.7504025,14.6478958,0.0981575772,0.111995548,e2170fbe8e8c2d074ffb08de4269175a6de0bdcd410c3b60bd699ee7b5fc491e
f14-dev-0025-sae587287-w5e651fdf-mirror-y,14,dev,frozen_RAPTOR,true,1,60,1,0,0,5,5,22.2504139,15.1352949,0.0959582031,0.124999344,e2170fbe8e8c2d074ffb08de4269175a6de0bdcd410c3b60bd699ee7b5fc491e
f14-dev-0026-s6715b445-w5e651fdf,14,dev,frozen_RAPTOR,true,1,60,1,0,0,5,5,21.6504002,14.4697495,0.0962167904,0.133649558,e2170fbe8e8c2d074ffb08de4269175a6de0bdcd410c3b60bd699ee7b5fc491e
f14-dev-0027-sb123b8d4-w5e651fdf-mirror-y,14,dev,frozen_RAPTOR,true,1,60,1,0,0,5,5,21.2003899,13.9829998,0.0988541692,0.128681719,e2170fbe8e8c2d074ffb08de4269175a6de0bdcd410c3b60bd699ee7b5fc491e
f14-dev-0028-s59d7afcb-w5e651fdf,14,dev,frozen_RAPTOR,true,1,60,1,0,0,5,5,21.5503979,14.3922224,0.0973726958,0.136218369,e2170fbe8e8c2d074ffb08de4269175a6de0bdcd410c3b60bd699ee7b5fc491e
f14-dev-0029-sac1b341d-w5e651fdf-mirror-y,14,dev,frozen_RAPTOR,true,1,60,1,0,0,5,5,21.950407,14.905159,0.0994100943,0.096811682,e2170fbe8e8c2d074ffb08de4269175a6de0bdcd410c3b60bd699ee7b5fc491e
f15-dev-0000-s5eacfc53-w5e651fdf,15,dev,frozen_RAPTOR,true,1,60,1,0,0,7,7,18.8003349,9.14113998,0.097289443,0.258589953,e2170fbe8e8c2d074ffb08de4269175a6de0bdcd410c3b60bd699ee7b5fc491e
f15-dev-0001-s6958c653-w5e651fdf-mirror-y,15,dev,frozen_RAPTOR,true,1,60,1,0,0,7,7,20.6003761,10.5227947,0.0997778773,0.220191091,e2170fbe8e8c2d074ffb08de4269175a6de0bdcd410c3b60bd699ee7b5fc491e
f15-dev-0002-sff588efe-w5e651fdf,15,dev,frozen_RAPTOR,true,1,60,1,0,0,7,7,18.9003372,9.04402256,0.0981784016,0.2609016,e2170fbe8e8c2d074ffb08de4269175a6de0bdcd410c3b60bd699ee7b5fc491e
f15-dev-0003-s76990b19-w5e651fdf-mirror-y,15,dev,frozen_RAPTOR,true,1,60,1,0,0,7,7,18.9503384,9.21363544,0.0986453295,0.265382528,e2170fbe8e8c2d074ffb08de4269175a6de0bdcd410c3b60bd699ee7b5fc491e
f15-dev-0004-sd401bbed-w5e651fdf,15,dev,frozen_RAPTOR,true,1,60,1,0,0,7,7,19.9003601,9.96319866,0.0980826542,0.252250254,e2170fbe8e8c2d074ffb08de4269175a6de0bdcd410c3b60bd699ee7b5fc491e
f15-dev-0005-s4663f0bf-w5e651fdf-mirror-y,15,dev,frozen_RAPTOR,true,1,60,1,0,0,7,7,18.8503361,9.13072681,0.0977256745,0.26239717,e2170fbe8e8c2d074ffb08de4269175a6de0bdcd410c3b60bd699ee7b5fc491e
f15-dev-0006-s73650d3a-w5e651fdf,15,dev,frozen_RAPTOR,true,1,60,1,0,0,7,7,20.1003647,10.0464439,0.0986594483,0.246508211,e2170fbe8e8c2d074ffb08de4269175a6de0bdcd410c3b60bd699ee7b5fc491e
f15-dev-0007-s9675ffdc-w5e651fdf-mirror-y,15,dev,frozen_RAPTOR,true,1,60,1,0,0,7,7,20.8003807,10.7890701,0.0980348662,0.232473969,e2170fbe8e8c2d074ffb08de4269175a6de0bdcd410c3b60bd699ee7b5fc491e
f15-dev-0008-s01e0d6a7-w5e651fdf,15,dev,frozen_RAPTOR,true,1,60,1,0,0,7,7,18.8003349,9.14050102,0.0984839946,0.258360744,e2170fbe8e8c2d074ffb08de4269175a6de0bdcd410c3b60bd699ee7b5fc491e
f15-dev-0009-sf601e24b-w5e651fdf-mirror-y,15,dev,frozen_RAPTOR,true,1,60,1,0,0,7,7,20.0003624,9.97916222,0.0960159749,0.261965275,e2170fbe8e8c2d074ffb08de4269175a6de0bdcd410c3b60bd699ee7b5fc491e
f15-dev-0010-s2c1b1df3-w5e651fdf,15,dev,frozen_RAPTOR,true,1,60,1,0,0,7,7,19.850359,10.0631475,0.0977972895,0.253032714,e2170fbe8e8c2d074ffb08de4269175a6de0bdcd410c3b60bd699ee7b5fc491e
f15-dev-0011-sfd44c7ba-w5e651fdf-mirror-y,15,dev,frozen_RAPTOR,true,1,60,1,0,0,7,7,20.8503819,10.7591543,0.0972469673,0.191194564,e2170fbe8e8c2d074ffb08de4269175a6de0bdcd410c3b60bd699ee7b5fc491e
f15-dev-0012-sa9ee9ae1-w5e651fdf,15,dev,frozen_RAPTOR,true,1,60,1,0,0,7,7,21.1003876,11.0332355,0.0987293497,0.173062921,e2170fbe8e8c2d074ffb08de4269175a6de0bdcd410c3b60bd699ee7b5fc491e
f15-dev-0013-s59acf027-w5e651fdf-mirror-y,15,dev,frozen_RAPTOR,true,1,60,1,0,0,7,7,19.1503429,9.40487289,0.0956138745,0.265984714,e2170fbe8e8c2d074ffb08de4269175a6de0bdcd410c3b60bd699ee7b5fc491e
f15-dev-0014-scd18eac9-w5e651fdf,15,dev,frozen_RAPTOR,true,1,60,1,0,0,7,7,20.6003761,10.5312424,0.0993827134,0.225983202,e2170fbe8e8c2d074ffb08de4269175a6de0bdcd410c3b60bd699ee7b5fc491e
f15-dev-0015-s3b9dbe94-w5e651fdf-mirror-y,15,dev,frozen_RAPTOR,true,1,60,1,0,0,7,7,20.4503727,10.3733616,0.0976207331,0.19522047,e2170fbe8e8c2d074ffb08de4269175a6de0bdcd410c3b60bd699ee7b5fc491e
f15-dev-0016-sf12f397f-w5e651fdf,15,dev,frozen_RAPTOR,true,1,60,1,0,0,7,7,19.7003555,9.72360611,0.0980342925,0.250254482,e2170fbe8e8c2d074ffb08de4269175a6de0bdcd410c3b60bd699ee7b5fc491e
f15-dev-0017-s45b8c541-w5e651fdf-mirror-y,15,dev,frozen_RAPTOR,true,1,60,1,0,0,7,7,18.7003326,9.02332401,0.0961958542,0.265565336,e2170fbe8e8c2d074ffb08de4269175a6de0bdcd410c3b60bd699ee7b5fc491e
f15-dev-0018-sa699d3c7-w5e651fdf,15,dev,frozen_RAPTOR,true,1,60,1,0,0,7,7,18.2003212,8.66602707,0.0950782672,0.264378488,e2170fbe8e8c2d074ffb08de4269175a6de0bdcd410c3b60bd699ee7b5fc491e
f15-dev-0019-s3010baf6-w5e651fdf-mirror-y,15,dev,frozen_RAPTOR,true,1,60,1,0,0,7,7,20.3003693,10.2989941,0.0992474556,0.255695581,e2170fbe8e8c2d074ffb08de4269175a6de0bdcd410c3b60bd699ee7b5fc491e
f15-dev-0020-sc671a06a-w5e651fdf,15,dev,frozen_RAPTOR,true,1,60,1,0,0,7,7,19.4003487,9.74260616,0.099614352,0.237788707,e2170fbe8e8c2d074ffb08de4269175a6de0bdcd410c3b60bd699ee7b5fc491e
f15-dev-0021-s053d6edd-w5e651fdf-mirror-y,15,dev,frozen_RAPTOR,true,1,60,1,0,0,7,7,19.850359,9.94330025,0.0985208079,0.266896576,e2170fbe8e8c2d074ffb08de4269175a6de0bdcd410c3b60bd699ee7b5fc491e
f15-dev-0022-s106697c1-w5e651fdf,15,dev,frozen_RAPTOR,true,1,60,1,0,0,7,7,20.7503796,10.5936213,0.0986090526,0.234565109,e2170fbe8e8c2d074ffb08de4269175a6de0bdcd410c3b60bd699ee7b5fc491e
f15-dev-0023-s693e1a97-w5e651fdf-mirror-y,15,dev,frozen_RAPTOR,true,1,60,1,0,0,7,7,19.0503407,9.20505238,0.0980885401,0.262009144,e2170fbe8e8c2d074ffb08de4269175a6de0bdcd410c3b60bd699ee7b5fc491e
f15-dev-0024-s32762236-w5e651fdf,15,dev,frozen_RAPTOR,true,1,60,1,0,0,7,7,20.7503796,10.6398687,0.098363772,0.221270502,e2170fbe8e8c2d074ffb08de4269175a6de0bdcd410c3b60bd699ee7b5fc491e
f15-dev-0025-s8faf2f35-w5e651fdf-mirror-y,15,dev,frozen_RAPTOR,true,1,60,1,0,0,7,7,19.2003441,9.34194565,0.095990032,0.266109943,e2170fbe8e8c2d074ffb08de4269175a6de0bdcd410c3b60bd699ee7b5fc491e
f15-dev-0026-sdc88f704-w5e651fdf,15,dev,frozen_RAPTOR,true,1,60,1,0,0,7,7,20.6003761,10.559083,0.098538287,0.259005815,e2170fbe8e8c2d074ffb08de4269175a6de0bdcd410c3b60bd699ee7b5fc491e
f15-dev-0027-s68a1a203-w5e651fdf-mirror-y,15,dev,frozen_RAPTOR,true,1,60,1,0,0,7,7,20.200367,10.1867018,0.098907128,0.208525717,e2170fbe8e8c2d074ffb08de4269175a6de0bdcd410c3b60bd699ee7b5fc491e
f15-dev-0028-s7ada4882-w5e651fdf,15,dev,frozen_RAPTOR,true,1,60,1,0,0,7,7,19.1003418,9.41227627,0.0991767123,0.261576951,e2170fbe8e8c2d074ffb08de4269175a6de0bdcd410c3b60bd699ee7b5fc491e
f15-dev-0029-s49d35751-w5e651fdf-mirror-y,15,dev,frozen_RAPTOR,true,1,60,1,0,0,7,7,18.9503384,9.26515579,0.0988126472,0.26239714,e2170fbe8e8c2d074ffb08de4269175a6de0bdcd410c3b60bd699ee7b5fc491e
f16-dev-0000-s0568bff1-w5e651fdf,16,dev,frozen_RAPTOR,true,1,60,1,0,0,10,10,23.5504436,10.0970106,0.0960370377,0.106129974,e2170fbe8e8c2d074ffb08de4269175a6de0bdcd410c3b60bd699ee7b5fc491e
f16-dev-0001-s515dc270-w5e651fdf-mirror-y,16,dev,frozen_RAPTOR,true,1,60,1,0,0,10,10,23.8504505,10.3552094,0.0960686952,0.106154293,e2170fbe8e8c2d074ffb08de4269175a6de0bdcd410c3b60bd699ee7b5fc491e
f16-dev-0002-s2d524e07-w5e651fdf,16,dev,frozen_RAPTOR,true,1,60,1,0,0,10,10,24.1504574,10.6395988,0.0978160948,0.102012277,e2170fbe8e8c2d074ffb08de4269175a6de0bdcd410c3b60bd699ee7b5fc491e
f16-dev-0003-sc6b7cad2-w5e651fdf-mirror-y,16,dev,frozen_RAPTOR,true,1,60,1,0,0,10,10,20.9503841,8.88321686,0.0985828266,0.123299688,e2170fbe8e8c2d074ffb08de4269175a6de0bdcd410c3b60bd699ee7b5fc491e
f16-dev-0004-s4fb4105d-w5e651fdf,16,dev,frozen_RAPTOR,true,1,60,1,0,0,10,10,24.4004631,10.9676867,0.0994644165,0.104079783,e2170fbe8e8c2d074ffb08de4269175a6de0bdcd410c3b60bd699ee7b5fc491e
f16-dev-0005-se39c4470-w5e651fdf-mirror-y,16,dev,frozen_RAPTOR,true,1,60,1,0,0,10,10,20.6003761,8.5517683,0.0996896923,0.123500675,e2170fbe8e8c2d074ffb08de4269175a6de0bdcd410c3b60bd699ee7b5fc491e
f16-dev-0006-sf129ecc0-w5e651fdf,16,dev,frozen_RAPTOR,true,1,60,1,0,0,10,10,20.900383,8.74901104,0.0975884721,0.119485646,e2170fbe8e8c2d074ffb08de4269175a6de0bdcd410c3b60bd699ee7b5fc491e
f16-dev-0007-s7d74a26f-w5e651fdf-mirror-y,16,dev,frozen_RAPTOR,true,1,60,1,0,0,10,10,20.5003738,8.41947842,0.0973312184,0.122683406,e2170fbe8e8c2d074ffb08de4269175a6de0bdcd410c3b60bd699ee7b5fc491e
f16-dev-0008-s6826ba21-w5e651fdf,16,dev,frozen_RAPTOR,true,1,60,1,0,0,10,10,23.9504528,10.5357075,0.09733814,0.11215198,e2170fbe8e8c2d074ffb08de4269175a6de0bdcd410c3b60bd699ee7b5fc491e
f16-dev-0009-s85c73deb-w5e651fdf-mirror-y,16,dev,frozen_RAPTOR,true,1,60,1,0,0,10,10,20.4003716,8.3037653,0.0977236107,0.115619093,e2170fbe8e8c2d074ffb08de4269175a6de0bdcd410c3b60bd699ee7b5fc491e
f16-dev-0010-s89a934de-w5e651fdf,16,dev,frozen_RAPTOR,true,1,60,1,0,0,10,10,20.6003761,8.53106785,0.0980282053,0.119963795,e2170fbe8e8c2d074ffb08de4269175a6de0bdcd410c3b60bd699ee7b5fc491e
f16-dev-0011-sb70548a9-w5e651fdf-mirror-y,16,dev,frozen_RAPTOR,true,1,60,1,0,0,10,10,20.9503841,8.84118843,0.0979717895,0.122791409,e2170fbe8e8c2d074ffb08de4269175a6de0bdcd410c3b60bd699ee7b5fc491e
f16-dev-0012-s6b32e7de-w5e651fdf,16,dev,frozen_RAPTOR,true,1,60,1,0,0,10,10,24.2504597,10.7767057,0.0966836289,0.0980386138,e2170fbe8e8c2d074ffb08de4269175a6de0bdcd410c3b60bd699ee7b5fc491e
f16-dev-0013-s69cc0035-w5e651fdf-mirror-y,16,dev,frozen_RAPTOR,true,1,60,1,0,0,10,10,24.0504551,10.6217566,0.0999316648,0.1119681,e2170fbe8e8c2d074ffb08de4269175a6de0bdcd410c3b60bd699ee7b5fc491e
f16-dev-0014-sd4291ebc-w5e651fdf,16,dev,frozen_RAPTOR,true,1,60,1,0,0,10,10,20.550375,8.37944317,0.0980664939,0.114218146,e2170fbe8e8c2d074ffb08de4269175a6de0bdcd410c3b60bd699ee7b5fc491e
f16-dev-0015-s876dd62c-w5e651fdf-mirror-y,16,dev,frozen_RAPTOR,true,1,60,1,0,0,10,10,21.1003876,8.93712425,0.0977300853,0.114957154,e2170fbe8e8c2d074ffb08de4269175a6de0bdcd410c3b60bd699ee7b5fc491e
f16-dev-0016-s3d830558-w5e651fdf,16,dev,frozen_RAPTOR,true,1,60,1,0,0,10,10,23.4504414,10.0339766,0.0996105373,0.0995991528,e2170fbe8e8c2d074ffb08de4269175a6de0bdcd410c3b60bd699ee7b5fc491e
f16-dev-0017-s52ed60c3-w5e651fdf-mirror-y,16,dev,frozen_RAPTOR,true,1,60,1,0,0,10,10,20.7003784,8.52934456,0.0978060588,0.112580061,e2170fbe8e8c2d074ffb08de4269175a6de0bdcd410c3b60bd699ee7b5fc491e
f16-dev-0018-s7966c3c6-w5e651fdf,16,dev,frozen_RAPTOR,true,1,60,1,0,0,10,10,20.550375,8.525424,0.0968773812,0.127790332,e2170fbe8e8c2d074ffb08de4269175a6de0bdcd410c3b60bd699ee7b5fc491e
f16-dev-0019-sec907888-w5e651fdf-mirror-y,16,dev,frozen_RAPTOR,true,1,60,1,0,0,10,10,23.8504505,10.3767309,0.0976576135,0.10263291,e2170fbe8e8c2d074ffb08de4269175a6de0bdcd410c3b60bd699ee7b5fc491e
f16-dev-0020-sa0d58d4b-w5e651fdf,16,dev,frozen_RAPTOR,true,1,60,1,0,0,10,10,23.6004448,10.146698,0.0961477235,0.108700335,e2170fbe8e8c2d074ffb08de4269175a6de0bdcd410c3b60bd699ee7b5fc491e
f16-dev-0021-s0fdd4389-w5e651fdf-mirror-y,16,dev,frozen_RAPTOR,true,1,60,1,0,0,10,10,20.9503841,8.8279295,0.097366333,0.120094508,e2170fbe8e8c2d074ffb08de4269175a6de0bdcd410c3b60bd699ee7b5fc491e
f16-dev-0022-s9d172b91-w5e651fdf,16,dev,frozen_RAPTOR,true,1,60,1,0,0,10,10,20.8503819,8.72230053,0.0980004519,0.11715892,e2170fbe8e8c2d074ffb08de4269175a6de0bdcd410c3b60bd699ee7b5fc491e
f16-dev-0023-s12170f24-w5e651fdf-mirror-y,16,dev,frozen_RAPTOR,true,1,60,1,0,0,10,10,21.0503864,8.98475266,0.0981680453,0.119891346,e2170fbe8e8c2d074ffb08de4269175a6de0bdcd410c3b60bd699ee7b5fc491e
f16-dev-0024-s1bd82c97-w5e651fdf,16,dev,frozen_RAPTOR,true,1,60,1,0,0,10,10,20.4503727,8.32855988,0.097896114,0.120322436,e2170fbe8e8c2d074ffb08de4269175a6de0bdcd410c3b60bd699ee7b5fc491e
f16-dev-0025-s22f9d1aa-w5e651fdf-mirror-y,16,dev,frozen_RAPTOR,true,1,60,1,0,0,10,10,20.8503819,8.79016018,0.099474445,0.124349535,e2170fbe8e8c2d074ffb08de4269175a6de0bdcd410c3b60bd699ee7b5fc491e
f16-dev-0026-sf5f29859-w5e651fdf,16,dev,frozen_RAPTOR,true,1,60,1,0,0,10,10,20.3003693,8.23848248,0.0984204933,0.111793876,e2170fbe8e8c2d074ffb08de4269175a6de0bdcd410c3b60bd699ee7b5fc491e
f16-dev-0027-s58ead200-w5e651fdf-mirror-y,16,dev,frozen_RAPTOR,true,1,60,1,0,0,10,10,20.6503773,8.4477253,0.0976375341,0.111595303,e2170fbe8e8c2d074ffb08de4269175a6de0bdcd410c3b60bd699ee7b5fc491e
f16-dev-0028-s26983cc6-w5e651fdf,16,dev,frozen_RAPTOR,true,1,60,1,0,0,10,10,20.0503635,8.10851097,0.0999025926,0.129446119,e2170fbe8e8c2d074ffb08de4269175a6de0bdcd410c3b60bd699ee7b5fc491e
f16-dev-0029-sf6dc26c6-w5e651fdf-mirror-y,16,dev,frozen_RAPTOR,true,1,60,1,0,0,10,10,23.9004517,10.4736681,0.099869892,0.102989942,e2170fbe8e8c2d074ffb08de4269175a6de0bdcd410c3b60bd699ee7b5fc491e
