results/guided-corner-control.bin	10	0.738681	0.0437732	0	1	0	1e+09
results/guided-corner-control.bin	20	1.30831	0.0296334	0	1	0	1e+09
results/guided-corner-control.bin	30	1.89243	0.0354784	0	1	0	1e+09
results/guided-corner-control.bin	40	2.42496	0.0308632	0	1	0	1e+09
results/guided-corner-control.bin	50	3.02581	0.0336664	0	1	0	1e+09
results/guided-corner-control.bin	60	3.55271	0.0279501	0	1	0	1e+09
results/guided-corner-control.bin	70	4.14425	0.0352515	0	1	0	1e+09
results/guided-corner-control.bin	80	4.69301	0.0292465	0	1	0	1e+09
results/guided-corner-control.bin	90	5.26997	0.0355035	0	1	0	1e+09
results/guided-corner-control.bin	100	5.77797	0.0304374	0	1	0	1e+09
results/guided-corner-control.bin	110	6.3345	0.0331248	0	1	0	1e+09
results/guided-corner-control.bin	120	6.83744	0.0312854	0	1	0	1e+09
results/guided-corner-control.bin	130	7.37096	0.0316408	0	1	0	1e+09
results/guided-corner-control.bin	140	7.86379	0.0305769	0	1	0	1e+09
results/guided-corner-control.bin	150	8.40096	0.0308577	0	1	0	1e+09
results/guided-corner-control.bin	160	8.89493	0.0297239	0	1	0	1e+09
results/guided-corner-control.bin	170	9.42614	0.0315003	0	1	0	1e+09
results/guided-corner-control.bin	180	9.99857	0.0316701	0	1	0	1e+09
results/guided-corner-control.bin	190	10.6246	0.043447	0	1	0	1e+09
results/guided-corner-control.bin	200	11.1603	0.0339699	0	1	0	1e+09
results/guided-corner-control.bin	210	11.6946	0.0306535	0	1	0	1e+09
results/guided-corner-control.bin	220	12.3461	0.0334992	0	1	0	1e+09
results/guided-corner-control.bin	230	12.8425	0.0301285	0	1	0	1e+09
results/guided-corner-control.bin	240	13.3938	0.0331745	0	1	0	1e+09
results/guided-corner-control.bin	250	13.8905	0.0291258	0	1	0	1e+09
results/guided-corner-control.bin	260	14.4223	0.0315546	0	1	0	1e+09
results/guided-corner-control.bin	270	14.9714	0.0308369	0	1	0	1e+09
results/guided-corner-control.bin	280	15.5404	0.0318428	0	1	0	1e+09
results/guided-corner-control.bin	290	16.2138	0.0500295	0	1	0	1e+09
results/guided-corner-control.bin	300	16.7691	0.0328471	0	1	0	1e+09
results/guided-corner-control.bin	310	17.3541	0.0332596	0	1	0	1e+09
results/guided-corner-control.bin	320	17.8991	0.0321931	0	1	0	1e+09
results/guided-corner-control.bin	330	18.5686	0.0338849	0	1	0	1e+09
results/guided-corner-control.bin	340	19.0481	0.0300443	0	1	0	1e+09
results/guided-corner-control.bin	350	19.5889	0.0330021	0	1	0	1e+09
results/guided-corner-control.bin	360	20.1056	0.0335085	0	1	0	1e+09
results/guided-corner-control.bin	370	20.6555	0.0331355	0	1	0	1e+09
results/guided-corner-control.bin	380	21.1792	0.0303283	0	1	0	1e+09
results/guided-corner-control.bin	390	21.9311	0.0538783	0	1	0	1e+09
results/guided-corner-control.bin	400	22.6406	0.0448203	0	1	0	1e+09
results/guided-corner-control.bin	410	23.1505	0.0298828	0	1	0	1e+09
results/guided-corner-control.bin	420	23.8479	0.0487561	0	1	0	1e+09
results/guided-corner-control.bin	430	24.4713	0.035091	0	1	0	1e+09
results/guided-corner-control.bin	440	25.0296	0.0332272	0	1	0	1e+09
results/guided-corner-control.bin	450	25.5378	0.0300987	0	1	0	1e+09
results/guided-corner-control.bin	460	26.0969	0.0353828	0	1	0	1e+09
results/guided-corner-control.bin	470	26.6322	0.0326904	0	1	0	1e+09
results/guided-corner-control.bin	480	27.2064	0.0357491	0	1	0	1e+09
results/guided-corner-control.bin	490	27.71	0.0299876	0	1	0	1e+09
results/guided-corner-control.bin	500	28.2899	0.0344627	0	1	0	1e+09
results/guided-corner-control.bin	510	28.8355	0.0319987	0	1	0	1e+09
results/guided-corner-control.bin	520	29.3977	0.032812	0	1	0	1e+09
results/guided-corner-control.bin	530	30.1153	0.0385828	0	1	0	1e+09
results/guided-corner-control.bin	540	30.6694	0.0301092	0	1	0	1e+09
results/guided-corner-control.bin	550	31.2433	0.0347374	0	1	0	1e+09
results/guided-corner-control.bin	560	31.7981	0.0319854	0	1	0	1e+09
results/guided-corner-control.bin	570	32.4909	0.0355843	0	1	0	1e+09
results/guided-corner-control.bin	580	33.2125	0.0427253	0	1	0	1e+09
results/guided-corner-control.bin	590	33.7806	0.0315825	0	1	0	1e+09
results/guided-corner-control.bin	600	34.393	0.03425	0	1	0	1e+09
results/guided-corner-control.bin	610	34.9922	0.0337601	0	1	0	1e+09
results/guided-corner-control.bin	620	35.6186	0.032031	0	1	0	1e+09
results/guided-corner-control.bin	630	36.231	0.0378982	0	1	0	1e+09
results/guided-corner-control.bin	640	36.808	0.0330883	0	1	0	1e+09
results/guided-corner-control.bin	650	37.4415	0.0369204	0	1	0	1e+09
results/guided-corner-control.bin	660	38.0607	0.034212	0	1	0	1e+09
results/guided-corner-control.bin	670	38.6419	0.0312637	0	1	0	1e+09
results/guided-corner-control.bin	680	39.2523	0.0370965	0	1	0	1e+09
results/guided-corner-control.bin	690	39.8987	0.0343921	0	1	0	1e+09
results/guided-corner-control.bin	700	40.52	0.0332278	0	1	0	1e+09
results/guided-corner-control.bin	710	41.1388	0.0343103	0	1	0	1e+09
results/guided-corner-control.bin	720	41.7425	0.0325297	0	1	0	1e+09
results/guided-corner-control.bin	730	42.4026	0.0345391	0	1	0	1e+09
results/guided-corner-control.bin	740	43.1008	0.0368968	0	1	0	1e+09
results/guided-corner-control.bin	750	43.8136	0.0352653	0	1	0	1e+09
results/guided-corner-control.bin	760	44.5272	0.0400497	0	1	0	1e+09
results/guided-corner-control.bin	770	45.1942	0.0387116	0	1	0	1e+09
results/guided-corner-control.bin	780	45.8352	0.0336279	0	1	0	1e+09
results/guided-corner-control.bin	790	46.6107	0.039519	0	1	0	1e+09
results/guided-corner-control.bin	800	47.3947	0.0408328	0	1	0	1e+09
results/guided-corner-control.bin	810	48.1415	0.0395833	0	1	0	1e+09
results/guided-corner-control.bin	820	48.9013	0.0350835	0	1	0	1e+09
results/guided-corner-control.bin	830	49.6195	0.0369791	0	1	0	1e+09
results/guided-corner-control.bin	840	50.3305	0.0349823	0	1	0	1e+09
results/guided-corner-control.bin	850	51.2216	0.0596159	0	1	0	1e+09
results/guided-corner-control.bin	860	51.9621	0.0445558	0	1	0	1e+09
results/guided-corner-control.bin	870	52.8742	0.0366786	0	1	0	1e+09
results/guided-corner-control.bin	880	53.8867	0.043686	0	1	0	1e+09
results/guided-corner-control.bin	890	54.5598	0.0360747	0	1	0	1e+09
results/guided-corner-control.bin	900	55.4812	0.048213	0	1	0	1e+09
results/guided-corner-control.bin	910	56.2328	0.0387057	0	1	0	1e+09
results/guided-corner-control.bin	920	56.8912	0.0354314	0	1	0	1e+09
results/guided-corner-control.bin	930	57.6678	0.0369448	0	1	0	1e+09
results/guided-corner-control.bin	940	58.6439	0.047543	0	1	0	1e+09
results/guided-corner-control.bin	950	59.4851	0.0488772	0	1	0	1e+09
results/guided-corner-control.bin	960	60.1213	0.0377628	0	1	0	1e+09
results/guided-corner-control.bin	970	60.7724	0.0346829	0	1	0	1e+09
results/guided-corner-control.bin	980	61.331	0.0370719	0	1	0	1e+09
results/guided-corner-control.bin	990	62.0378	0.0423482	0	1	0	1e+09
results/guided-corner-control.bin	1000	62.5982	0.0305164	0	1	0	1e+09
