t_s,x,y,z,qw,qx,qy,qz,vx,vy,vz,wx,wy,wz,ref_x,ref_y,ref_z,cmd_vx,cmd_vy,cmd_vz,cmd_yaw_rate,clearance_m,sensor_ready,depth_capture_t_s,depth_0,depth_1,depth_2,depth_3,depth_4,depth_5,depth_6,depth_7,depth_8,depth_9,depth_10,depth_11,depth_12,depth_13,depth_14,depth_15,depth_16,depth_17,depth_18,depth_19,depth_20,depth_21,depth_22,depth_23,depth_24,depth_25,depth_26,depth_27,depth_28,depth_29,depth_30,depth_31,depth_32,depth_33,depth_34,depth_35,depth_36,depth_37,depth_38,depth_39,depth_40,depth_41,depth_42,depth_43,depth_44,depth_45,depth_46,depth_47,depth_48,depth_49,depth_50,depth_51,depth_52,depth_53,depth_54,depth_55,depth_56,depth_57,depth_58,depth_59,depth_60,depth_61,depth_62,depth_63,depth_64,depth_65,depth_66,depth_67,depth_68,depth_69,depth_70,depth_71,depth_72,depth_73,depth_74,depth_75,depth_76,depth_77,depth_78,depth_79
0,0,0,1.5,1,0,0,0,1.5,0,0,0,0,0,0,0,1.5,1.03969121,-0.558326006,0.925912619,0.466600388,1.31999993,1,0,7.41151619,6.89181328,6.48427868,6.21103096,6.09017372,6.09017372,6.21103096,6.48427868,6.89181328,7.41151619,7.59150791,8.79514599,8.22529888,7.8233633,7.64463806,7.64463806,7.8233633,8.22529984,8.79514599,7.59150791,7.36359119,8.47855282,10.5917149,11.5385828,11.2388706,11.2388706,11.5385828,10.5917158,8.47855282,7.36359215,7.26372433,8.33918953,10.3839407,12,12,1.73037922,1.52373695,1.56682229,8.33918953,7.26372433,7.26372433,8.33918953,10.3839407,11.096796,10.7848139,1.75747299,1.52996516,1.57414603,8.33918953,7.26372433,6.18439484,5.65485191,5.23257065,4.94510698,4.81665897,4.81665897,4.94510698,5.23257065,5.65485191,6.18439484,4.10209608,3.77999282,3.52512836,3.35286999,3.27627373,3.27627325,3.35286999,3.52512836,3.77999282,4.10209608,3.17636395,2.95363402,2.77897668,2.66187048,2.61007452,2.61007452,2.66187048,2.77897668,2.95363402,3.17636395
0.049999997,0.0749491602,-4.70158848e-05,1.50047636,0.999761343,0.0147955585,-0.0160768665,0.000240571884,1.49515474,-0.00442015287,0.0294840857,1.5038594,-1.49590826,0.0139767155,0.0519845635,-0.0279162992,1.5462954,1.04860866,-0.587283611,0.897506475,0.471747071,1.25880671,1,0.049999997,6.85822296,6.42736053,6.095119,5.88481331,5.81667423,5.84013987,6.00448322,6.32005262,6.77280712,7.34426403,7.69604111,8.02665615,7.56444645,7.27153158,7.18200397,7.22092152,7.47070503,7.94153404,8.61109352,7.49625206,7.42104816,8.56149292,10.7310963,10.3048582,10.201457,10.2856226,10.7370825,10.4643431,8.40449333,7.31337452,7.27756548,8.35832787,10.4147654,12,12,1.64117312,1.45151329,1.49087214,8.32741547,7.25627899,7.25633526,8.32745552,10.3623428,12,12,1.61528468,1.44304323,1.48111725,8.35828876,7.27750874,7.31343079,6.71439838,6.08283138,5.63069201,5.37415743,5.31546831,5.35592937,5.55877399,5.89452791,6.32764626,4.62130117,4.20411205,3.87127256,3.63630247,3.50957966,3.48815298,3.52664328,3.66363525,3.88224173,4.16401148,3.46284294,3.19076967,2.97506046,2.82426286,2.7448144,2.73272967,2.7626338,2.85921645,3.01284671,3.21248293
0.099999994,0.148875654,-0.00114172942,1.50364542,0.996019304,0.0702132359,-0.0548993647,0.00129853887,1.45403147,-0.0505012423,0.101621628,2.44774771,-1.2161448,0.0369691998,0.104414999,-0.0572804734,1.59117055,0.991948605,-0.669344723,0.904442132,0.471258134,1.18039703,1,0.099999994,5.65684843,5.42491865,5.2691412,5.21572304,5.23574781,5.38405323,5.69106674,6.16622734,6.81147671,7.31075001,6.70097208,6.41859198,6.23186398,6.18142319,6.22097969,6.45528126,6.92337418,7.64617825,8.17416954,7.175704,7.75126553,8.26519489,8.07945728,8.0561533,8.19768238,8.65846443,9.51426315,9.96605206,8.13978481,7.14676285,7.43006039,8.55886459,10.7198019,12,12,1.66837215,1.39371181,1.42837715,8.19373894,7.17881441,7.25912476,8.30840015,10.2850952,12,12,1.51593328,1.3607533,1.39129293,8.43670177,7.34565496,7.22466516,8.24999809,10.1451015,9.11559868,7.67659187,6.82173824,1.47987604,1.52238083,6.10769844,6.12459469,7.25293255,6.36275196,5.43878412,4.77473116,4.33211231,4.07483053,3.96544576,3.95442629,3.99786258,4.10386705,4.82872581,4.23488331,3.77014351,3.42693949,3.19706798,3.06929755,3.0285852,3.03542328,3.09228277,3.1929338
0.149999991,0.219743967,-0.00625675591,1.51083994,0.990650594,0.115049131,-0.0732053369,0.00402915571,1.37691057,-0.163526863,0.187151119,0.992278099,-0.395287275,0.0839110613,0.154012412,-0.0907476991,1.63639271,1.05124569,-0.797141254,0.713756621,0.473781824,1.10360718,1,0.149999991,5.11227512,4.97647762,4.91230917,4.91591072,5.01409054,5.2599988,5.68277979,6.30714226,7.15501881,7.01823521,5.8875432,5.73743534,5.67728519,5.69430542,5.85409498,6.22701931,6.86744881,7.82814598,7.8807497,6.99246502,7.20492125,7.07934856,7.0593462,7.14713144,7.47851467,8.16014671,9.31825161,9.57590389,7.92860794,7.01928616,7.63237,8.81323528,9.87227154,10.3317184,11.2916517,12,1.32036638,1.34771347,8.1460104,7.16866016,7.32096291,8.35852909,10.3037739,12,12,1.43227744,1.28457439,1.30864656,8.57726669,7.46710205,7.16272831,8.12539196,9.88272953,12,10.0380688,7.87117004,1.37214279,1.39812076,5.73480368,5.55024624,7.13089466,8.06736565,7.37714958,5.93010139,5.01762819,4.45911169,4.1394949,3.97894835,3.92116213,3.9181509,6.66025639,5.45837498,4.59087563,3.97571468,3.55722475,3.29277325,3.14640379,3.08702278,3.08164024,3.10595798
0.199999988,0.286350846,-0.0180209894,1.52233732,0.988904238,0.124968156,-0.0800302178,0.0068186624,1.2861594,-0.308834255,0.27185455,0.0848394036,-0.150266483,0.14623791,0.206574693,-0.130604759,1.6720804,1.10547113,-0.776210904,0.65225023,0.467038363,1.02888823,1,0.199999988,4.97256517,4.85325909,4.80461168,4.81566572,4.92851305,5.18981123,5.6308136,6.27956581,7.16287994,6.968647,5.68847895,5.55917835,5.51847029,5.54470778,5.72236252,6.11397028,6.7776022,7.77263975,7.82378292,6.95527077,6.89008808,6.78946877,6.78116655,6.89043331,7.24104309,7.94224167,9.12771988,9.5306778,7.9049921,7.00591707,7.67710686,8.86133003,9.30514145,9.76712513,10.7156115,1.47603965,1.25278807,1.27765203,8.16056538,7.18265915,7.33401489,8.36151028,10.282608,12,12,1.34134197,1.21185529,1.23336935,8.63873959,7.51341438,7.14901447,8.09165955,9.80549908,12,11.345252,8.49121857,1.26985967,1.29007304,5.81658411,5.5706811,7.09323502,8.00149918,8.30225658,6.46468067,5.34736156,4.6721921,4.28051662,4.07138968,3.97785759,3.95574808,7.10495758,5.98402023,4.93993187,4.2150197,3.72608519,3.41469955,3.2354629,3.1515646,3.13369322,3.14231062
0.249999985,0.348296881,-0.0372156762,1.53801095,0.988530993,0.128486902,-0.0784750506,0.0118014729,1.19209981,-0.459700227,0.354947746,0.257594377,0.385244727,0.210344851,0.261848271,-0.16941528,1.70469308,1.17642856,-0.77932781,0.508590341,0.451586366,0.95672518,1,0.249999985,4.9384222,4.8252902,4.78279161,4.79697895,4.91647291,5.18551397,5.63644123,6.29893494,7.20217133,6.98656273,5.64505768,5.5239625,5.4916234,5.52222538,5.70945168,6.11291122,6.79296827,7.81279659,7.85962105,6.97890568,6.82945156,6.74038792,6.73813534,6.86052608,7.22700834,7.95012283,9.17013264,9.62205791,7.95914173,7.04214954,7.64331055,8.79774952,9.23378944,9.71931267,10.7019444,1.34698451,1.18182302,1.20557463,8.23732853,7.23382664,7.29376125,8.29158783,10.1470556,12,12,1.2492882,1.14089572,1.16108859,8.74507236,7.58316612,7.10275173,8.01552296,9.66642666,12,11.3753796,1.36961985,1.18378651,1.20231676,5.77472496,5.52563858,7.04099607,7.91876888,8.4487915,6.54052353,5.38837814,4.69420195,4.29103804,4.07418251,3.97489572,3.94813919,7.0496707,6.09875679,5.01387072,4.26435137,3.75998545,3.43849754,3.25227976,3.16322613,3.14127016,3.148103
0.299999982,0.405770391,-0.0640884712,1.557778,0.988989532,0.133493409,-0.0603958145,0.0207773503,1.11093974,-0.615754545,0.433912098,0.121403284,1.11048615,0.278855473,0.320669711,-0.208381653,1.7301228,0.959314466,-0.697619498,0.918173671,0.461691618,0.887480497,1,0.299999982,5.02346468,4.9236455,4.89713526,4.92086029,5.06406116,5.36582756,5.8630538,6.59166145,7.58953476,7.0698266,5.77289724,5.67249393,5.65475845,5.71232462,5.94038153,6.403337,7.17276096,8.32893658,7.99216652,7.0717802,7.04127407,6.9913168,7.01272297,7.1955986,7.65123177,8.51442337,9.96516991,9.8941164,8.12483883,7.15694523,7.53287411,8.61728477,9.81113338,10.4773455,11.7600965,1.20240891,1.09599769,1.11834574,8.44582272,7.37573528,7.18073654,8.11389256,9.83019829,12,12,1.15389061,1.06871223,1.08902335,1.35637224,7.75993681,6.9859705,7.83726406,9.36178589,12,9.32842731,1.28044057,1.12413454,1.14398396,5.22661972,5.04841709,6.91919088,7.73698235,7.52698898,5.9236517,4.93640518,4.33687449,3.99011993,3.80790567,3.73055458,3.71813774,6.92489624,5.70683622,4.71657038,4.0280838,3.56342888,3.26758957,3.09762335,3.01857948,3.00255632,3.01130581
0.349999964,0.459863901,-0.0988962054,1.58180475,0.991344035,0.121676713,-0.0379951485,0.0314361267,1.05699575,-0.776295781,0.535547137,-1.23729968,0.55223608,0.365687132,0.368635476,-0.243262604,1.77603149,1.01244998,-0.67504257,0.877076149,0.465904683,0.820983171,1,0.349999964,5.26698685,5.15238571,5.1136694,5.1324625,5.2684083,5.56633234,6.06225729,6.79001141,7.78379345,7.27857971,6.14103985,6.02558136,6.00199556,6.05247593,6.28136015,6.75483656,7.5452261,8.73176479,8.29581547,7.27134132,7.66273403,7.60893917,7.63256264,7.83237171,8.32932186,9.27039433,10.8520184,10.4025059,8.40969276,7.33883381,7.31762838,8.30512905,10.141469,12,12,1.09471679,1.02182627,1.04568601,8.71395016,7.54039478,7.01794243,7.88275528,9.45728016,12,12,1.06476665,1.00196099,1.0241133,1.25783229,7.83288765,6.8652544,7.66820431,9.09628487,9.79091549,7.48938656,1.17207348,1.06084442,1.08414221,4.94229126,4.86067533,6.83382893,7.61818743,6.21522236,5.11862707,4.41017532,3.97474289,3.73148727,3.61980438,3.59456587,3.60387969,5.97363091,4.95443916,4.20682764,3.6714673,3.30622029,3.07710528,2.95402193,2.9099493,2.91014981,2.94279313
0.399999976,0.511692822,-0.141170084,1.61186314,0.995890498,0.0733508021,-0.0350299217,0.0399347842,1.01634872,-0.904696822,0.670287251,-2.31035161,0.114903405,0.392747879,0.419258058,-0.277014762,1.81988502,0.996550798,-0.650670528,0.912970424,0.463698417,0.757709682,1,0.399999976,5.66009188,5.43806934,5.29233789,5.24973536,5.27573967,5.43788433,5.76244831,6.26053429,6.9359808,7.68745613,6.76476431,6.4972496,6.32678032,6.29094028,6.3467865,6.60997677,7.11789703,7.89608717,8.80570412,7.57523727,7.36789322,8.39293861,8.35978985,8.35874367,8.55732918,9.10096073,10.0801706,11.1650286,8.79464722,7.56019878,7.06590176,7.96938801,9.63085556,12,12,1.03581262,0.985764265,1.02067375,8.90844917,7.62674809,6.90641928,7.74604225,9.27103233,12,12,0.979005456,0.941966057,0.969168901,9.23460674,7.8395834,6.87628651,7.70075703,9.17260361,8.21171665,7.04720688,1.00981665,0.963516116,0.990763426,5.8419261,5.89404869,6.90483475,6.15939617,5.29758835,4.67528868,4.26113749,4.02389383,1.22518373,3.92471194,3.97930145,4.09538126,4.8347106,4.2502985,3.79198074,3.45343828,3.22741079,3.10334063,3.06660938,3.07561469,3.13721085,3.24311924
0.449999988,0.561475754,-0.188199908,1.64906645,0.998138011,0.0205898751,-0.0314812846,0.048016265,0.975290954,-0.965132236,0.818676651,-1.6636734,0.407236487,0.377485901,0.469085574,-0.309548318,1.86553383,0.981957674,-0.63194716,0.94148922,0.463291168,0.699843287,1,0.449999988,6.24967194,5.867414,5.57414532,5.39168692,5.33920956,5.36581993,5.52739859,5.8292613,6.25928783,6.80117607,7.33122683,7.21189404,6.81155968,6.56254959,6.49670315,6.53957081,6.78196526,7.22705173,7.8560524,7.98791122,7.0539484,7.9485569,9.37434959,9.0273819,8.95668888,9.05038548,9.47674465,10.2313547,9.24837971,7.82258415,6.90278053,7.74075508,9.26702404,12,12,0.991626501,0.962288141,1.05264151,9.2048645,7.78946018,6.87536144,7.7027483,9.20746136,12,12,0.897772312,0.881029725,0.932076573,9.27023411,7.8293972,6.91495371,7.75531673,7.69686508,7.05492401,6.67075157,0.903888583,0.885840297,0.933595538,7.10453129,7.56906033,5.57668877,5.04662228,4.62342405,4.3213501,4.15075445,1.0248332,0.983297348,1.04415381,4.51966715,4.82725382,4.06548691,3.73333216,3.46936369,3.28278565,3.18026495,3.16128969,3.18600559,3.28740335,3.45376158,3.67190218
0.49999997,0.609350264,-0.236786872,1.69371963,0.998151958,-0.00746679027,-0.0209399927,0.0565552041,0.941699386,-0.972319603,0.967208683,-0.56563282,0.474031299,0.360521764,0.51818341,-0.341145635,1.91260839,0.992526293,-0.651715934,0.916601002,0.464696735,0.649670243,1,0.49999997,6.75553417,6.2521863,5.85484791,5.58190823,5.44782543,5.43518114,5.51742744,5.73366785,6.06612539,6.49383402,7.11035252,7.88497782,7.30700111,6.90642166,6.70664883,6.68584633,6.79997349,7.10552406,7.57284832,8.16840458,6.91217709,7.73282051,9.20852757,9.81380272,9.46912384,9.42486954,9.58659935,10.0508022,9.63131905,8.05172825,6.83358669,7.62653255,9.06003284,12,12,0.946658254,0.941482306,12,9.4377327,7.92003155,6.84119034,7.63698196,9.07619095,12,0.960443616,0.838632822,0.836989164,0.920002878,9.42019558,7.90883255,6.95071507,7.02895832,6.58033657,6.29262257,0.951536655,0.835384965,0.833009601,0.90865463,7.6016736,7.9949584,4.88565445,4.53407001,4.25867414,4.07981873,4.01561022,0.902088225,0.893918514,0.985687852,4.75401926,5.1979146,3.72963738,3.48592281,3.29672146,3.17418385,3.128654,3.1368351,3.21590352,3.37512827,3.60631323,3.89897728
0.549999952,0.655857623,-0.285092592,1.74565291,0.997712612,-0.0139493849,-0.0122010512,0.0650085583,0.920443416,-0.958592892,1.10721803,-0.0214251988,0.232947573,0.333841681,0.567809641,-0.373731494,1.9584384,1.01363921,-0.643376052,0.899223566,0.463615924,0.608635962,1,0.549999952,6.9204464,6.38154602,5.95456028,5.6568799,5.50170565,5.47942972,5.54327869,5.74103308,6.05361414,6.45904636,7.04064178,7.88293076,7.51766777,7.07099342,6.83365059,6.79636717,6.88018799,7.15642357,7.5927496,8.15360069,6.86044884,7.64169407,9.0373621,10.2611523,9.82609081,9.74393749,9.83925915,10.2427692,9.87609482,8.1905117,6.79844952,7.55838013,8.92454433,11.720993,12,0.934906125,0.961755872,12,9.63565445,8.03035736,6.81407738,7.57970524,8.95712948,11.7816219,0.866099,0.799913406,0.811326146,0.94509089,9.59707069,8.00604439,6.93967009,6.65464211,6.2714262,6.03841114,0.84907794,0.788702011,0.798644543,0.910340309,7.54383278,8.06726837,4.75433064,4.43137646,4.18065214,4.02314854,0.905656993,0.827368021,0.83542645,0.961182714,4.78924131,5.26272964,3.68610692,3.45647764,3.2796855,3.16836786,3.13353753,1.0676657,3.23764873,3.40991068,3.65648532,3.96753693
0.599999964,0.701525927,-0.332608372,1.80401468,0.997167766,-0.0163060725,-0.00815682858,0.0729667395,0.907149374,-0.94173944,1.22167373,-0.240327448,0.152333781,0.312062562,0.61849153,-0.40590027,2.00339937,1.06928957,-0.649602294,0.827427745,0.480207711,0.577803433,1,0.599999964,6.91761208,6.3701086,5.93581247,5.63154316,5.46988297,5.44421005,5.50061417,5.68969536,5.99207926,6.38563347,7.00273609,7.81147861,7.53457689,7.07361126,6.82366753,6.78033686,6.8518343,7.11463261,7.53568125,8.07897758,6.82902002,7.57973194,8.91411781,10.3706436,9.90102863,9.79563713,9.87153721,10.2480965,10.0867472,8.30533123,6.77281857,7.50441265,8.81353474,11.4632988,12,12,12,12,9.82289791,8.13193607,6.79117489,7.52929211,8.85115051,11.5319548,0.816836894,0.786889791,0.814594507,12,9.77459526,8.10189342,6.92206669,6.64293289,6.27275753,6.05210066,0.786792517,0.761567295,0.782798529,0.956984103,7.63953304,8.15304756,4.79925108,4.47938204,4.23188305,4.07831764,0.804617524,0.776827574,0.79763937,0.99006784,4.88878345,5.38103247,3.74400282,3.51449704,3.3383441,3.2285881,0.93415314,0.873514831,0.903379917,3.48870373,3.74545527,4.0690341
0.649999976,0.746655107,-0.379163802,1.86706567,0.996392846,-0.0271692351,-0.000975489849,0.0803882405,0.899258673,-0.918735087,1.29062438,-0.493923515,0.550566435,0.304623783,0.671955943,-0.438380331,2.04477096,1.10809934,-0.622297585,0.796781957,0.484747976,0.557948768,1,0.649999976,7.13793564,6.52891922,6.04404736,5.69771242,5.49978971,5.4514637,5.48082685,5.63613367,5.90184689,6.25448084,6.93159056,7.69507027,7.77939129,7.23816967,6.92212391,6.83094883,6.8645792,7.0712657,7.43217564,7.90868664,6.78484249,7.50040054,8.76553917,10.8747826,10.2356272,9.99098015,10.0033102,10.2560558,10.3774195,8.46841717,6.75445604,7.45983267,8.71296215,11.2111807,12,12,12,12,10.027606,8.24425316,6.78570986,7.5019989,8.7800436,11.3485956,0.795502186,0.784969211,0.866724193,12,9.90975475,8.17523003,6.71374226,6.32134342,6.02848244,0.850015879,0.745945334,0.738318026,0.790568948,6.9924202,7.83512974,8.19671249,4.67260885,4.39032745,4.17638969,0.852532029,0.751451373,0.743822098,0.793691218,4.59050465,5.03330278,5.58811092,3.70327044,3.49414349,3.3365016,1.00695741,0.813365042,0.803187132,0.864728272,3.57625818,3.86270666,4.22251081
0.699999928,0.791662633,-0.424297631,1.93204629,0.995275497,-0.0379564986,0.0183688831,0.0874562785,0.903978169,-0.885211408,1.2980969,-0.168404311,0.960350811,0.315198392,0.727360845,-0.469495147,2.08460951,1.15828383,-0.594819367,0.744693398,0.486299127,0.548717082,1,0.699999928,7.09145737,6.95877314,6.39568329,5.98753214,5.74110222,5.65420437,5.666924,5.79217529,6.02977085,6.35396719,6.87122536,7.59441471,8.48707676,7.81424522,7.39914894,7.23315048,7.2358489,7.38883781,7.70158005,8.13058567,6.75251627,7.43761539,8.64357185,11.0059566,11.5390768,11.0707808,10.9950047,11.1019974,10.6734381,8.632658,6.73585987,7.41537857,8.61794662,10.9921837,12,12,12,12,10.2211256,8.34929752,6.79487324,7.49436188,8.73879147,0.880864859,0.788562179,0.799005747,12,12,10.0142651,8.22709084,6.05521345,5.72875071,5.49139738,0.783078671,0.730347395,0.737352788,0.837230802,6.55040741,7.395998,8.22323322,4.40491009,4.15625715,3.97114563,0.780526042,0.731484175,0.738318324,0.831754327,4.46414757,4.92271042,5.49817467,3.57208443,3.38237333,3.24166846,0.832664371,0.777922273,0.786293626,0.909381747,3.53839803,3.83887267,4.21589518
0.74999994,0.837364435,-0.467636645,1.99582028,0.993900716,-0.0388612598,0.0411282144,0.0946559533,0.926834226,-0.848766148,1.24234819,0.180692211,0.731631935,0.340190768,0.785275102,-0.499236047,2.12184453,1.20471144,-0.578259051,0.681385815,0.488272876,0.548245609,1,0.74999994,7.06563282,7.36999702,6.76759386,6.33032131,6.06485462,5.96841908,5.979599,6.1073184,6.35341215,6.69053745,6.85216808,7.55216694,8.76147461,8.53147411,8.06064892,7.86367989,7.85892773,8.01011276,8.33446598,8.78411484,6.7398138,7.40391064,8.56942081,10.8351383,12,12,12,12,10.8880501,8.74380302,6.72625923,7.3856945,8.54940605,10.8298244,12,12,12,12,10.3959885,8.43966961,6.7915144,7.47249603,8.4835043,0.842004776,0.802021742,0.837058425,9.81839466,11.1677914,10.1572618,8.2999754,5.69409657,5.36368084,0.928701997,0.756038785,0.733310342,0.754287243,0.974450827,5.95102882,6.67277813,7.58235264,4.26100159,4.0107832,0.893759787,0.751478076,0.731546164,0.751633286,0.930950642,4.24159861,4.66185045,5.1886797,3.50932693,3.31767988,0.967559695,0.788744926,0.76975441,0.79524529,3.2325933,3.4367857,3.72112274,4.07802105
0.799999952,0.884525895,-0.509262204,2.05529571,0.992608309,-0.0354516022,0.0537456647,0.102874935,0.960410118,-0.817253709,1.12760401,0.0868487805,0.24588567,0.375074655,0.845510721,-0.528149068,2.15591335,1.23791456,-0.566696167,0.629621446,0.488410771,0.55393821,1,0.799999952,7.05496073,7.48420429,6.89154768,6.46337032,6.20804024,6.12417507,6.14286327,6.28838062,6.55608845,6.91848135,6.83698845,7.5161376,8.68595505,8.8723135,8.40882492,8.22736454,8.23387718,8.41469955,8.77750111,9.2730732,6.72000933,7.36183071,8.48504829,10.6519804,12,12,12,12,11.1387873,8.87418747,6.70401287,7.34026527,8.45983028,10.6364489,12,12,12,12,10.6388683,8.56902313,6.76393747,7.41937447,8.11104488,0.857221484,0.837176681,0.984126091,8.96059132,10.0207634,10.397768,8.43049049,5.67655134,5.31933546,0.852386236,0.752308726,0.74251318,0.792345643,5.23665047,5.70035458,6.34272575,7.14826202,4.28872252,4.02258825,0.822798252,0.742024422,0.733999074,0.780079484,3.88007736,4.16026974,4.55125284,5.04100132,3.55128145,3.34836292,0.839304566,0.764137745,0.758830726,0.811233401,3.21988678,3.41237402,3.68252492,4.02197218
0.849999964,0.933414578,-0.549431622,2.10782337,0.991298258,-0.0363227613,0.057694573,0.112604715,0.994862199,-0.789829731,0.96742177,-0.144752115,0.139213592,0.416160792,0.907406569,-0.556483924,2.18739414,1.26745594,-0.540279329,0.593003869,0.488669783,0.563322008,1,0.849999964,7.0069499,7.47537899,6.88168907,6.45256948,6.19623375,6.11117268,6.12916183,6.27304363,6.53878689,6.8988905,6.79306984,7.44084406,8.55235195,8.92442608,8.4533968,8.26654053,8.27096272,8.44845009,8.80861568,9.30185699,6.67947578,7.29111004,8.35796738,10.3968296,12,12,12,12,11.5508842,9.09779835,6.66491604,7.27130127,8.33489132,10.3833075,12,12,12,12,11.0031233,8.77017021,6.72725391,7.3528738,8.07904816,0.922516942,0.93123281,8.23061657,8.87321663,9.90267467,10.7268419,8.61449909,5.7282033,5.36493587,0.830092788,0.765495777,0.768086135,0.869759798,5.2672677,5.7296977,6.37068462,7.1741724,4.34814024,4.07712221,0.788665771,0.744708419,0.748975575,0.829750776,3.92693925,4.20900154,4.60284233,5.09615755,3.61015248,0.995409429,0.793821216,0.754625201,0.760546684,0.846108437,3.26957178,3.46424866,3.73763943,4.08118916
0.899999976,0.98400104,-0.588238001,2.15161371,0.989441216,-0.0402280167,0.0644508824,0.123425655,1.02892029,-0.762081087,0.78176719,-0.0921256393,0.434397519,0.461661726,0.9707793,-0.583497941,2.21704388,1.29017389,-0.504783392,0.575017273,0.488693237,0.574311078,1,0.899999976,6.93410826,7.60395956,7.01573944,6.56203175,6.286479,6.18617439,6.1975956,6.32964039,6.58436298,6.93340969,6.73194265,7.34246922,8.38595676,9.21446896,8.69312572,8.46902275,8.45835876,8.61030483,8.94844532,9.4207983,6.62898731,7.20670986,8.21127796,10.1121912,12,12,12,12,12,9.40151215,6.61944437,7.19327545,8.19681835,10.1110706,12,12,12,12,11.4687252,9.02774143,6.6914959,7.28674936,7.79570103,7.65527058,7.67977142,7.96027422,8.59101963,9.59912395,10.9923773,8.83470535,5.6415925,5.28912115,0.82231617,0.78703618,0.804858088,4.9431324,5.21994925,5.68584013,6.33090162,7.14011621,4.32631207,0.881437063,0.775961757,0.75546205,0.771371722,0.915050507,3.92865133,4.21557045,4.61542082,5.11631441,3.61324787,0.868323505,0.776987195,0.761438012,0.778877974,0.927965999,3.2878139,3.48685741,3.76568556,4.11593342
0.949999928,1.03641951,-0.62558502,2.18611407,0.987255156,-0.0382505767,0.0752864853,0.134892896,1.06993234,-0.731065392,0.605332792,0.26153177,0.170626864,0.510710537,1.0352881,-0.60873723,2.24579477,1.31643414,-0.468728721,0.545247257,0.488595396,0.585362613,1,0.949999928,6.88755369,7.52580929,7.19745398,6.74783516,6.47902489,6.38937759,6.40784311,6.55758667,6.83470201,7.21041012,6.68574572,7.26525211,8.25292206,9.66676807,9.14492035,8.93210125,8.93178082,9.11349487,9.49222851,10.0139952,6.58248234,7.12913609,8.077528,9.85695171,12,12,12,12,12,9.72075748,6.57248974,7.11493111,8.06150436,9.85161018,12,12,12,12,12,9.32283688,6.64295959,7.20548344,7.49564838,7.30344868,7.29659271,7.49690628,8.01394081,8.86133099,10.0320129,9.11288166,5.58694172,0.970735669,0.824477911,0.807431102,0.848980427,4.80214453,5.04638672,5.46860647,6.05609417,6.79116058,4.31633806,0.846389174,0.775353134,0.766025186,0.800936103,3.70519733,3.85590291,4.1236949,4.49917746,4.96948481,3.62062263,0.834939718,0.774636149,0.767999291,0.806061387,3.14920592,3.25401068,3.44251776,3.70838284,4.04272604
0.99999994,1.09121847,-0.661281466,2.21328449,0.98557508,-0.033388596,0.07605391,0.147454545,1.12391531,-0.696124256,0.494454026,-0.0303884745,-0.00022123754,0.523228765,1.1011095,-0.632173777,2.27305675,1.36708331,-0.463580877,0.407647341,0.488818288,0.596420109,1,0.99999994,6.85179615,7.46184826,7.06053448,6.65076065,6.41488171,6.35386372,6.38580418,6.56217003,6.86688805,7.27240276,6.64220428,7.19176197,8.12631989,9.50514793,9.05546856,8.90367126,8.93175411,9.16937923,9.60599136,10.1899805,6.53068256,7.04512691,7.9362011,9.59461689,12,12,12,12,12,10.1117811,6.51621628,7.02500725,7.91150761,9.57399654,12,12,12,12,12,9.70709801,6.57669163,7.10179043,7.69552374,7.44455194,7.40962219,7.55309868,8.00606632,8.77282524,9.83567333,9.49705505,5.75549793,0.951917052,0.846137047,0.840017796,0.935117245,4.84636259,5.06697226,5.4618187,6.01512623,6.70625305,4.42594051,0.832716107,0.783042312,0.781830847,0.842177629,3.74213719,3.88017035,4.13408327,4.49306965,4.94294405,0.925338745,0.816422701,0.777887225,0.779024959,0.840206861,3.18195868,3.27853155,3.45839262,3.71441126,4.03697062
1.04999995,1.14892852,-0.695122004,2.23630309,0.983047307,-0.036228288,0.0815473124,0.160173669,1.18524361,-0.656755984,0.426882058,-0.169422343,0.373992592,0.506925344,1.16946352,-0.655352831,2.29343915,1.35588598,-0.405594528,0.497057468,0.488675773,0.608643353,1,1.04999995,6.77757835,7.34755421,7.20462513,6.77864742,6.5309329,6.46182823,6.49089289,6.66331005,6.96579123,7.37003994,6.57776451,7.09062767,7.96120071,9.53409767,9.34067345,9.16588974,9.18602657,9.41308594,9.84404278,10.4250803,6.47492218,6.95520306,7.78647518,9.32163334,12,12,12,12,12,10.6235638,6.46445704,6.94002342,7.76818085,9.30957794,12,12,12,12,12,10.1526041,6.53245258,7.02560043,7.47805452,7.23414803,7.2001915,7.33958101,7.77970982,8.52474976,9.55749512,9.89082813,5.67422962,0.926216245,0.864663601,0.874487042,4.73962116,4.78352499,5.00270748,5.39414978,5.94243622,6.6273365,0.929047823,0.823858857,0.795490146,0.804526091,0.909371853,3.7196722,3.85803556,4.11176872,4.47023439,4.91942549,0.875163436,0.807807207,0.78899157,0.799794912,0.901508927,3.17552233,3.27280521,3.45332766,3.71004224,4.03341055
1.0999999,1.20992506,-0.726789534,2.25662565,0.980481327,-0.0423057079,0.0833916515,0.172952026,1.25650811,-0.60749054,0.39807725,-0.339792699,-0.228666395,0.492099881,1.23725784,-0.675632417,2.3182919,1.41393685,-0.472431213,0.166104868,0.488087058,0.622464359,1,1.0999999,6.69427156,7.22227097,7.31830597,6.85791492,6.58175755,6.48788881,6.50527811,6.65459824,6.93310928,7.31148529,6.50909805,6.98448181,7.7908411,9.23631096,9.48497581,9.25205994,9.2459259,9.42273521,9.80325603,10.3311205,6.41972828,6.86613083,7.63911057,9.05702686,11.9175797,12,12,12,12,11.2492342,6.41569805,6.85887718,7.63111687,9.05918598,11.9731436,12,12,12,12,10.6755733,6.49633884,6.95958519,7.32316589,7.11711597,7.10084915,7.27507305,7.75307941,8.54470444,9.63919544,10.3326216,5.58570957,0.921558261,0.896887541,0.934280634,4.71626616,4.77596712,5.01229477,5.42420483,5.99827862,6.71617508,0.889888883,0.824462414,0.81382525,0.84038651,3.69672823,3.72612524,3.87472248,4.14055252,4.51388502,4.98152208,0.849092484,0.808038116,0.803312778,0.832905769,1.07302511,3.18708038,3.29144859,3.48028326,3.74703026,4.08258104
1.14999998,1.27449536,-0.75576067,2.27630782,0.978771925,-0.0452212989,0.0745502934,0.185480103,1.32343948,-0.552012861,0.380749553,-0.0473450944,-0.321236908,0.463059247,1.30795503,-0.699254036,2.32659721,1.44542158,-0.383479029,0.117049351,0.487635732,0.63876915,1,1.14999998,6.63608551,7.13081503,7.06306028,6.60534859,6.32711601,6.22535276,6.23645401,6.36855221,6.62407017,6.97444296,6.45517588,6.89881516,7.65170097,8.99343204,8.96842098,8.72819901,8.71293068,8.86116791,9.20110035,9.67882252,6.36925411,6.78475761,7.50545692,8.82066631,11.4313316,12,12,12,12,11.9435148,6.36664391,6.77905273,7.49904156,8.8237133,11.4825802,12,12,12,12,11.2870016,6.44955397,6.88165092,7.63753319,7.48417091,7.48862076,7.71923256,8.2806282,9.19117069,10.4486818,10.8821869,5.72835684,0.967678547,0.96144855,4.91430473,4.88897133,4.96769476,5.23209381,5.68324566,6.30943298,7.09377384,0.88474834,0.843648314,0.843666553,0.906570196,3.80173159,3.84090662,4.00372696,4.28910542,4.68794394,5.1875062,0.840486765,0.818822026,0.824198723,0.888060212,3.24381113,3.26839161,3.38156223,3.58225012,3.86422253,4.21858597
1.19999993,1.34204483,-0.782109857,2.29383731,0.976778746,-0.0428461768,0.0739805028,0.196454719,1.37736416,-0.503187895,0.312237531,0.0706177577,0.259871364,0.439444989,1.38022614,-0.718427956,2.3324492,1.45224285,-0.372410893,-0.0479731746,0.486718208,0.656910419,1,1.19999993,6.60855865,7.08111382,6.95435143,6.52073097,6.26171589,6.17578316,6.19397593,6.33940506,6.6079855,6.97192526,6.42429113,6.84524632,7.56046963,8.83039761,8.85978603,8.65445614,8.65455437,8.83142471,9.19921684,9.7056551,6.33459187,6.7264719,7.40779209,8.64712334,11.0785856,12,12,12,12,12,6.3298502,6.71793461,7.3972311,8.6429863,11.1132183,12,12,12,12,11.8689709,6.40782261,6.81358242,7.5249176,7.60978127,7.60024834,7.80371571,8.33594608,9.21026802,10.4183283,11.43081,5.8426342,1.04934812,1.10418212,4.97914124,4.94754076,5.0147419,5.26790714,5.70651531,6.31706905,7.08087921,0.896107554,0.87383616,0.885233045,1.01641214,3.84221792,3.87475872,4.03141975,4.31036043,4.70166445,5.19179535,0.847693324,0.839339852,0.855659008,0.96387136,3.2749691,3.29598236,3.40508795,3.60171247,3.87917089,4.228127
1.24999988,1.41219449,-0.806167722,2.30664325,0.97369802,-0.0449379943,0.0848927125,0.206606075,1.42854798,-0.45963636,0.190224901,-0.174097657,0.445659578,0.428364724,1.4528383,-0.737048447,2.33005071,1.40314007,-0.317967802,0.424375415,0.487026393,0.675530136,1,1.24999988,6.56082058,7.00666904,7.26896286,6.81459141,6.54285908,6.45207977,6.47060585,6.62157583,6.90115452,7.28027058,6.38565922,6.78244305,7.4580164,8.65368938,9.49095154,9.26159668,9.25722218,9.43768215,9.82217026,10.3543949,6.30443954,6.67413616,7.318964,8.48915291,10.7614202,12,12,12,12,12,6.30379486,6.67049599,7.31451797,8.4929781,10.8061552,12,12,12,12,12,6.38992214,6.77558231,7.38073444,7.16257763,7.14072704,7.30414486,7.77064991,8.54824829,9.62404823,10.9776678,5.66822147,1.08170176,4.9857831,4.80707073,4.77240419,4.82853365,5.062778,5.47354603,6.046731,6.76327419,0.902282119,0.894878268,0.927465796,3.7810998,3.75066042,3.77927065,3.92754579,4.19430876,4.56946087,5.03940582,0.859501123,0.858989239,0.896655917,3.24423838,3.21916246,3.23853254,3.34303021,3.53313947,3.80207825,4.140481
1.29999995,1.48503184,-0.827905655,2.31331635,0.971221447,-0.0552111715,0.0772192925,0.21844393,1.48686302,-0.405428439,0.0998404697,-0.674252093,-1.05649805,0.437242538,1.52299535,-0.752946734,2.35126996,1.46401727,-0.301402599,-0.125736773,0.485761106,0.693669617,1,1.29999995,6.4844799,6.89416599,7.24206734,6.73208332,6.41178703,6.27454281,6.26934671,6.37002039,6.59392738,6.91105652,6.3260355,6.69087887,7.31477261,8.41562653,9.20977116,8.88453007,8.83224583,8.91229057,9.18690777,9.59839725,6.26065493,6.6019001,7.20054531,8.28492069,10.3655329,12,12,12,12,12,6.26778507,6.60754585,7.2077136,8.30408764,10.4312582,12,12,12,12,12,6.36967087,6.73111343,7.36915302,7.2798686,7.3065424,7.58090496,8.19048691,9.16257858,10.5064507,12,5.6003747,5.25920343,5.0016098,4.86184883,4.84725666,4.94754124,5.23572397,5.71590233,6.37965393,7.21350288,0.922674298,0.929945111,1.02061248,3.81527901,3.79734039,3.84959865,4.02708054,4.33013058,4.75109291,5.27860832,0.879772067,0.891724229,0.972391963,3.26910877,3.25393057,3.28760862,3.41110229,3.62413549,3.92124271,4.29423189
1.3499999,1.56056452,-0.846577287,2.31730056,0.970214844,-0.055234164,0.0448278151,0.231566235,1.52850294,-0.343950152,0.0492788181,0.0608342737,-1.13977313,0.445656061,1.59619641,-0.768016934,2.34498286,1.46701622,-0.270609707,-0.156952009,0.484001398,0.713121593,1,1.3499999,6.46032286,6.84758234,6.41735649,5.95783615,5.66755915,5.53996086,5.53236723,5.61535358,5.80700397,6.08059597,6.29010868,6.63018608,7.21468544,8.21808529,7.67765141,7.41239405,7.37151337,7.44352198,7.67783689,8.02653027,6.21242142,6.52609253,7.08062744,8.08473587,9.99179554,12,12,12,12,12,6.21297598,6.52345276,7.07656479,8.08673096,10.0254107,12,12,12,12,12,6.30034351,6.62815189,7.21146107,8.28135967,8.93655396,9.46856689,10.4740524,12,12,12,6.13699865,5.80802393,5.56933784,5.46157312,5.47041273,5.63818121,6.02916622,6.65635157,7.51968575,8.61443233,0.994221449,1.04722798,4.24261665,4.1434989,4.13608837,4.21850967,4.44120979,4.80755234,5.31232977,5.94632721,0.919077754,0.961259723,3.56195259,3.4828825,3.47401237,3.52519608,3.67410898,3.92187977,4.26411819,4.69348383
1.39999986,1.63749158,-0.862599611,2.3172977,0.96835804,-0.0452732518,0.0355713628,0.242832914,1.5472405,-0.29941535,-0.0571860969,0.34759748,0.251515538,0.454754055,1.66954708,-0.781547487,2.33713531,1.47448206,-0.237352178,-0.139881,0.48374334,0.733596563,1,1.39999986,6.47596741,6.61108875,6.0680685,5.67363644,5.43355322,5.34513283,5.35416651,5.46659279,5.68494272,5.9846549,6.28511143,6.61152649,7.17466021,7.65853119,7.23135757,7.05052614,7.04430389,7.17600441,7.46285343,7.86177778,6.18691206,6.48258877,7.00876713,7.96215248,9.76198292,11.6107502,11.4567652,11.5113621,11.8165922,12,6.17694664,6.4670763,6.98796654,7.94017124,9.75538445,12,12,12,12,12,6.24198914,6.54398823,7.08590984,8.08034992,9.81107998,10.3190823,11.319602,12,12,12,6.42535877,6.19658661,5.91386652,5.77012873,5.76406622,5.90746832,6.27892303,6.88682842,7.72504377,8.78169441,1.09351707,4.6405735,4.42368555,4.30297184,4.28631115,4.35279369,4.56169224,4.91424513,5.40268087,6.01503086,0.971193552,1.05653393,3.67664409,3.58316326,3.56796503,3.60787654,3.74660897,3.98413134,4.31472111,4.72965431
1.44999993,1.71535671,-0.876632571,2.31102943,0.964913607,-0.0457848087,0.0524701178,0.253164679,1.56922758,-0.261496335,-0.195667788,-0.214365125,0.637355924,0.466410547,1.74327147,-0.79341507,2.33014131,1.44279408,-0.207514361,0.353952974,0.484340012,0.754166186,1,1.44999993,6.43055916,6.78467083,6.43821716,6.02994442,5.78414583,5.69883919,5.7127471,5.84116697,6.08292484,6.41215801,6.2487812,6.55379486,7.08355141,8.01715183,7.90502787,7.71813488,7.71646118,7.87072754,8.19514561,8.64295387,6.1590147,6.43510008,6.93074894,7.83030319,9.51864433,12,12,12,12,12,6.15311718,6.42437744,6.91583538,7.81592274,9.5221529,12,12,12,12,12,6.2262392,6.51051521,7.02462769,7.96924496,8.64334488,8.96591949,9.68451309,10.8310108,12,12,6.22916603,5.83957195,5.54343271,5.37817144,5.35665655,5.45605612,5.76107979,6.27467108,6.98583221,7.87791634,1.11740053,4.44722271,4.22468996,4.09458208,4.07113314,4.11839867,4.29874277,4.61157179,5.04770851,5.5940423,1.00505388,1.16917694,3.54775429,3.44847393,3.42922592,3.45802975,3.5807724,3.79656601,4.09906197,4.47907829
1.49999988,1.79461098,-0.888425827,2.29926872,0.961381853,-0.058178734,0.0405992866,0.265917152,1.60057545,-0.205120638,-0.245649412,-0.841178954,-1.22241461,0.485587448,1.81541109,-0.803790808,2.34783912,1.46782923,-0.182421252,-0.249398947,0.483437896,0.775177538,1,1.49999988,6.35546684,6.67502022,6.43843746,5.96987009,5.67228079,5.53839731,5.5278573,5.60504961,5.7907567,6.05804729,6.1901083,6.46438313,6.94683456,7.79910374,7.66310549,7.38726425,7.34136295,7.40329361,7.62704229,7.96444225,6.11580133,6.36420918,6.81728697,7.64310169,9.18262196,12,12,12,12,12,6.11744928,6.36231136,6.81313276,7.64251137,9.20458221,12,12,12,12,12,6.20577431,6.46584702,6.94249535,7.8211422,8.96781921,9.53933048,10.6006241,12,12,12,6.09242821,5.77497482,5.5470705,5.44970846,5.4638257,5.64299822,6.04781818,6.69321871,7.58148909,8.71065712,4.65717936,4.40574789,4.22107553,4.12771273,4.12306452,4.21104765,4.43985415,4.81356049,5.32776022,5.97409582,1.09566915,3.68562031,3.5417099,3.46646833,3.45938087,3.51400185,3.66642427,3.91812849,4.26511478,4.70044327
1.54999995,1.87494111,-0.896998346,2.28732252,0.958083093,-0.0611936562,0.0107688326,0.279671609,1.60732496,-0.13982825,-0.240897447,0.0231970698,-0.750027597,0.483145863,1.88880217,-0.812911749,2.33536863,1.46506703,-0.128390744,-0.295117736,0.480757862,0.799071252,1,1.54999995,6.33359909,6.5828948,5.96118355,5.50343704,5.2079649,5.06579733,5.04703188,5.09989548,5.25180006,5.47743797,6.15973663,6.41022015,6.8567977,7.28833723,6.77070236,6.50324106,6.44793797,6.48557472,6.66205788,6.93802166,6.07652473,6.29945469,6.71398115,7.47436094,8.88544464,10.0337276,9.71616173,9.67941856,9.78216648,10.0466461,6.07340717,6.29169655,6.70216465,7.462677,8.88840199,11.6882544,12,12,12,12,6.15119553,6.38177109,6.8131218,7.6134119,9.12452221,12,12,12,12,12,6.34664822,6.24930859,6.08145523,6.04915714,6.12287331,6.42856598,7.01636219,7.92412472,9.18186188,10.8230467,4.8790803,4.65254068,4.49539852,4.43577909,4.45180416,4.59229565,4.89374256,5.36679935,6.01386929,6.83395958,4.0203166,3.83923388,3.71233106,3.65726471,3.66217852,3.74629879,3.93792105,4.24135685,4.65534878,5.1756649
1.5999999,1.95510983,-0.902660966,2.27435851,0.955211401,-0.0511764772,0.011854168,0.291224241,1.60006833,-0.0889464468,-0.284796208,0.569338024,0.467106283,0.476644188,1.96205568,-0.819331169,2.32061291,1.45146227,-0.0792254806,-0.370108664,0.47992304,0.825270116,1,1.5999999,6.34493446,6.42081213,5.85993814,5.44955111,5.19231176,5.08305597,5.07974863,5.16308212,5.34629631,5.6051445,6.15528202,6.3925972,6.81970406,7.1786356,6.73495293,6.5275774,6.50345325,6.58966255,6.81885529,7.14974499,6.05642033,6.26339912,6.6541605,7.37489986,8.70980453,10.0790081,9.89027977,9.91214752,10.1273537,10.5024328,6.04529142,6.24609566,6.63038206,7.34697914,8.6877203,11.2900438,12,12,12,12,6.10611153,6.31557465,6.71490192,7.4607563,8.86497974,11.6241369,12,12,12,12,6.28248501,6.42573357,6.20336819,6.12793493,6.16174126,6.40354013,6.90985775,7.70478535,8.79988289,10.2039547,4.991786,4.73372126,4.54690933,4.4583931,4.45967627,4.56834459,4.83175325,5.25605488,5.83841372,6.57186699,4.0851779,3.88386774,3.737988,3.66449046,3.66005421,3.72427893,3.89287138,4.16803932,4.54622936,5.02078676
1.64999986,2.03516698,-0.906034052,2.25819898,0.951803267,-0.0470911786,0.0282709803,0.301751167,1.60449982,-0.0464489944,-0.367523372,-0.0645298362,0.35323298,0.476024717,2.03462887,-0.823292494,2.30210805,1.49039876,-0.138736337,0.09728311,0.480804056,0.8527987,1,1.64999986,6.31817913,6.58696175,6.11590672,5.71609497,5.4721446,5.38115406,5.38930798,5.50061798,5.71848345,6.01810551,6.13059139,6.35088921,6.75283051,7.47122669,7.2375021,7.0543232,7.04705524,7.1767807,7.46168327,7.85858536,6.03340626,6.22377586,6.59001589,7.27034998,8.52892971,10.9213858,11.2917604,11.3473215,11.6515274,12,6.02297211,6.20721626,6.56703377,7.2431879,8.50702477,10.9350128,12,12,11.970437,12,6.08491707,6.27757835,6.65192795,7.35612106,8.67999935,10.4550362,11.5234585,12,11.9932756,12,6.26210594,6.13177681,5.86062765,5.72716093,5.72586012,5.87849998,6.25976849,6.87956619,7.7335577,8.81189632,4.85079193,4.57098055,4.36141062,4.24653816,4.23223257,4.30237675,4.51380968,4.86827374,5.35863686,5.97362328,3.98935223,3.77462721,3.6147728,3.5253315,3.51163912,3.55354309,3.69301319,3.93026066,4.25989532,4.67356586
1.69999993,2.11561918,-0.907147527,2.23851013,0.947887242,-0.051532235,0.0115341544,0.314199477,1.61095881,0.00441856124,-0.396485865,-0.354431927,-1.39373207,0.486630917,2.10914898,-0.830229282,2.30697179,1.45262253,-0.0826174393,-0.364776671,0.479387105,0.881509244,1,1.69999993,6.29154253,6.52261162,5.95319366,5.53658152,5.27550983,5.1647563,5.16151857,5.24643135,5.43283653,5.69610739,6.10291195,6.30171108,6.67228174,7.30175114,6.85064602,6.63987446,6.61541367,6.70325661,6.93654537,7.27328682,6.00431061,6.17309189,6.507864,7.13713169,8.30112267,10.2786684,10.0850439,10.1068125,10.3252497,10.7067356,5.99298143,6.15539551,6.48335171,7.10763359,8.27478313,10.4900255,12,12,11.8981743,11.9221916,6.05266428,6.22253466,6.56337738,7.21250248,8.43236732,10.7717066,12,12,11.888792,11.9132185,6.22684574,6.30280781,6.08258438,6.00634718,6.03826189,6.27249241,6.76521397,7.53951263,8.60605049,9.97261715,4.90235519,4.64799547,4.46363211,4.37576485,4.37651443,4.48206282,4.73926353,5.15400887,5.72335482,6.4402914,4.01401806,3.81567669,3.67181778,3.59906578,3.59442186,3.65688992,3.82176781,4.09116316,4.4615202,4.92623806
1.74999988,2.19578791,-0.905730247,2.2192452,0.944086492,-0.0384748057,-0.0151651157,0.327094048,1.59228456,0.0480684228,-0.380210668,0.59443897,-0.762584746,0.4752464,2.18177962,-0.834360242,2.28873277,1.44262123,0.0161471702,-0.410589427,0.476561069,0.912919104,1,1.74999988,6.356884,5.9183836,5.43055534,5.07604361,4.8598628,4.77947855,4.7869277,4.88620186,5.08013582,5.34671831,6.13207722,6.32134008,6.67873096,6.45270824,6.10240555,5.95859432,5.9575243,6.07705688,6.32796574,6.67416573,5.99876547,6.15250492,6.46584702,7.06108379,8.16328239,8.62236881,8.56730461,8.65811729,8.95460796,9.3895092,5.96837044,6.11024237,6.40985107,6.99175549,8.08767033,10.1473255,12,12,11.856431,11.8607836,5.99418259,6.14010811,6.44586849,7.03795815,8.15252876,10.2648668,12,11.9624443,11.8086023,11.8151846,6.12961388,6.30434799,6.64957428,6.97498703,7.02322292,7.32067776,7.92565918,8.86996841,10.1723614,11.8500614,5.3900423,5.112216,4.91130972,4.81657791,4.81842327,4.93682146,5.22259235,5.68251371,6.3136692,7.10869694,4.30559826,4.09173012,3.93633795,3.85719156,3.85161829,3.91729903,4.09254026,4.37947369,4.77415562,5.26937437
1.79999995,2.27477217,-0.902733564,2.19990206,0.940604389,-0.0226751324,-0.012549852,0.338514239,1.56861496,0.0692241192,-0.398987561,0.420666933,0.438493013,0.46154657,2.25391078,-0.833552837,2.26820374,1.39635408,0.0757226124,-0.542642713,0.474321932,0.94690913,1,1.79999995,6.2509594,5.72482061,5.30613232,5.00799894,4.83958101,4.80239773,4.83089304,4.97307444,5.21291685,5.52994347,6.15577698,6.33559036,6.67994928,6.32296753,6.05710793,5.9870286,6.02123833,6.2120142,6.53866673,6.96773624,5.99874449,6.13952494,6.43466568,7.00143051,8.05273724,8.66309357,8.68576336,8.92873383,9.38191223,9.98381042,5.9450469,6.07040787,6.34647274,6.8910923,7.91986656,9.85280514,12,11.9728413,11.7724581,11.7591867,5.95897388,6.08643341,6.36566162,6.91547203,7.95362854,9.90563297,12,11.9338732,11.7380447,11.7264776,6.06933832,6.22099304,6.53253746,7.12616301,7.1498003,7.31504488,7.76068592,8.49525642,9.50905323,10.785079,5.63853741,5.29424191,5.03263903,4.88098812,4.85474396,4.91467047,5.13375711,5.51168299,6.03789234,6.69712067,4.44190884,4.18854904,3.99710321,3.88408995,3.86182261,3.89304781,4.02993822,4.2713871,4.61014175,5.03576708
1.8499999,2.35287023,-0.89884907,2.17874002,0.936632812,-0.0315605961,0.000939530379,0.348886967,1.55695617,0.0877517834,-0.454644918,-0.76568079,0.535753489,0.453992397,2.32372808,-0.82976675,2.2410717,1.49947703,-0.00182427233,0.0395639651,0.477004647,0.982966483,1,1.8499999,6.32305336,6.10383892,5.63984728,5.30695391,5.11354637,5.05994177,5.08294678,5.21845722,5.45584774,5.77297926,6.09681034,6.25256062,6.56235027,6.8283329,6.51242542,6.40994358,6.4333992,6.6109786,6.93219757,7.36016178,5.96164989,6.08226299,6.34878635,6.87072849,7.84298897,9.59891033,9.58789635,9.78576279,10.2135897,10.8004246,5.92879772,6.03714848,6.28936481,6.79687691,7.76005459,9.55528545,12,11.9306049,11.6944485,11.6657715,5.95309353,6.06495762,6.32243729,6.83851528,7.81698561,9.64598751,12,11.9103146,11.6766443,11.6488943,6.08481216,6.22364807,6.51748943,6.44173813,6.43348932,6.59035683,7.00112772,7.67469263,8.6036644,9.77420235,5.22421741,4.91166592,4.67534828,4.54091358,4.51980829,4.58252287,4.79435682,5.15577793,5.65773201,6.28675604,4.18468285,3.9508431,3.775033,3.67308092,3.65445757,3.68903255,3.8241241,4.05912971,4.3876214,4.80012798
1.89999986,2.43039489,-0.893609166,2.15528917,0.931766987,-0.0490645953,-0.00913617294,0.35961026,1.54047084,0.12569499,-0.460722834,-0.381391704,-0.682364464,0.446943521,2.39870238,-0.829857945,2.24304938,1.4113096,0.117679775,-0.494323999,0.475416481,1.02041411,1,1.89999986,6.24764824,6.37659645,5.81499434,5.40374136,5.14506149,5.03347063,5.0286026,5.10798788,5.28619766,5.53910208,6.04371262,6.17450905,6.44910336,6.96738625,6.5397234,6.33751392,6.31369495,6.3966279,6.61837435,6.93881989,5.92934132,6.02842331,6.26493835,6.74077129,7.6334219,9.26531315,9.21132946,9.24170303,9.4611845,9.82916641,5.90966225,6.00094604,6.22848988,6.69552231,7.58313084,9.22215843,12,11.9396858,11.6647186,11.6165638,5.95106316,6.04538298,6.27877045,6.75810814,7.67278099,9.37335014,12,11.8870144,11.6187897,11.5752621,6.10394382,6.22767067,6.34425926,6.30645847,6.37431717,6.68203211,7.28010178,8.20551682,9.48617077,11.1522713,4.94476223,4.70658875,4.53876209,4.46920919,4.48040628,4.61101961,4.9013195,5.36044359,5.9889369,6.78361607,4.00536633,3.81791019,3.68454766,3.62246275,3.62345982,3.6984477,3.87846637,4.16688681,4.56147051,5.0569644
1.94999993,2.50661898,-0.886287749,2.13323545,0.927865922,-0.0374057777,-0.017314801,0.370628983,1.50833654,0.163988724,-0.429327488,0.803947091,-0.141783968,0.438515306,2.46926832,-0.823974073,2.21833372,1.43244207,0.135428414,-0.423991621,0.473468602,1.05963278,1,1.94999993,6.29550171,6.09055853,5.58931732,5.22513485,5.00323725,4.92107487,4.92903137,5.03181934,5.2320962,5.50722075,6.06753635,6.18869877,6.45056343,6.63851547,6.27932024,6.13243484,6.13185501,6.2559042,6.51519489,6.87263393,5.93033504,6.01679707,6.23627329,6.68668747,7.53647423,8.86580563,8.81052399,8.90643787,9.21381855,9.66360664,5.8949399,5.96879292,6.17349386,6.60862923,7.44717789,8.99937057,11.857831,11.9408054,11.6248465,11.5442114,5.91771793,5.9945693,6.20370865,6.64594841,7.49687958,9.07277584,12,11.8801661,11.5723352,11.4972534,6.04580116,6.14784813,6.39039326,6.72443008,6.77078104,7.05720139,7.63999987,8.54975986,9.80447769,11.4206333,5.19186163,4.92399168,4.73021936,4.63870668,4.64034033,4.75405407,5.02889681,5.47135496,6.0785737,6.84341431,4.14517975,3.93908024,3.78928518,3.71289015,3.70741892,3.77041769,3.93884325,4.21472597,4.59424543,5.07043648
1.99999988,2.58142567,-0.877504408,2.11173463,0.924345374,-0.0232513677,-0.00510618463,0.380813658,1.4868468,0.185726449,-0.434026986,0.353125036,0.452543586,0.434488952,2.54089046,-0.817202687,2.19713473,1.34690738,0.25946334,-0.607058227,0.471457511,1.10030818,1,1.99999988,6.32380104,6.02607441,5.59075212,5.28158331,5.1086235,5.07387304,5.10619688,5.26095867,5.51925659,5.85963917,6.08075619,6.19134331,6.43913937,6.72426367,6.44853306,6.38059235,6.42031384,6.63028479,6.98558807,7.45083332,5.92937231,6.00361729,6.2067132,6.6329174,7.44238377,8.9148283,9.43338108,9.70699501,10.2093515,10.8740931,5.88003635,5.9399066,6.12565756,6.53248119,7.32345676,8.78467655,11.4674835,11.9034014,11.5516891,11.4425335,5.89570045,5.95754862,6.14621162,6.55767059,7.35664654,8.83295155,11.547513,11.8758154,11.5279608,11.4214258,6.00877333,6.09330463,6.31155014,6.56912708,6.54408503,6.66814423,7.04386425,7.67520046,8.5490942,9.64560318,5.287642,4.95493174,4.70041895,4.54906511,4.51964664,4.56512594,4.75746489,5.0952549,5.56756639,6.15915155,4.18981695,3.94530845,3.75957012,3.64788008,3.62393141,3.64791536,3.77021098,3.98959398,4.29878521,4.6875639
2.04999995,2.6555171,-0.867707729,2.08936286,0.919917941,-0.034725301,0.00151476148,0.390567571,1.47723055,0.207781762,-0.46821636,-1.00872302,0.276863813,0.434530348,2.60823536,-0.804229438,2.16678166,1.3634851,0.137160808,-0.609996498,0.468513876,1.14231014,1,2.04999995,6.24860764,6.38727856,5.89390421,5.53757906,5.3279438,5.26463604,5.28492928,5.41854668,5.65769768,5.97906351,6.02897501,6.1179781,6.33609009,6.77064228,6.81030273,6.68949032,6.70738029,6.8794775,7.20071793,7.63207436,5.8992424,5.95517731,6.13348579,6.52290535,7.27153015,8.63086987,10.0561924,10.2309666,10.6466026,11.2272387,5.87070704,5.91488266,6.07971954,6.45585537,7.19617176,8.56088638,11.0086899,11.8985376,11.5110083,11.374053,5.89678621,5.94410515,6.11355019,6.49697495,7.24975348,8.63906384,11.1645842,11.873661,11.4897413,11.3552303,6.03144646,6.10375214,6.20434189,6.06067753,6.05805492,6.21685791,6.61699295,7.26851845,8.16637325,9.29961395,4.93013048,4.6403923,4.42231178,4.30041552,4.28313589,4.348248,4.5554781,4.90591288,5.39162922,6.00051498,3.96475315,3.74662352,3.58327746,3.48990011,3.47393775,3.51039267,3.64279127,3.8708849,4.18888235,4.58808184
2.0999999,2.72898221,-0.85646987,2.06429529,0.914054036,-0.0613480359,-0.0125657097,0.40072912,1.45811796,0.244102895,-0.538891017,-1.04036736,-0.578933001,0.446789593,2.67640996,-0.797371328,2.13628197,1.40140378,0.159566015,-0.510495722,0.467549831,1.18459392,1,2.0999999,6.15811062,6.2656889,6.2039156,5.71581793,5.39867401,5.24202013,5.21821976,5.26446819,5.41317987,5.63783979,5.97014427,6.03303432,6.21585083,6.59852791,6.89845467,6.61523438,6.54934072,6.58305168,6.75350618,7.02496815,5.87031507,5.90410614,6.05299854,6.39962673,7.07896519,8.31260395,9.51699066,9.48281097,9.58677578,9.84895515,5.8575201,5.8842268,6.02525282,6.36470127,7.04098225,8.28266239,10.492837,11.951437,11.5240717,11.3573437,5.91231108,5.9422965,6.08934689,6.44089413,7.14234209,8.43702412,10.7620296,11.8768702,11.4607172,11.2980537,6.07870483,5.92202663,5.8091135,5.80334711,5.92988014,6.29282665,6.95232677,7.96245432,9.37750721,11.2670851,4.53640079,4.34574699,4.21985912,4.18628216,4.21338129,4.37275887,4.69065189,5.18134308,5.85226679,6.70875263,3.7134099,3.55810308,3.45277596,3.41444445,3.42580175,3.51905155,3.71543169,4.02065849,4.43546724,4.95802689
2.14999986,2.80095863,-0.843205929,2.03565025,0.909165144,-0.0524384156,-0.027591221,0.412198812,1.41849303,0.285087407,-0.597925425,1.31487131,-0.59525609,0.449785858,2.74647999,-0.789392948,2.11075687,1.41275454,0.252003103,-0.43659991,0.467827886,1.22593355,1,2.14999986,6.2111311,6.31042576,5.9226861,5.47477007,5.18690348,5.05082607,5.03473091,5.09250307,5.24906158,5.4793663,5.99874401,6.05060482,6.21960545,6.5833416,6.50731373,6.26976967,6.2292738,6.27891541,6.46592426,6.7492981,5.87536669,5.89580202,6.02731323,6.34955597,6.99057961,8.15629196,8.78880787,8.79251671,8.9540596,9.25856495,5.84698772,5.86220694,5.98116541,6.29150772,6.92602921,8.09434795,10.1492138,12,11.5368814,11.3348455,5.87807989,5.89438581,6.01787281,6.33528805,6.98167515,8.17696571,10.3005743,11.897047,11.4365616,11.2426386,6.02289772,6.05941296,6.21456528,6.26792049,6.42933464,6.85308075,7.61014748,8.76825905,10.4002762,11.2735062,4.74106598,4.54614115,4.41900873,4.38877153,4.41982746,4.59289598,4.93372917,5.45831203,6.17571354,7.09312248,3.82871151,3.66972923,3.56228065,3.52398109,3.53635931,3.63403773,3.83844042,4.15563774,4.58658934,5.12962914
2.19999981,2.87090802,-0.828317881,2.0055697,0.905308723,-0.0256544966,-0.0203615613,0.423489571,1.38182294,0.307167888,-0.595372677,0.293084055,0.167936608,0.463411719,2.81711745,-0.776792884,2.08892727,1.35453546,0.404318422,-0.501757622,0.467707068,1.26689792,1,2.19999981,6.30637646,6.13877821,5.66884184,5.33125401,5.13418961,5.07772303,5.09951448,5.23287678,5.46830702,5.78348589,6.05607986,6.10180664,6.26388264,6.61911106,6.4056282,6.30340719,6.32578468,6.49902916,6.81344128,7.23268509,5.89257765,5.90783644,6.0270834,6.33272696,6.94842148,8.07002735,9.03585148,9.23300457,9.64707088,10.2116556,5.82871103,5.83620071,5.93771076,6.22341251,6.81913185,7.92465687,9.87192726,12,11.4857407,11.2507553,5.84088945,5.84902048,5.95224619,6.24061584,6.8407793,7.95419884,9.91649628,11.9430828,11.433919,11.2056646,5.95439291,5.97300768,6.10121632,6.42074299,6.62479591,6.83652592,7.32054996,8.09403038,9.1586132,10.5105648,5.10917854,4.8189044,4.60241032,4.48573017,4.47296619,4.55205584,4.7812314,5.16291904,5.69019127,6.35174942,4.03193712,3.81483173,3.6531868,3.56270599,3.54882336,3.59107637,3.73191762,3.97155142,4.30452299,4.72238159
2.24999976,2.93925786,-0.812497854,1.97662807,0.900112152,-0.0415316448,-0.012542,0.43349269,1.35196972,0.328893483,-0.560621262,-0.807354808,0.821389735,0.482526153,2.88484383,-0.756577015,2.06383967,1.41074765,0.306876838,-0.40696153,0.467425406,1.3087461,1,2.24999976,6.21598911,6.2858777,6.07295752,5.66736078,5.41767693,5.32028389,5.32481956,5.42785358,5.63595104,5.92432833,5.99677467,6.01942778,6.15107203,6.46283197,6.86524963,6.68819332,6.67973518,6.79966021,7.06662655,7.43957806,5.85285234,5.85783672,5.95192528,6.22216845,6.78277779,7.8094511,9.58220577,9.83135605,10.1317663,10.5891924,5.81801796,5.81677103,5.89726067,6.15396452,6.70500851,7.73327541,9.51918888,12,11.4760141,11.2120543,5.84470129,5.84477949,5.92880487,6.19098616,6.751091,7.79525328,9.62304974,11.9726086,11.4239702,11.1670046,5.98831034,6.00024128,5.97190762,5.91106367,5.95002413,6.19772243,6.70474529,7.49715614,8.58971691,9.99553967,4.64611101,4.4071188,4.23442078,4.15326452,4.15512753,4.25781202,4.5049386,4.90243006,5.44785833,6.13497305,3.74099135,3.55609202,3.42197037,3.35411882,3.34976482,3.40792561,3.56151819,3.81250095,4.15755367,4.59051943
2.29999995,3.00606847,-0.794979036,1.94978499,0.894406021,-0.0508732051,-0.00171021488,0.444350004,1.32116485,0.374645054,-0.509576142,0.746874809,-0.0455444455,0.548300207,2.95538116,-0.741233289,2.04349184,1.39798737,0.330440283,-0.43178761,0.467193514,1.35088825,1,2.29999995,6.15598965,6.20130014,6.35626984,6.00113106,5.71753263,5.59692621,5.59314203,5.68461847,5.88606548,6.17077446,5.94972277,5.96006155,6.06413126,6.33752489,6.88072777,7.14324951,7.11742306,7.21286964,7.46479607,7.82806587,5.82669926,5.82166767,5.89167643,6.12887287,6.63928223,7.58142185,9.19757462,10.7126913,10.9552135,11.3702078,5.80551863,5.79646206,5.85776329,6.08644676,6.59109497,7.53474569,9.16720104,11.9162254,11.4710436,11.1746521,5.85066128,5.84211731,5.90580082,6.14068031,6.65976238,7.63440418,9.33049583,12,11.427906,11.1375322,5.8980751,5.62582684,5.44054079,5.38454676,5.41973162,5.64467096,6.10563087,6.82621765,7.81969547,9.09777927,4.33828497,4.11787128,3.95930815,3.88634586,3.88962293,3.98904634,4.22430849,4.60139561,5.118536,5.77043056,3.53913927,3.36692476,3.2426672,3.18117571,3.17849827,3.23675108,3.3859973,3.62840796,3.96116543,4.37876797
2.3499999,3.07159877,-0.77520895,1.92591763,0.888944089,-0.0189274736,2.7111324e-05,0.457624465,1.30295944,0.410772711,-0.444519341,1.19353151,-0.708876967,0.607154369,3.02528071,-0.72471118,2.02190304,1.31521297,0.41332379,-0.591082275,0.464133471,1.39300966,1,2.3499999,6.2853055,6.32644176,5.97572327,5.66703224,5.50209045,5.47515678,5.52967262,5.71751213,6.0190587,6.41196442,6.02607632,6.03183317,6.12610722,6.38814735,6.91643,6.93020535,6.99801922,7.26110029,7.68532467,8.23367119,5.85571814,5.84392214,5.89847565,6.11588383,6.59792519,7.49390888,9.02575493,10.8050671,11.4407902,11.3254223,5.79603148,5.77688742,5.8149538,6.0144186,6.47946262,7.36332512,8.89322758,11.442214,11.4821301,11.1450825,5.81004906,5.79150915,5.831182,6.03312302,6.50221539,7.39301586,8.93532658,11.5077963,11.4665318,11.1317606,5.92687178,5.9182539,5.98124361,5.89068365,5.84469748,5.90613794,6.18469906,6.67753696,7.36649704,8.22741508,4.83906412,4.51317644,4.26055241,4.10272932,4.05946302,4.08517218,4.23431396,4.5097127,4.89943409,5.38786888,3.8306632,3.59434462,3.41273832,3.2991066,3.26505733,3.28034163,3.37705708,3.55926561,3.81940556,4.14737463
2.39999986,3.13661313,-0.754439175,1.90492892,0.881787896,-0.00161449518,-0.000404287246,0.471643388,1.29904914,0.417032987,-0.403513789,-0.160556346,0.191089049,0.642070472,3.09104133,-0.704045057,1.99234867,1.3299737,0.410893559,-0.558871031,0.461425096,1.43623471,1,2.39999986,6.37739658,6.11982059,5.75263214,5.50514412,5.39305782,5.39057875,5.4925046,5.72887993,6.08335495,6.53610277,6.08049107,6.07749081,6.15196705,6.38909817,6.7729969,6.76875019,6.91832352,7.2646637,7.78016376,8.43259716,5.88244104,5.86089277,5.8931613,6.08206987,6.52350712,7.3544035,8.77030945,10.7757301,11.62253,11.3021431,5.79657698,5.75876236,5.77990627,5.9469862,6.3650732,7.1727953,8.56657314,10.8503513,11.5273123,11.1453838,5.79760504,5.75987911,5.78108168,5.94832659,6.36668205,7.17485809,8.56943035,10.8546619,11.5252628,11.1436481,5.88765955,5.86632347,5.89915466,6.08892536,6.09890747,6.10489655,6.28003263,6.65820026,7.20975018,7.90050793,5.17383242,4.77351141,4.45720959,4.24469709,4.15291166,4.15550852,4.25798655,4.48235989,4.81246614,5.22911406,4.01356554,3.73554373,3.51786661,3.37271118,3.31011629,3.31163502,3.38045502,3.53241849,3.75788307,4.04498243
2.44999981,3.20150328,-0.73342216,1.88474894,0.873795927,-0.026550144,0.00562567357,0.485534966,1.29545295,0.427598923,-0.410517007,-1.07911253,0.986988604,0.634444416,3.15753984,-0.683500528,1.96440542,1.34827542,0.343943059,-0.560229003,0.456012487,1.48075342,1,2.44999981,6.24789715,6.25264072,6.26192188,5.92321301,5.73638964,5.70126438,5.74405766,5.92507744,6.22307539,6.61421776,5.99633551,5.97739935,6.01389408,6.1999011,6.61836243,7.2848444,7.33520412,7.58519077,8.00195503,8.54551697,5.84206772,5.79303026,5.80723763,5.9542098,6.33490944,7.06910706,8.31833649,10.3167858,11.8256159,11.3501329,5.79784155,5.7350626,5.74185944,5.87401152,6.24255085,6.97187042,8.22951698,10.2515221,11.6013603,11.1710978,5.81962872,5.75852633,5.76644087,5.90173197,6.27536917,7.013237,8.28555489,10.3401566,11.5864792,11.1585903,5.95266819,5.91251135,5.65225315,5.4588275,5.42416763,5.49781084,5.77532721,6.25614357,6.92545605,7.76277256,4.54090643,4.24371052,4.01453447,3.87411451,3.84170437,3.87037945,4.02089071,4.292521,4.67480183,5.15369797,3.63268423,3.4141407,3.2470336,3.14424896,3.11718845,3.13453388,3.23271489,3.41334987,3.66964674,3.99233627
2.49999976,3.26603127,-0.711220384,1.86329007,0.865389943,-0.0489417017,0.0121485628,0.498555303,1.2848686,0.463581949,-0.453164428,-0.0098118186,0.0336590111,0.602850318,3.22495365,-0.666303396,1.93639421,1.31193793,0.388679206,-0.614611983,0.454854339,1.52529383,1,2.49999976,6.14858294,6.13639832,6.18506145,6.37460423,6.12956905,6.03053713,6.04107428,6.16860676,6.41567707,6.75459862,5.93800783,5.89188433,5.90661383,6.04802132,6.40318012,7.07034492,7.83659506,7.98781872,8.31172848,8.76060677,5.8222785,5.74592829,5.74447107,5.85346889,6.1809721,6.83306026,7.94512272,9.69979763,11.9314795,11.4033546,5.8046999,5.72012949,5.71437407,5.81527567,6.13737869,6.79022217,7.9136734,9.69654465,11.682189,11.2043924,5.85721874,5.77256012,5.76736546,5.87191296,6.2039547,6.87842464,8.04363632,9.90264034,11.6557837,11.1823711,5.50391626,5.19740391,4.9720645,4.86352873,4.8648963,4.99994421,5.33037615,5.86544418,6.60242748,7.53404188,4.07645845,3.84293413,3.66836405,3.57339811,3.56221437,3.62305498,3.80309129,4.10400009,4.5199995,5.04182053,3.33817339,3.15928888,3.02627897,2.95219278,2.94113302,2.9770751,3.09483337,3.294662,3.5721283,3.92031145
2.54999995,3.33000469,-0.687095821,1.83895612,0.858915925,-0.0252241846,0.00656673824,0.511452854,1.27512348,0.497707039,-0.524057567,1.20492411,-1.26272488,0.547300458,3.29055119,-0.646869302,1.90566373,1.27788508,0.507428229,-0.599604726,0.455765903,1.56898618,1,2.54999995,6.26762772,6.2497654,6.28701687,6.01310444,5.83100224,5.79899025,5.84983778,6.04157829,6.35303211,6.76024675,6.01420593,5.95351791,5.96053696,6.0849762,6.41918278,7.05694008,7.48109436,7.74892807,8.1878767,8.75774574,5.85842419,5.76484871,5.75397587,5.84138441,6.1406765,6.75138855,7.79634285,9.43396854,11.9003983,11.4102306,5.8130126,5.70568323,5.68744993,5.76024151,6.04754877,6.65296268,7.7039094,9.36402035,11.7567034,11.2321062,5.83431816,5.72827387,5.71091032,5.78617001,6.07750368,6.68959427,7.75165749,9.43039799,11.7426214,11.2204542,5.96657896,5.85439348,5.52126455,5.32012844,5.28011131,5.33877087,5.59401131,6.04364872,6.67165804,7.45656013,4.44688177,4.14981747,3.91986799,3.77697277,3.73948503,3.76437092,3.90434504,4.16106653,4.52376604,4.97826385,3.55419636,3.336689,3.16980028,3.06593227,3.03597927,3.05105305,3.14280939,3.3143158,3.55867338,3.86660385
2.5999999,3.39368343,-0.661970854,1.8107996,0.852208078,0.00607248023,-0.00317669357,0.523158252,1.27314079,0.502745569,-0.602087319,0.186144769,-0.310670644,0.538420022,3.35444498,-0.621497989,1.87568378,1.28830218,0.590346754,-0.491699606,0.457050055,1.61258268,1,2.5999999,6.46147871,6.13780212,5.78615808,5.55319786,5.45583963,5.46120501,5.58055687,5.83757162,6.21673536,6.69878578,6.14348221,6.0701952,6.07102108,6.18316078,6.50442791,6.81552744,6.9935174,7.37253094,7.92680931,8.62546062,5.92930937,5.81954288,5.80015469,5.86896896,6.14555073,6.72467899,7.71982288,9.27149487,11.5804443,11.4152031,5.82895041,5.70237732,5.67358541,5.72202015,5.97724342,6.53550148,7.51062679,9.04114819,11.3230429,11.2619114,5.82309914,5.69621611,5.66721153,5.71503878,5.96926355,6.52586746,7.49826908,9.02431774,11.2987766,11.2626743,5.89960623,5.78817129,5.76765013,5.83325291,6.03826237,6.0248661,6.15820599,6.48752785,6.98038483,7.60077,5.1289978,4.71295691,4.38285112,4.15701151,4.05070639,4.04506111,4.12812471,4.3281827,4.62827873,5.00882101,3.93413687,3.65078497,3.42788839,3.2767458,3.20645046,3.20319319,3.26013613,3.39667463,3.60286379,3.86674309
2.64999986,3.45734501,-0.6369403,1.77923703,0.845272362,-0.00690500718,0.00541756721,0.534263551,1.27333248,0.50097245,-0.648542404,-0.293243676,1.03489113,0.498148918,3.41885972,-0.591980577,1.85109878,1.31505919,0.6316908,-0.348692149,0.45848617,1.5992372,1,2.64999986,6.38021708,6.33036327,6.13529682,5.86665821,5.7426362,5.73771572,5.84156847,6.08814669,6.45975208,6.93505096,6.09409237,5.99592113,5.98256779,6.06070948,6.33557606,6.88894367,7.41705608,7.7798233,8.32277489,9.01089096,5.90868092,5.7767272,5.74491167,5.78472137,6.02233315,6.54413319,7.44881725,8.85106659,10.9043264,11.455534,5.83539152,5.68839788,5.63993883,5.67125559,5.89296293,6.40253353,7.30081081,8.70338249,10.7640409,11.3031006,5.84293127,5.69628143,5.64836788,5.68007708,5.90294266,6.41443253,7.31584311,8.72347164,10.7923059,11.3045673,5.9469533,5.81687021,5.78639936,5.56132269,5.43535185,5.44464111,5.60900736,5.95549059,6.45833969,7.08760071,4.67132473,4.31397772,4.03196335,3.84339738,3.76389694,3.76806211,3.8647089,4.07229614,4.37644863,4.75998211,3.65623331,3.40538549,3.20923615,3.07901621,3.02403903,3.0265131,3.09163189,3.23294353,3.44178247,3.7074194
2.69999981,3.52108026,-0.611472428,1.74745548,0.838769138,-0.0186581668,0.0180689972,0.54386729,1.2769891,0.521266699,-0.606440127,-0.145212501,0.309723318,0.431128651,3.48461318,-0.560396075,1.83366442,1.30445921,0.667521417,-0.320626438,0.458009422,1.56745553,1,2.69999981,6.29789686,6.22286701,6.22114086,6.25655746,6.11286354,6.10194874,6.20089388,6.45073986,6.83193874,7.32125664,6.04485226,5.92478991,5.89908314,5.94789982,6.1832943,6.67933178,7.5186491,8.39357185,8.95599747,9.67142773,5.88986063,5.7382369,5.68371058,5.7102313,5.91466999,6.38851118,7.21898317,8.50154972,10.3562727,11.4762926,5.8458004,5.6805563,5.6116786,5.63134718,5.82461691,6.29374599,7.12947893,8.43018723,10.3070726,11.3373137,5.86803627,5.70366383,5.63620949,5.65691805,5.8532877,6.32756853,7.17166138,8.48567009,10.395978,11.3456659,6.00273657,5.60205555,5.21519709,4.95880079,4.85969019,4.87467337,5.03572083,5.36172009,5.83082819,6.41716719,4.2821188,3.96191549,3.70986199,3.54303432,3.47633743,3.48350286,3.57970238,3.7792592,4.06941366,4.43469095,3.41141415,3.1819191,3.00296116,2.88528156,2.83788466,2.84227824,2.90768552,3.04506445,3.2465601,3.50232601
2.74999976,3.58504486,-0.584557414,1.71958196,0.832766354,-0.0327346697,0.0210232679,0.552256048,1.28044832,0.558251143,-0.504048944,-0.614909053,0.590018511,0.381644547,3.54983616,-0.527019858,1.81763315,1.29155064,0.757697344,0.0882701799,0.459951818,1.53958201,1,2.74999976,6.23768425,6.14130974,6.12748814,6.19631624,6.38827229,6.35660362,6.4191041,6.63635445,6.98553371,7.44066334,6.01031971,5.87115288,5.82846785,5.85893488,6.06179333,6.51152229,7.28112125,8.44821644,9.20149136,9.85243225,5.87939978,5.71011734,5.63562059,5.65064812,5.82687902,6.26075792,7.03053856,8.21713924,9.91644478,11.5280542,5.85466003,5.67657328,5.58950377,5.5987587,5.76699209,6.20119476,6.97964096,8.17967987,9.90319061,11.3697815,5.89327908,5.71235037,5.62690067,5.63760042,5.81019163,6.25167084,7.04611683,8.28055859,10.059166,11.3688202,5.47486687,5.08093357,4.77287912,4.58019686,4.53106928,4.56681681,4.7637682,5.12281895,5.62793875,6.25862122,3.96308565,3.68964863,3.47681594,3.34182453,3.30031681,3.3180151,3.43240142,3.64829922,3.95542192,4.3405757,3.2053194,3.00410223,2.84896469,2.75081062,2.71910691,2.73015118,2.80713439,2.95483184,3.16669083,3.43408108
2.79999971,3.64895248,-0.555201113,1.6977936,0.82644701,-0.0557111651,0.0249718409,0.559694588,1.27365327,0.621534407,-0.357746303,-0.779561639,0.61708504,0.367863238,3.61441422,-0.489134908,1.82204688,1.2690419,0.790702581,0.119674891,0.459864497,1.51779366,1,2.79999971,6.14715767,6.02839756,6.00187492,6.04051971,6.24280453,6.66378021,6.75156879,6.90350437,7.18939686,7.57868385,5.95901203,5.80000114,5.73426008,5.75120068,5.92046833,6.32269955,7.02169514,8.08098984,9.53874207,10.0645838,5.86560011,5.67805576,5.58313704,5.5865097,5.73438931,6.12860727,6.83903694,7.93351555,9.48710251,11.5702286,5.85952568,5.66368914,5.56062078,5.56046867,5.70389271,6.09950829,6.81997871,7.93555737,9.52413654,11.4033461,5.93666649,5.73871994,5.63532591,5.63632441,5.78657389,6.19833851,6.94893265,8.11426067,9.78016281,11.3853798,4.7472086,4.45893145,4.24145985,4.1238904,4.11200762,4.19813538,4.4438529,4.85278416,5.41794777,6.12807655,3.5735774,3.35725117,3.19321966,3.09887314,3.08317208,3.12323904,3.26465511,3.50743675,3.84510279,4.26817274,2.95301509,2.78771615,2.66338372,2.5911727,2.57789135,2.60198426,2.69695091,2.86233997,3.0935905,3.38399744
2.8499999,3.71213484,-0.521904349,1.68414569,0.819638073,-0.0779166445,0.0241168309,0.567045629,1.25052059,0.714246273,-0.188935637,-0.684285045,0.257809788,0.374637872,3.67786598,-0.449599743,1.82803059,1.20307565,0.888814688,0.112327859,0.456991583,1.50414562,1,2.8499999,6.08388615,5.9432435,5.89345407,5.91521883,6.08133602,6.45260382,7.00102806,7.06889915,7.27418804,7.581563,5.92739964,5.74811125,5.65956497,5.66346264,5.80113029,6.15987587,6.79559517,7.76008034,9.10665798,10.0296354,5.86509418,5.6581049,5.54202223,5.53358746,5.65340996,6.00941372,6.66385889,7.67302704,9.07639503,10.9276075,5.87484837,5.65974712,5.53603697,5.52452612,5.64130735,6.00100565,6.66888142,7.7037921,9.1660223,11.1356392,5.98541594,5.76829815,5.64492893,5.63523817,5.76116657,6.14112091,6.84557819,7.93951988,9.49145508,11.4072227,4.24295712,4.03032732,3.88005114,3.82129765,3.83618593,3.97298431,4.2708993,4.74235916,5.39134026,6.21931839,3.28928304,3.11769295,2.99308848,2.93319106,2.93318224,3.00282335,3.17390203,3.45022154,3.82964873,4.30730867,2.76470971,2.62903643,2.53085947,2.48168254,2.47898126,2.52312064,2.63804078,2.82530189,3.08256578,3.40539646
2.89999986,3.77372146,-0.48353985,1.67869425,0.813235164,-0.087974593,0.0197560079,0.57490772,1.21082592,0.821135342,-0.0317040235,-0.173362181,-0.0956064612,0.383378804,3.73801994,-0.405158967,1.83364725,1.19045436,0.910737932,-0.058096312,0.451847434,1.49869418,1,2.89999986,6.06820774,5.90905666,5.83878708,5.84904528,5.98797274,6.32324219,6.89895821,7.06280613,7.2228384,7.48448277,5.9220295,5.72469711,5.6165638,5.60958242,5.72165871,6.04632282,6.63362217,7.52687359,8.76710892,9.83340073,5.87007046,5.64505672,5.50973225,5.49073362,5.58587885,5.9089613,6.5160532,7.45433235,8.74414062,10.4331026,5.88518143,5.651896,5.50889254,5.48684311,5.57909775,5.9061079,6.52677631,7.49053717,8.84372044,10.6449242,5.92550945,5.76224804,5.62812853,5.6076746,5.70871782,6.05565453,6.71230316,7.73353767,9.17260933,11.0985298,4.06702232,3.88633585,3.76579332,3.73514271,3.76394081,3.93003798,4.26287127,4.78086662,5.49589968,6.41959381,3.18655968,3.0346961,2.92815828,2.88505197,2.89321399,2.97958803,3.16950512,3.46916008,3.87925053,4.3981185,2.69540954,2.57321024,2.48734617,2.44960904,2.45246077,2.50785589,2.63508534,2.83693433,3.11244392,3.45865536
2.94999981,3.83315539,-0.439879656,1.68051946,0.808201551,-0.0806018561,0.0200888235,0.583018124,1.16779268,0.922812045,0.0977475718,0.624374092,-0.253516555,0.387852252,3.79754233,-0.359622061,1.8307426,1.169909,0.919095933,-0.191248477,0.444745123,1.50051951,1,2.94999981,6.08345604,5.91148806,5.8276329,5.83053255,5.95271158,6.26670361,6.81350422,7.03046465,7.22139359,7.51363087,5.92779207,5.71750116,5.59563017,5.58117247,5.67603302,5.9783287,6.53444672,7.38250065,8.55619144,9.89836788,5.86632442,5.62807989,5.47866821,5.45194054,5.52902937,5.82808018,6.40085888,7.28843451,8.51875687,10.1022034,5.87651587,5.62976789,5.472363,5.44236612,5.51590729,5.8177228,6.40205479,7.31171513,8.58366394,10.2626638,5.98803663,5.7378602,5.57917881,5.55005932,5.63036203,5.94883585,6.56385469,7.52252674,8.86696053,10.649435,4.20323944,4.00144434,3.86149025,3.81294012,3.83311796,3.98162746,4.29417944,4.78539419,5.46199656,6.3288765,3.26495171,3.09986305,2.98130822,2.92721438,2.93012619,3.00598049,3.18434906,3.46987057,3.86135769,4.35498238,2.74748421,2.61622405,2.52212954,2.47683477,2.47606397,2.52422476,2.64368343,2.83641839,3.10054541,3.43210077
2.99999976,3.89079762,-0.391619354,1.68752897,0.804103017,-0.059356451,0.026323989,0.590933383,1.14178765,1.00311995,0.169952646,0.801294982,-0.373051375,0.389584601,3.85603809,-0.313667327,1.82118022,1.15687251,0.926897347,-0.22914587,0.437560856,1.50752902,1,2.99999976,6.12038231,5.93947124,5.84663725,5.84491777,5.95716333,6.25935841,6.79081631,7.03147173,7.31989098,7.71343899,5.9415555,5.72192383,5.59039354,5.57079792,5.65411806,5.94184542,6.47806168,7.29761314,8.42968369,9.90709496,5.85710478,5.6092391,5.44956398,5.41718483,5.4810133,5.7623601,6.30992413,7.16055298,8.34387875,9.878335,5.85550642,5.59896421,5.43092918,5.3949728,5.45423412,5.73650646,6.29253483,7.16037178,8.37046432,9.95828247,5.94191504,5.68132496,5.51089191,5.47494507,5.53827953,5.83263111,6.41193295,7.31729412,8.58260059,10.2482367,4.63507462,4.35190105,4.13793707,4.0214777,4.00897503,4.0909934,4.3282485,4.72399855,5.27113771,5.9583745,3.50733662,3.29442453,3.13287354,3.03971529,3.02401018,3.06267118,3.20065022,3.43789482,3.76797652,4.18152761,2.90683317,2.74385452,2.62121773,2.54988861,2.53668571,2.56011868,2.65326309,2.81565022,3.042768,3.32799673
3.04999971,3.94763994,-0.339994282,1.69618607,0.799136579,-0.0440443829,0.0249448046,0.599014699,1.13340259,1.05821562,0.163200438,0.00737124681,-0.464409739,0.394826084,3.91388226,-0.267322481,1.80972302,0.992128611,0.928872228,-0.194516674,0.427494764,1.516186,1,3.04999971,6.16677046,5.97343969,5.86813927,5.85999918,5.95842791,6.24421883,6.68110752,6.88463306,7.22370338,7.6702919,5.96463728,5.73234081,5.58788681,5.56149673,5.62975883,5.8987937,6.40981197,7.19365501,8.27405453,9.67630196,5.85755205,5.59687471,5.42386818,5.38431311,5.43171024,5.69171143,6.20943403,7.01684475,8.13701916,9.59494781,5.84454155,5.57507801,5.39343691,5.34724379,5.39203358,5.65136576,6.17483139,6.99512005,8.13550663,9.62149048,5.90707922,5.63307524,5.44809628,5.40139627,5.44767952,5.71504307,6.25520897,7.10287857,8.28335571,9.82499981,5.0597558,4.71066713,4.43965197,4.27495146,4.24128151,4.28524876,4.48668814,4.84346151,5.34232092,5.96566439,3.73686147,3.48758459,3.29467583,3.17491198,3.14374709,3.16484594,3.28290462,3.49917746,3.80464458,4.18741465,3.05530405,2.86918616,2.72651172,2.63799047,2.6130476,2.62644482,2.70631647,2.85495639,3.06649113,3.33299351
3.0999999,4.00411034,-0.28608036,1.70275187,0.792845547,-0.044977054,0.00805892237,0.607707322,1.1235764,1.09622812,0.0908874273,-0.850977182,-0.603619814,0.404900968,3.96348882,-0.220878839,1.79999733,0.8842206,0.867927969,-0.192346603,0.409377962,1.52275181,1,3.0999999,6.21326542,6.00187492,5.87827444,5.86061049,5.93829203,6.19912243,6.34776497,6.5035553,6.78586769,7.16650009,5.99347448,5.74322844,5.58058071,5.5446744,5.59195375,5.83513546,6.31162643,7.04709816,8.05847454,9.33015919,5.86962509,5.59106922,5.39986181,5.34079504,5.37657595,5.60933304,6.08970833,6.84380627,7.88705444,9.23421955,5.84832811,5.56094551,5.35967684,5.29014969,5.32267284,5.5548563,6.04323006,6.80722237,7.8660779,9.23445415,5.89388561,5.60158205,5.39759398,5.32945776,5.36324215,5.5994978,6.09583473,6.87997818,7.96815681,9.37649059,5.15916538,4.85109949,4.61976337,4.49713135,4.48700094,4.58703041,4.86232615,5.3177104,5.94650459,6.73741245,3.79184294,3.56334615,3.39027596,3.29114962,3.27500939,3.3186872,3.47017193,3.72960591,4.09022856,4.54209137,3.09204841,2.91903758,2.78891826,2.71337366,2.69950175,2.72480536,2.82433343,2.99762058,3.23989749,3.54414845
