case_id,group,mode,mode_name,family,family_name,seed,speed_mps,distance_m,sensor_delay_frames,wind_param,depth_noise_m,dropout_probability,command_delay_steps,episodes,success,collision,timeout,progress,mean_goal_time_s,mean_speed_mps,peak_speed_mps,min_clearance_m,sim_wall_s,gpu_s,elapsed_wall_s,started_utc,completed_utc,raw_eval_line,raw_gpu_line
speed_f7_v0.75_speed_clean,speed_clean,17,guided_memory,7,mixed_training_families_0_6,800001,0.75,4.0,0,0.0,0.0,0.0,0,128,0.546875,0.171875,0.28125,0.804066,7.96652,0.502979,1.42193,-0.00351304,0.175852,0.158713,0.256824,2026-10-01T22:40:44.160+00:00,2026-10-01T22:40:44.418+00:00,eval family=7 mode=17 episodes=128 success=0.546875 collision=0.171875 timeout=0.28125 progress=0.804066 mean_goal_time=7.96652 mean_speed=0.502979 peak_speed=1.42193 min_clearance=-0.00351304 wall_s=0.175852,eval_GPU_s=0.158713
speed_f7_v1_speed_clean,speed_clean,17,guided_memory,7,mixed_training_families_0_6,800001,1.0,4.0,0,0.0,0.0,0.0,0,128,0.859375,0.078125,0.0625,0.868064,5.29275,0.761997,1.52401,-0.00548857,0.143064,0.139247,0.214470,2026-10-01T22:40:44.418+00:00,2026-10-01T22:40:44.633+00:00,eval family=7 mode=17 episodes=128 success=0.859375 collision=0.078125 timeout=0.0625 progress=0.868064 mean_goal_time=5.29275 mean_speed=0.761997 peak_speed=1.52401 min_clearance=-0.00548857 wall_s=0.143064,eval_GPU_s=0.139247
speed_f7_v1.5_speed_clean,speed_clean,17,guided_memory,7,mixed_training_families_0_6,800001,1.5,4.0,0,0.0,0.0,0.0,0,128,0.945312,0.0546875,0,0.88979,2.76611,1.45465,2.49702,-0.0206325,0.0963358,0.0926284,0.210915,2026-10-01T22:40:44.633+00:00,2026-10-01T22:40:44.844+00:00,eval family=7 mode=17 episodes=128 success=0.945312 collision=0.0546875 timeout=0 progress=0.88979 mean_goal_time=2.76611 mean_speed=1.45465 peak_speed=2.49702 min_clearance=-0.0206325 wall_s=0.0963358,eval_GPU_s=0.0926284
speed_f7_v2_speed_clean,speed_clean,17,guided_memory,7,mixed_training_families_0_6,800001,2.0,4.0,0,0.0,0.0,0.0,0,128,0.890625,0.109375,0,0.867641,2.30263,1.8743,4.21574,-0.0272321,0.14769,0.143972,0.220451,2026-10-01T22:40:44.844+00:00,2026-10-01T22:40:45.065+00:00,eval family=7 mode=17 episodes=128 success=0.890625 collision=0.109375 timeout=0 progress=0.867641 mean_goal_time=2.30263 mean_speed=1.8743 peak_speed=4.21574 min_clearance=-0.0272321 wall_s=0.14769,eval_GPU_s=0.143972
speed_f7_v3_speed_clean,speed_clean,17,guided_memory,7,mixed_training_families_0_6,800001,3.0,4.0,0,0.0,0.0,0.0,0,128,0.265625,0.726562,0.0078125,0.626204,1.8853,2.46417,6.87747,-0.0560658,0.157973,0.152645,0.248020,2026-10-01T22:40:45.065+00:00,2026-10-01T22:40:45.313+00:00,eval family=7 mode=17 episodes=128 success=0.265625 collision=0.726562 timeout=0.0078125 progress=0.626204 mean_goal_time=1.8853 mean_speed=2.46417 peak_speed=6.87747 min_clearance=-0.0560658 wall_s=0.157973,eval_GPU_s=0.152645
speed_f8_v0.75_speed_clean,speed_clean,17,guided_memory,8,held_two_doorways,800001,0.75,4.0,0,0.0,0.0,0.0,0,128,0.617188,0.15625,0.226562,0.828657,7.85135,0.53099,1.14644,-0.00521295,0.156093,0.151308,0.242093,2026-10-01T22:40:45.313+00:00,2026-10-01T22:40:45.555+00:00,eval family=8 mode=17 episodes=128 success=0.617188 collision=0.15625 timeout=0.226562 progress=0.828657 mean_goal_time=7.85135 mean_speed=0.53099 peak_speed=1.14644 min_clearance=-0.00521295 wall_s=0.156093,eval_GPU_s=0.151308
speed_f8_v1_speed_clean,speed_clean,17,guided_memory,8,held_two_doorways,800001,1.0,4.0,0,0.0,0.0,0.0,0,128,0.703125,0.046875,0.25,0.87811,5.06502,0.668986,1.54072,-0.0029007,0.144676,0.140806,0.214602,2026-10-01T22:40:45.555+00:00,2026-10-01T22:40:45.770+00:00,eval family=8 mode=17 episodes=128 success=0.703125 collision=0.046875 timeout=0.25 progress=0.87811 mean_goal_time=5.06502 mean_speed=0.668986 peak_speed=1.54072 min_clearance=-0.0029007 wall_s=0.144676,eval_GPU_s=0.140806
speed_f8_v1.5_speed_clean,speed_clean,17,guided_memory,8,held_two_doorways,800001,1.5,4.0,0,0.0,0.0,0.0,0,128,0.945312,0.0546875,0,0.890488,2.7752,1.44162,2.35088,-0.00638673,0.0903852,0.0866012,0.160730,2026-10-01T22:40:45.770+00:00,2026-10-01T22:40:45.931+00:00,eval family=8 mode=17 episodes=128 success=0.945312 collision=0.0546875 timeout=0 progress=0.890488 mean_goal_time=2.7752 mean_speed=1.44162 peak_speed=2.35088 min_clearance=-0.00638673 wall_s=0.0903852,eval_GPU_s=0.0866012
speed_f8_v2_speed_clean,speed_clean,17,guided_memory,8,held_two_doorways,800001,2.0,4.0,0,0.0,0.0,0.0,0,128,0.882812,0.117188,0,0.855278,2.27788,1.81656,4.14444,-0.0244748,0.11684,0.11319,0.186620,2026-10-01T22:40:45.931+00:00,2026-10-01T22:40:46.118+00:00,eval family=8 mode=17 episodes=128 success=0.882812 collision=0.117188 timeout=0 progress=0.855278 mean_goal_time=2.27788 mean_speed=1.81656 peak_speed=4.14444 min_clearance=-0.0244748 wall_s=0.11684,eval_GPU_s=0.11319
speed_f8_v3_speed_clean,speed_clean,17,guided_memory,8,held_two_doorways,800001,3.0,4.0,0,0.0,0.0,0.0,0,128,0.25,0.75,0,0.556044,1.7,2.16064,5.61441,-0.0378917,0.11204,0.108482,0.175273,2026-10-01T22:40:46.118+00:00,2026-10-01T22:40:46.294+00:00,eval family=8 mode=17 episodes=128 success=0.25 collision=0.75 timeout=0 progress=0.556044 mean_goal_time=1.7 mean_speed=2.16064 peak_speed=5.61441 min_clearance=-0.0378917 wall_s=0.11204,eval_GPU_s=0.108482
speed_f5_v0.75_speed_clean,speed_clean,17,guided_memory,5,table_counter,800001,0.75,4.0,0,0.0,0.0,0.0,0,128,0.296875,0,0.703125,0.779673,7.06191,0.509884,1.26506,0.018776,0.169965,0.165777,0.241035,2026-10-01T22:40:46.294+00:00,2026-10-01T22:40:46.535+00:00,eval family=5 mode=17 episodes=128 success=0.296875 collision=0 timeout=0.703125 progress=0.779673 mean_goal_time=7.06191 mean_speed=0.509884 peak_speed=1.26506 min_clearance=0.018776 wall_s=0.169965,eval_GPU_s=0.165777
speed_f5_v1_speed_clean,speed_clean,17,guided_memory,5,table_counter,800001,1.0,4.0,0,0.0,0.0,0.0,0,128,0.8125,0.03125,0.15625,0.856993,4.9856,0.811112,1.55748,-0.0021186,0.14966,0.145728,0.219302,2026-10-01T22:40:46.535+00:00,2026-10-01T22:40:46.755+00:00,eval family=5 mode=17 episodes=128 success=0.8125 collision=0.03125 timeout=0.15625 progress=0.856993 mean_goal_time=4.9856 mean_speed=0.811112 peak_speed=1.55748 min_clearance=-0.0021186 wall_s=0.14966,eval_GPU_s=0.145728
speed_f5_v1.5_speed_clean,speed_clean,17,guided_memory,5,table_counter,800001,1.5,4.0,0,0.0,0.0,0.0,0,128,0.921875,0.078125,0,0.870434,3.07669,1.40549,2.41971,-0.0117983,0.127385,0.123207,0.266386,2026-10-01T22:40:46.755+00:00,2026-10-01T22:40:47.021+00:00,eval family=5 mode=17 episodes=128 success=0.921875 collision=0.078125 timeout=0 progress=0.870434 mean_goal_time=3.07669 mean_speed=1.40549 peak_speed=2.41971 min_clearance=-0.0117983 wall_s=0.127385,eval_GPU_s=0.123207
speed_f5_v2_speed_clean,speed_clean,17,guided_memory,5,table_counter,800001,2.0,4.0,0,0.0,0.0,0.0,0,128,0.773438,0.226562,0,0.781082,2.59697,1.7758,3.45896,-0.0130754,0.111764,0.1082,0.187026,2026-10-01T22:40:47.022+00:00,2026-10-01T22:40:47.209+00:00,eval family=5 mode=17 episodes=128 success=0.773438 collision=0.226562 timeout=0 progress=0.781082 mean_goal_time=2.59697 mean_speed=1.7758 peak_speed=3.45896 min_clearance=-0.0130754 wall_s=0.111764,eval_GPU_s=0.1082
speed_f5_v3_speed_clean,speed_clean,17,guided_memory,5,table_counter,800001,3.0,4.0,0,0.0,0.0,0.0,0,128,0.3125,0.6875,0,0.555439,1.78625,2.29124,7.34031,-0.0331428,0.135684,0.130872,0.219059,2026-10-01T22:40:47.209+00:00,2026-10-01T22:40:47.428+00:00,eval family=5 mode=17 episodes=128 success=0.3125 collision=0.6875 timeout=0 progress=0.555439 mean_goal_time=1.78625 mean_speed=2.29124 peak_speed=7.34031 min_clearance=-0.0331428 wall_s=0.135684,eval_GPU_s=0.130872
speed_f8_v0.75_speed_stressed,speed_stressed,17,guided_memory,8,held_two_doorways,800001,0.75,4.0,2,0.5,0.05,0.1,1,128,0.507812,0.140625,0.351562,0.826408,7.627,0.520542,1.19944,-0.00471318,0.149139,0.143901,0.235338,2026-10-01T22:40:47.428+00:00,2026-10-01T22:40:47.664+00:00,eval family=8 mode=17 episodes=128 success=0.507812 collision=0.140625 timeout=0.351562 progress=0.826408 mean_goal_time=7.627 mean_speed=0.520542 peak_speed=1.19944 min_clearance=-0.00471318 wall_s=0.149139,eval_GPU_s=0.143901
speed_f8_v1_speed_stressed,speed_stressed,17,guided_memory,8,held_two_doorways,800001,1.0,4.0,2,0.5,0.05,0.1,1,128,0.773438,0.046875,0.179688,0.883887,4.53688,0.757834,1.67756,-0.00467879,0.136437,0.132391,0.206739,2026-10-01T22:40:47.664+00:00,2026-10-01T22:40:47.871+00:00,eval family=8 mode=17 episodes=128 success=0.773438 collision=0.046875 timeout=0.179688 progress=0.883887 mean_goal_time=4.53688 mean_speed=0.757834 peak_speed=1.67756 min_clearance=-0.00467879 wall_s=0.136437,eval_GPU_s=0.132391
speed_f8_v1.5_speed_stressed,speed_stressed,17,guided_memory,8,held_two_doorways,800001,1.5,4.0,2,0.5,0.05,0.1,1,128,0.8125,0.1875,0,0.822003,2.89519,1.40163,2.47583,-0.0121587,0.101552,0.0978195,0.167178,2026-10-01T22:40:47.871+00:00,2026-10-01T22:40:48.038+00:00,eval family=8 mode=17 episodes=128 success=0.8125 collision=0.1875 timeout=0 progress=0.822003 mean_goal_time=2.89519 mean_speed=1.40163 peak_speed=2.47583 min_clearance=-0.0121587 wall_s=0.101552,eval_GPU_s=0.0978195
speed_f8_v2_speed_stressed,speed_stressed,17,guided_memory,8,held_two_doorways,800001,2.0,4.0,2,0.5,0.05,0.1,1,128,0.671875,0.289062,0.0390625,0.749717,2.61221,1.62787,3.42621,-0.0156664,0.141718,0.137586,0.221872,2026-10-01T22:40:48.038+00:00,2026-10-01T22:40:48.260+00:00,eval family=8 mode=17 episodes=128 success=0.671875 collision=0.289062 timeout=0.0390625 progress=0.749717 mean_goal_time=2.61221 mean_speed=1.62787 peak_speed=3.42621 min_clearance=-0.0156664 wall_s=0.141718,eval_GPU_s=0.137586
speed_f8_v3_speed_stressed,speed_stressed,17,guided_memory,8,held_two_doorways,800001,3.0,4.0,2,0.5,0.05,0.1,1,128,0.09375,0.882812,0.0234375,0.393762,2.40417,1.95572,5.14366,-0.0285805,0.142372,0.138686,0.208556,2026-10-01T22:40:48.261+00:00,2026-10-01T22:40:48.469+00:00,eval family=8 mode=17 episodes=128 success=0.09375 collision=0.882812 timeout=0.0234375 progress=0.393762 mean_goal_time=2.40417 mean_speed=1.95572 peak_speed=5.14366 min_clearance=-0.0285805 wall_s=0.142372,eval_GPU_s=0.138686
speed_f5_v0.75_speed_stressed,speed_stressed,17,guided_memory,5,table_counter,800001,0.75,4.0,2,0.5,0.05,0.1,1,128,0.296875,0,0.703125,0.772956,6.5619,0.520459,1.25482,0.0158625,0.1492,0.145334,0.220763,2026-10-01T22:40:48.469+00:00,2026-10-01T22:40:48.690+00:00,eval family=5 mode=17 episodes=128 success=0.296875 collision=0 timeout=0.703125 progress=0.772956 mean_goal_time=6.5619 mean_speed=0.520459 peak_speed=1.25482 min_clearance=0.0158625 wall_s=0.1492,eval_GPU_s=0.145334
speed_f5_v1_speed_stressed,speed_stressed,17,guided_memory,5,table_counter,800001,1.0,4.0,2,0.5,0.05,0.1,1,128,0.625,0.0078125,0.367188,0.831467,4.87502,0.753503,1.69649,-0.00196815,0.147066,0.142921,0.226648,2026-10-01T22:40:48.690+00:00,2026-10-01T22:40:48.917+00:00,eval family=5 mode=17 episodes=128 success=0.625 collision=0.0078125 timeout=0.367188 progress=0.831467 mean_goal_time=4.87502 mean_speed=0.753503 peak_speed=1.69649 min_clearance=-0.00196815 wall_s=0.147066,eval_GPU_s=0.142921
speed_f5_v1.5_speed_stressed,speed_stressed,17,guided_memory,5,table_counter,800001,1.5,4.0,2,0.5,0.05,0.1,1,128,0.90625,0.09375,0,0.859506,3.3306,1.39192,2.95066,-0.0117397,0.127123,0.122202,0.207262,2026-10-01T22:40:48.917+00:00,2026-10-01T22:40:49.125+00:00,eval family=5 mode=17 episodes=128 success=0.90625 collision=0.09375 timeout=0 progress=0.859506 mean_goal_time=3.3306 mean_speed=1.39192 peak_speed=2.95066 min_clearance=-0.0117397 wall_s=0.127123,eval_GPU_s=0.122202
speed_f5_v2_speed_stressed,speed_stressed,17,guided_memory,5,table_counter,800001,2.0,4.0,2,0.5,0.05,0.1,1,128,0.492188,0.5,0.0078125,0.608082,2.68095,1.74509,4.12452,-0.021853,0.135107,0.130512,0.221254,2026-10-01T22:40:49.125+00:00,2026-10-01T22:40:49.346+00:00,eval family=5 mode=17 episodes=128 success=0.492188 collision=0.5 timeout=0.0078125 progress=0.608082 mean_goal_time=2.68095 mean_speed=1.74509 peak_speed=4.12452 min_clearance=-0.021853 wall_s=0.135107,eval_GPU_s=0.130512
speed_f5_v3_speed_stressed,speed_stressed,17,guided_memory,5,table_counter,800001,3.0,4.0,2,0.5,0.05,0.1,1,128,0.164062,0.828125,0.0078125,0.416416,2.41906,1.97376,4.50873,-0.028464,0.13807,0.133651,0.215508,2026-10-01T22:40:49.346+00:00,2026-10-01T22:40:49.562+00:00,eval family=5 mode=17 episodes=128 success=0.164062 collision=0.828125 timeout=0.0078125 progress=0.416416 mean_goal_time=2.41906 mean_speed=1.97376 peak_speed=4.50873 min_clearance=-0.028464 wall_s=0.13807,eval_GPU_s=0.133651
