case_id,group,mode,mode_name,family,family_name,seed,speed_mps,distance_m,sensor_delay_frames,wind_param,depth_noise_m,dropout_probability,command_delay_steps,episodes,success,collision,timeout,progress,mean_goal_time_s,mean_speed_mps,peak_speed_mps,min_clearance_m,sim_wall_s,gpu_s,elapsed_wall_s,started_utc,completed_utc,raw_eval_line,raw_gpu_line,threat_kind,threat_speed_mps,nominal_ttc_s,initial_vx_mps
threat_approach_m17_v0.5_ttc0.5_s800001,controlled_threat,17,guided_memory,0,controlled_threat,800001,1.5,4.0,0,0.0,0.0,0.0,0,128,1,0,0,0.918678,3.0664,1.55508,1.82724,0.060813,0.119825,0.109164,0.358170,2026-10-01T18:02:42.958+00:00,2026-10-01T18:02:43.317+00:00,eval family=0 mode=17 episodes=128 success=1 collision=0 timeout=0 progress=0.918678 mean_goal_time=3.0664 mean_speed=1.55508 peak_speed=1.82724 min_clearance=0.060813 wall_s=0.119825,eval_GPU_s=0.109164,approach,0.5,0.5,1.5
threat_approach_m13_v0.5_ttc0.5_s800001,controlled_threat,13,geometry_memory,0,controlled_threat,800001,1.5,4.0,0,0.0,0.0,0.0,0,128,0.757812,0.242188,0,0.746918,3.33917,1.22695,1.83171,-0.00390854,0.096518,0.0907412,0.307260,2026-10-01T18:02:43.318+00:00,2026-10-01T18:02:43.625+00:00,eval family=0 mode=13 episodes=128 success=0.757812 collision=0.242188 timeout=0 progress=0.746918 mean_goal_time=3.33917 mean_speed=1.22695 peak_speed=1.83171 min_clearance=-0.00390854 wall_s=0.096518,eval_GPU_s=0.0907412,approach,0.5,0.5,1.5
threat_approach_m2_v0.5_ttc0.5_s800001,controlled_threat,2,goal_script,0,controlled_threat,800001,1.5,4.0,0,0.0,0.0,0.0,0,128,0,1,0,0.202474,0,1.54131,1.56715,-0.019249,0.0730314,0.067293,0.254423,2026-10-01T18:02:43.625+00:00,2026-10-01T18:02:43.881+00:00,eval family=0 mode=2 episodes=128 success=0 collision=1 timeout=0 progress=0.202474 mean_goal_time=0 mean_speed=1.54131 peak_speed=1.56715 min_clearance=-0.019249 wall_s=0.0730314,eval_GPU_s=0.067293,approach,0.5,0.5,1.5
threat_approach_m17_v0.5_ttc1_s800001,controlled_threat,17,guided_memory,0,controlled_threat,800001,1.5,4.0,0,0.0,0.0,0.0,0,128,1,0,0,0.918021,3.10859,1.54333,1.77554,0.399138,0.153091,0.146225,0.603473,2026-10-01T18:02:43.883+00:00,2026-10-01T18:02:44.487+00:00,eval family=0 mode=17 episodes=128 success=1 collision=0 timeout=0 progress=0.918021 mean_goal_time=3.10859 mean_speed=1.54333 peak_speed=1.77554 min_clearance=0.399138 wall_s=0.153091,eval_GPU_s=0.146225,approach,0.5,1.0,1.5
threat_approach_m13_v0.5_ttc1_s800001,controlled_threat,13,geometry_memory,0,controlled_threat,800001,1.5,4.0,0,0.0,0.0,0.0,0,128,0.28125,0.71875,0,0.535588,3.42916,1.20169,1.53751,-0.00753304,0.0966792,0.0913662,0.304849,2026-10-01T18:02:44.487+00:00,2026-10-01T18:02:44.792+00:00,eval family=0 mode=13 episodes=128 success=0.28125 collision=0.71875 timeout=0 progress=0.535588 mean_goal_time=3.42916 mean_speed=1.20169 peak_speed=1.53751 min_clearance=-0.00753304 wall_s=0.0966792,eval_GPU_s=0.0913662,approach,0.5,1.0,1.5
threat_approach_m2_v0.5_ttc1_s800001,controlled_threat,2,goal_script,0,controlled_threat,800001,1.5,4.0,0,0.0,0.0,0.0,0,128,0,1,0,0.387406,0,1.53532,1.56752,-0.019441,0.0933737,0.0794126,0.254241,2026-10-01T18:02:44.793+00:00,2026-10-01T18:02:45.047+00:00,eval family=0 mode=2 episodes=128 success=0 collision=1 timeout=0 progress=0.387406 mean_goal_time=0 mean_speed=1.53532 peak_speed=1.56752 min_clearance=-0.019441 wall_s=0.0933737,eval_GPU_s=0.0794126,approach,0.5,1.0,1.5
threat_approach_m17_v2_ttc0.5_s800001,controlled_threat,17,guided_memory,0,controlled_threat,800001,1.5,4.0,0,0.0,0.0,0.0,0,128,0.75,0.25,0,0.734617,3.04062,1.55103,1.79476,-0.00957415,0.0974458,0.0916229,0.246039,2026-10-01T18:02:45.051+00:00,2026-10-01T18:02:45.298+00:00,eval family=0 mode=17 episodes=128 success=0.75 collision=0.25 timeout=0 progress=0.734617 mean_goal_time=3.04062 mean_speed=1.55103 peak_speed=1.79476 min_clearance=-0.00957415 wall_s=0.0974458,eval_GPU_s=0.0916229,approach,2.0,0.5,1.5
threat_approach_m13_v2_ttc0.5_s800001,controlled_threat,13,geometry_memory,0,controlled_threat,800001,1.5,4.0,0,0.0,0.0,0.0,0,128,0,1,0,0.177345,0,1.28466,1.49999,-0.0244003,0.0856323,0.0775235,0.225539,2026-10-01T18:02:45.299+00:00,2026-10-01T18:02:45.524+00:00,eval family=0 mode=13 episodes=128 success=0 collision=1 timeout=0 progress=0.177345 mean_goal_time=0 mean_speed=1.28466 peak_speed=1.49999 min_clearance=-0.0244003 wall_s=0.0856323,eval_GPU_s=0.0775235,approach,2.0,0.5,1.5
threat_approach_m2_v2_ttc0.5_s800001,controlled_threat,2,goal_script,0,controlled_threat,800001,1.5,4.0,0,0.0,0.0,0.0,0,128,0,1,0,0.202474,0,1.54131,1.56715,-0.0337414,0.086607,0.0778831,0.268764,2026-10-01T18:02:45.525+00:00,2026-10-01T18:02:45.794+00:00,eval family=0 mode=2 episodes=128 success=0 collision=1 timeout=0 progress=0.202474 mean_goal_time=0 mean_speed=1.54131 peak_speed=1.56715 min_clearance=-0.0337414 wall_s=0.086607,eval_GPU_s=0.0778831,approach,2.0,0.5,1.5
threat_approach_m17_v2_ttc1_s800001,controlled_threat,17,guided_memory,0,controlled_threat,800001,1.5,4.0,0,0.0,0.0,0.0,0,128,1,0,0,0.917744,3.10742,1.54466,1.80326,0.389284,0.102642,0.0962052,0.285049,2026-10-01T18:02:45.794+00:00,2026-10-01T18:02:46.080+00:00,eval family=0 mode=17 episodes=128 success=1 collision=0 timeout=0 progress=0.917744 mean_goal_time=3.10742 mean_speed=1.54466 peak_speed=1.80326 min_clearance=0.389284 wall_s=0.102642,eval_GPU_s=0.0962052,approach,2.0,1.0,1.5
threat_approach_m13_v2_ttc1_s800001,controlled_threat,13,geometry_memory,0,controlled_threat,800001,1.5,4.0,0,0.0,0.0,0.0,0,128,0,1,0,0.329184,0,1.20648,1.5,-0.0285515,0.0937008,0.0854304,0.221571,2026-10-01T18:02:46.080+00:00,2026-10-01T18:02:46.302+00:00,eval family=0 mode=13 episodes=128 success=0 collision=1 timeout=0 progress=0.329184 mean_goal_time=0 mean_speed=1.20648 peak_speed=1.5 min_clearance=-0.0285515 wall_s=0.0937008,eval_GPU_s=0.0854304,approach,2.0,1.0,1.5
threat_approach_m2_v2_ttc1_s800001,controlled_threat,2,goal_script,0,controlled_threat,800001,1.5,4.0,0,0.0,0.0,0.0,0,128,0,1,0,0.390006,0,1.53495,1.56752,-0.0282118,0.080913,0.0743781,0.289815,2026-10-01T18:02:46.302+00:00,2026-10-01T18:02:46.592+00:00,eval family=0 mode=2 episodes=128 success=0 collision=1 timeout=0 progress=0.390006 mean_goal_time=0 mean_speed=1.53495 peak_speed=1.56752 min_clearance=-0.0282118 wall_s=0.080913,eval_GPU_s=0.0743781,approach,2.0,1.0,1.5
threat_crossing_m17_v0.5_ttc0.5_s800001,controlled_threat,17,guided_memory,0,controlled_threat,800001,1.5,4.0,0,0.0,0.0,0.0,0,128,0,1,0,0.0766599,0,1.44837,1.49999,-0.0133582,0.0569202,0.0487784,0.215628,2026-10-01T18:02:46.592+00:00,2026-10-01T18:02:46.808+00:00,eval family=0 mode=17 episodes=128 success=0 collision=1 timeout=0 progress=0.0766599 mean_goal_time=0 mean_speed=1.44837 peak_speed=1.49999 min_clearance=-0.0133582 wall_s=0.0569202,eval_GPU_s=0.0487784,crossing,0.5,0.5,1.5
threat_crossing_m13_v0.5_ttc0.5_s800001,controlled_threat,13,geometry_memory,0,controlled_threat,800001,1.5,4.0,0,0.0,0.0,0.0,0,128,0,1,0,0.0771879,0,1.46193,1.5,-0.0137109,0.0497795,0.0444405,0.225711,2026-10-01T18:02:46.808+00:00,2026-10-01T18:02:47.034+00:00,eval family=0 mode=13 episodes=128 success=0 collision=1 timeout=0 progress=0.0771879 mean_goal_time=0 mean_speed=1.46193 peak_speed=1.5 min_clearance=-0.0137109 wall_s=0.0497795,eval_GPU_s=0.0444405,crossing,0.5,0.5,1.5
threat_crossing_m2_v0.5_ttc0.5_s800001,controlled_threat,2,goal_script,0,controlled_threat,800001,1.5,4.0,0,0.0,0.0,0.0,0,128,0,1,0,0.0770216,0,1.50962,1.54782,-0.0157811,0.0479324,0.0433563,0.162759,2026-10-01T18:02:47.035+00:00,2026-10-01T18:02:47.198+00:00,eval family=0 mode=2 episodes=128 success=0 collision=1 timeout=0 progress=0.0770216 mean_goal_time=0 mean_speed=1.50962 peak_speed=1.54782 min_clearance=-0.0157811 wall_s=0.0479324,eval_GPU_s=0.0433563,crossing,0.5,0.5,1.5
threat_crossing_m17_v0.5_ttc1_s800001,controlled_threat,17,guided_memory,0,controlled_threat,800001,1.5,4.0,0,0.0,0.0,0.0,0,128,1,0,0,0.919839,3.09765,1.54367,1.79553,0.318647,0.0940106,0.0895661,0.176430,2026-10-01T18:02:47.198+00:00,2026-10-01T18:02:47.374+00:00,eval family=0 mode=17 episodes=128 success=1 collision=0 timeout=0 progress=0.919839 mean_goal_time=3.09765 mean_speed=1.54367 peak_speed=1.79553 min_clearance=0.318647 wall_s=0.0940106,eval_GPU_s=0.0895661,crossing,0.5,1.0,1.5
threat_crossing_m13_v0.5_ttc1_s800001,controlled_threat,13,geometry_memory,0,controlled_threat,800001,1.5,4.0,0,0.0,0.0,0.0,0,128,0,1,0,0.287908,0,1.28893,1.5,-0.0097526,0.0863799,0.0803742,0.247151,2026-10-01T18:02:47.374+00:00,2026-10-01T18:02:47.622+00:00,eval family=0 mode=13 episodes=128 success=0 collision=1 timeout=0 progress=0.287908 mean_goal_time=0 mean_speed=1.28893 peak_speed=1.5 min_clearance=-0.0097526 wall_s=0.0863799,eval_GPU_s=0.0803742,crossing,0.5,1.0,1.5
threat_crossing_m2_v0.5_ttc1_s800001,controlled_threat,2,goal_script,0,controlled_threat,800001,1.5,4.0,0,0.0,0.0,0.0,0,128,0,1,0,0.262392,0,1.54627,1.56752,-0.0161032,0.0766478,0.0701317,0.223579,2026-10-01T18:02:47.622+00:00,2026-10-01T18:02:47.846+00:00,eval family=0 mode=2 episodes=128 success=0 collision=1 timeout=0 progress=0.262392 mean_goal_time=0 mean_speed=1.54627 peak_speed=1.56752 min_clearance=-0.0161032 wall_s=0.0766478,eval_GPU_s=0.0701317,crossing,0.5,1.0,1.5
threat_crossing_m17_v2_ttc0.5_s800001,controlled_threat,17,guided_memory,0,controlled_threat,800001,1.5,4.0,0,0.0,0.0,0.0,0,128,0,1,0,0.109128,0,1.41684,1.49999,-0.0256849,0.0603507,0.0552965,0.185120,2026-10-01T18:02:47.846+00:00,2026-10-01T18:02:48.031+00:00,eval family=0 mode=17 episodes=128 success=0 collision=1 timeout=0 progress=0.109128 mean_goal_time=0 mean_speed=1.41684 peak_speed=1.49999 min_clearance=-0.0256849 wall_s=0.0603507,eval_GPU_s=0.0552965,crossing,2.0,0.5,1.5
threat_crossing_m13_v2_ttc0.5_s800001,controlled_threat,13,geometry_memory,0,controlled_threat,800001,1.5,4.0,0,0.0,0.0,0.0,0,128,0,1,0,0.117473,0,1.4237,1.5,-0.0226708,0.0624608,0.0576806,0.154836,2026-10-01T18:02:48.032+00:00,2026-10-01T18:02:48.187+00:00,eval family=0 mode=13 episodes=128 success=0 collision=1 timeout=0 progress=0.117473 mean_goal_time=0 mean_speed=1.4237 peak_speed=1.5 min_clearance=-0.0226708 wall_s=0.0624608,eval_GPU_s=0.0576806,crossing,2.0,0.5,1.5
threat_crossing_m2_v2_ttc0.5_s800001,controlled_threat,2,goal_script,0,controlled_threat,800001,1.5,4.0,0,0.0,0.0,0.0,0,128,0,1,0,0.122302,0,1.52738,1.55928,-0.0249812,0.065504,0.0605647,0.149856,2026-10-01T18:02:48.187+00:00,2026-10-01T18:02:48.337+00:00,eval family=0 mode=2 episodes=128 success=0 collision=1 timeout=0 progress=0.122302 mean_goal_time=0 mean_speed=1.52738 peak_speed=1.55928 min_clearance=-0.0249812 wall_s=0.065504,eval_GPU_s=0.0605647,crossing,2.0,0.5,1.5
threat_crossing_m17_v2_ttc1_s800001,controlled_threat,17,guided_memory,0,controlled_threat,800001,1.5,4.0,0,0.0,0.0,0.0,0,128,1,0,0,0.919283,3.04023,1.54288,1.8054,0.119437,0.1191,0.113271,0.228532,2026-10-01T18:02:48.337+00:00,2026-10-01T18:02:48.566+00:00,eval family=0 mode=17 episodes=128 success=1 collision=0 timeout=0 progress=0.919283 mean_goal_time=3.04023 mean_speed=1.54288 peak_speed=1.8054 min_clearance=0.119437 wall_s=0.1191,eval_GPU_s=0.113271,crossing,2.0,1.0,1.5
threat_crossing_m13_v2_ttc1_s800001,controlled_threat,13,geometry_memory,0,controlled_threat,800001,1.5,4.0,0,0.0,0.0,0.0,0,128,0,1,0,0.277452,0,1.23438,1.5,-0.0202852,0.0757736,0.0691589,0.231742,2026-10-01T18:02:48.566+00:00,2026-10-01T18:02:48.798+00:00,eval family=0 mode=13 episodes=128 success=0 collision=1 timeout=0 progress=0.277452 mean_goal_time=0 mean_speed=1.23438 peak_speed=1.5 min_clearance=-0.0202852 wall_s=0.0757736,eval_GPU_s=0.0691589,crossing,2.0,1.0,1.5
threat_crossing_m2_v2_ttc1_s800001,controlled_threat,2,goal_script,0,controlled_threat,800001,1.5,4.0,0,0.0,0.0,0.0,0,128,0,1,0,0.311191,0,1.54466,1.56752,-0.0241161,0.0835513,0.0792253,0.219966,2026-10-01T18:02:48.799+00:00,2026-10-01T18:02:49.019+00:00,eval family=0 mode=2 episodes=128 success=0 collision=1 timeout=0 progress=0.311191 mean_goal_time=0 mean_speed=1.54466 peak_speed=1.56752 min_clearance=-0.0241161 wall_s=0.0835513,eval_GPU_s=0.0792253,crossing,2.0,1.0,1.5
