run,role,own_dev_split,rollout,transitions,successes_of_128,contacts_of_128,arrival_s_successful_only,policy_loss,value_loss,ratio
candidate-fast,"local bank, time cost 1.0",dev-a,50,204800,90,33,2.8956,0.00152326,1.62835,0.99988
candidate-fast,"local bank, time cost 1.0",dev-a,100,409600,93,34,3.1436,-0.00119212,2.27449,0.999305
candidate-fast,"local bank, time cost 1.0",dev-a,150,614400,92,30,3.8120,-0.000579477,0.77462,0.999531
candidate-fast,"local bank, time cost 1.0",dev-a,200,819200,89,34,3.5495,-0.00120941,1.01952,1.00026
candidate-fast,"local bank, time cost 1.0",dev-a,250,1024000,96,27,3.9422,-0.000866351,0.87802,0.998712
candidate-fast,"local bank, time cost 1.0",dev-a,300,1228800,96,30,3.5573,-0.000904664,0.946581,0.999989
candidate-fast,"local bank, time cost 1.0",dev-a,350,1433600,94,29,4.3585,-0.000487507,0.885322,1.00104
candidate-fast,"local bank, time cost 1.0",dev-a,400,1638400,93,29,3.9619,-0.00132088,0.848477,0.99882
candidate-fast,"local bank, time cost 1.0",dev-a,450,1843200,93,29,3.6995,0.00124678,0.694862,0.998921
candidate-fast,"local bank, time cost 1.0",dev-a,500,2048000,97,28,3.8882,-0.00153587,0.648883,0.999345
candidate-fast,"local bank, time cost 1.0",dev-a,550,2252800,97,27,3.8124,-0.00119999,0.962685,1.00098
candidate-fast,"local bank, time cost 1.0",dev-a,600,2457600,97,28,3.9423,-0.0022687,0.895145,1.00078
candidate-fast,"local bank, time cost 1.0",dev-a,650,2662400,77,30,3.6617,-0.000856877,0.816088,1.0002
candidate-fast,"local bank, time cost 1.0",dev-a,700,2867200,95,31,4.2295,0.000295523,1.08373,1.00102
candidate-fast,"local bank, time cost 1.0",dev-a,750,3072000,96,30,3.4068,0.00070893,0.8528,0.999853
candidate-fast,"local bank, time cost 1.0",dev-a,800,3276800,98,28,3.5918,-0.000729516,0.864225,0.999845
candidate-fast,"local bank, time cost 1.0",dev-a,850,3481600,96,29,3.5021,-0.00126693,0.762766,0.999128
candidate-fast,"local bank, time cost 1.0",dev-a,900,3686400,94,29,3.9250,-0.000225891,0.675906,0.999963
candidate-fast,"local bank, time cost 1.0",dev-a,950,3891200,98,28,4.4633,-0.00116289,0.883349,0.999283
candidate-fast,"local bank, time cost 1.0",dev-a,1000,4096000,97,30,3.9351,-0.00109613,0.899592,0.999864
candidate-fast,"local bank, time cost 1.0",dev-a,1050,4300800,93,32,3.8586,-0.00062702,0.930585,1.00023
candidate-fast,"local bank, time cost 1.0",dev-a,1100,4505600,90,30,4.4123,-0.00271339,0.625566,0.998984
candidate-fast,"local bank, time cost 1.0",dev-a,1150,4710400,100,27,3.6805,-0.000345557,0.727284,1.00082
candidate-fast,"local bank, time cost 1.0",dev-a,1200,4915200,96,28,3.4563,-0.000831337,0.492806,0.999154
candidate-fast,"local bank, time cost 1.0",dev-a,1250,5120000,96,31,3.9292,-0.000512169,0.685467,0.999602
candidate-fast,"local bank, time cost 1.0",dev-a,1300,5324800,92,32,3.7565,-0.00103436,0.864679,1.0002
candidate-fast,"local bank, time cost 1.0",dev-a,1350,5529600,98,29,3.0592,-0.00143309,1.05886,1.00128
candidate-fast,"local bank, time cost 1.0",dev-a,1400,5734400,96,26,3.2818,-0.00037048,0.634365,0.998978
candidate-fast,"local bank, time cost 1.0",dev-a,1450,5939200,95,26,3.0747,-0.000899126,0.760116,1.00024
candidate-fast,"local bank, time cost 1.0",dev-a,1500,6144000,92,30,3.2424,-0.00130574,0.78831,1.00166
candidate-fast,"local bank, time cost 1.0",dev-a,1550,6348800,92,28,3.2522,-0.00191009,0.824927,0.99821
candidate-fast,"local bank, time cost 1.0",dev-a,1600,6553600,91,28,2.9896,0.000203787,0.887692,0.999895
candidate-fast,"local bank, time cost 1.0",dev-a,1650,6758400,95,30,3.1900,-0.0040882,0.628196,0.997395
candidate-fast,"local bank, time cost 1.0",dev-a,1700,6963200,95,32,3.2932,-1.75601e-05,0.467858,1.00025
candidate-fast,"local bank, time cost 1.0",dev-a,1750,7168000,96,31,3.2802,0.00147687,0.688131,1.00183
candidate-fast,"local bank, time cost 1.0",dev-a,1800,7372800,97,30,3.3057,-0.00264076,0.715624,1.00091
candidate-fast,"local bank, time cost 1.0",dev-a,1850,7577600,96,32,2.9427,-0.00126345,1.06744,1.00063
candidate-fast,"local bank, time cost 1.0",dev-a,1900,7782400,99,29,3.0556,-0.00215151,0.665431,0.999466
candidate-fast,"local bank, time cost 1.0",dev-a,1950,7987200,96,31,2.9344,-0.00191443,0.749343,0.99919
candidate-fast,"local bank, time cost 1.0",dev-a,2000,8192000,99,28,3.1434,0.000442829,0.705017,1.00171
