policy,world,seed,success,collision,timeout,steps,time_s,path_m,final_error_m,peak_speed_mps,min_sensor_range_m,altitude_min_m,altitude_max_m,tracking_rms_mps,sensor_updates,navigation_loaded,family,obstacle_count,route_witness_length_m,generator_parameters
navigation.bin,challenge_table_overhang_41001,41001,True,False,False,282,2.82,4.03799,0.347852,1.79732,0.563973,1.16771,1.72564,0.36238,56,True,table_overhang,5,4.4,"{""leg_radius_m"": 0.12, ""table_center_x_m"": 2.0, ""table_center_y_m"": 0.282, ""table_underside_z_m"": 1.692, ""tabletop_size_m"": [1.35, 2.0, 0.18]}"
navigation.bin,challenge_table_overhang_41002,41002,True,False,False,281,2.81,3.97774,0.344824,1.78975,0.546774,1.16935,1.66335,0.363416,56,True,table_overhang,5,4.4,"{""leg_radius_m"": 0.12, ""table_center_x_m"": 2.0, ""table_center_y_m"": 0.17, ""table_underside_z_m"": 1.638, ""tabletop_size_m"": [1.35, 2.0, 0.18]}"
navigation.bin,challenge_table_overhang_41003,41003,True,False,False,278,2.78,3.90714,0.344363,2.01588,0.593832,1.15605,1.63988,0.34239,55,True,table_overhang,5,4.4,"{""leg_radius_m"": 0.12, ""table_center_x_m"": 2.0, ""table_center_y_m"": 0.042, ""table_underside_z_m"": 1.622, ""tabletop_size_m"": [1.35, 2.0, 0.18]}"
navigation.bin,challenge_table_overhang_41004,41004,True,False,False,276,2.76,3.90197,0.348671,1.9254,0.563984,1.21077,1.65175,0.339096,55,True,table_overhang,5,4.4,"{""leg_radius_m"": 0.12, ""table_center_x_m"": 2.0, ""table_center_y_m"": 0.092, ""table_underside_z_m"": 1.647, ""tabletop_size_m"": [1.35, 2.0, 0.18]}"
navigation.bin,challenge_table_overhang_41005,41005,True,False,False,281,2.81,3.94397,0.339785,1.93522,0.463696,1.20447,1.66853,0.368853,56,True,table_overhang,5,4.4,"{""leg_radius_m"": 0.12, ""table_center_x_m"": 2.0, ""table_center_y_m"": -0.143, ""table_underside_z_m"": 1.648, ""tabletop_size_m"": [1.35, 2.0, 0.18]}"
navigation.bin,challenge_table_overhang_41006,41006,True,False,False,280,2.8,3.94108,0.340421,1.99662,0.5004,1.24228,1.67987,0.349437,56,True,table_overhang,5,4.4,"{""leg_radius_m"": 0.12, ""table_center_x_m"": 2.0, ""table_center_y_m"": -0.251, ""table_underside_z_m"": 1.718, ""tabletop_size_m"": [1.35, 2.0, 0.18]}"
navigation.bin,challenge_mixed_clutter_41001,41001,True,False,False,440,4.4,5.63754,0.342511,2.09689,0.435349,1.20298,2.1082,0.489258,88,True,mixed_clutter,5,4.8,"{""alternating_side"": -1, ""box_lateral_m"": 1.368, ""first_pole_y_m"": 0.1, ""pole_lateral_m"": 0.692, ""pole_radii_m"": [0.2, 0.18, 0.18]}"
navigation.bin,challenge_mixed_clutter_41002,41002,False,True,False,110,1.1,0.976431,3.142,1.50083,0.113045,1.36527,1.5,0.829546,22,True,mixed_clutter,5,5.2,"{""alternating_side"": -1, ""box_lateral_m"": 1.117, ""first_pole_y_m"": -0.078, ""pole_lateral_m"": 0.505, ""pole_radii_m"": [0.2, 0.18, 0.18]}"
navigation.bin,challenge_mixed_clutter_41003,41003,False,True,False,178,1.78,2.49122,2.03437,2.09631,0.272481,1.43255,1.66728,0.618979,35,True,mixed_clutter,5,4.8,"{""alternating_side"": 1, ""box_lateral_m"": 1.359, ""first_pole_y_m"": -0.031, ""pole_lateral_m"": 0.631, ""pole_radii_m"": [0.2, 0.18, 0.18]}"
navigation.bin,challenge_mixed_clutter_41004,41004,False,True,False,217,2.17,2.70833,3.18507,2.07375,0.13232,1.4198,1.83703,0.946449,43,True,mixed_clutter,5,5.2,"{""alternating_side"": 1, ""box_lateral_m"": 1.373, ""first_pole_y_m"": 0.057, ""pole_lateral_m"": 0.499, ""pole_radii_m"": [0.2, 0.18, 0.18]}"
navigation.bin,challenge_mixed_clutter_41005,41005,False,True,False,202,2.02,2.90385,2.13952,1.99505,0.191975,1.24599,1.91063,0.597567,40,True,mixed_clutter,5,4.8,"{""alternating_side"": -1, ""box_lateral_m"": 1.124, ""first_pole_y_m"": 0.089, ""pole_lateral_m"": 0.498, ""pole_radii_m"": [0.2, 0.18, 0.18]}"
navigation.bin,challenge_mixed_clutter_41006,41006,False,True,False,161,1.61,1.85601,2.81049,2.0388,0.222939,1.4353,1.61781,0.793293,32,True,mixed_clutter,5,5.2,"{""alternating_side"": 1, ""box_lateral_m"": 1.33, ""first_pole_y_m"": -0.008, ""pole_lateral_m"": 0.681, ""pole_radii_m"": [0.2, 0.18, 0.18]}"
navigation-static.bin,challenge_table_overhang_41001,41001,True,False,False,292,2.92,4.16408,0.34987,1.7772,0.540416,1.17609,1.81921,0.364006,58,True,table_overhang,5,4.4,"{""leg_radius_m"": 0.12, ""table_center_x_m"": 2.0, ""table_center_y_m"": 0.282, ""table_underside_z_m"": 1.692, ""tabletop_size_m"": [1.35, 2.0, 0.18]}"
navigation-static.bin,challenge_table_overhang_41002,41002,True,False,False,289,2.89,4.06351,0.347643,1.76775,0.481632,1.18107,1.77313,0.358271,57,True,table_overhang,5,4.4,"{""leg_radius_m"": 0.12, ""table_center_x_m"": 2.0, ""table_center_y_m"": 0.17, ""table_underside_z_m"": 1.638, ""tabletop_size_m"": [1.35, 2.0, 0.18]}"
navigation-static.bin,challenge_table_overhang_41003,41003,True,False,False,286,2.86,3.9768,0.349058,2.02079,0.500037,1.16039,1.73908,0.360281,57,True,table_overhang,5,4.4,"{""leg_radius_m"": 0.12, ""table_center_x_m"": 2.0, ""table_center_y_m"": 0.042, ""table_underside_z_m"": 1.622, ""tabletop_size_m"": [1.35, 2.0, 0.18]}"
navigation-static.bin,challenge_table_overhang_41004,41004,True,False,False,328,3.28,4.50803,0.346758,1.9498,0.489119,1.21603,1.88165,0.414064,65,True,table_overhang,5,4.4,"{""leg_radius_m"": 0.12, ""table_center_x_m"": 2.0, ""table_center_y_m"": 0.092, ""table_underside_z_m"": 1.647, ""tabletop_size_m"": [1.35, 2.0, 0.18]}"
navigation-static.bin,challenge_table_overhang_41005,41005,True,False,False,326,3.26,4.48371,0.345799,1.98445,0.408015,1.18492,1.85805,0.424821,65,True,table_overhang,5,4.4,"{""leg_radius_m"": 0.12, ""table_center_x_m"": 2.0, ""table_center_y_m"": -0.143, ""table_underside_z_m"": 1.648, ""tabletop_size_m"": [1.35, 2.0, 0.18]}"
navigation-static.bin,challenge_table_overhang_41006,41006,True,False,False,319,3.19,4.4191,0.347537,2.03539,0.439688,1.22785,1.86853,0.414922,63,True,table_overhang,5,4.4,"{""leg_radius_m"": 0.12, ""table_center_x_m"": 2.0, ""table_center_y_m"": -0.251, ""table_underside_z_m"": 1.718, ""tabletop_size_m"": [1.35, 2.0, 0.18]}"
navigation-static.bin,challenge_mixed_clutter_41001,41001,True,False,False,411,4.11,5.90232,0.349473,2.56691,0.409745,1.17493,1.97504,0.601947,82,True,mixed_clutter,5,4.8,"{""alternating_side"": -1, ""box_lateral_m"": 1.368, ""first_pole_y_m"": 0.1, ""pole_lateral_m"": 0.692, ""pole_radii_m"": [0.2, 0.18, 0.18]}"
navigation-static.bin,challenge_mixed_clutter_41002,41002,True,False,False,473,4.73,6.8172,0.340545,2.74773,0.184404,1.06259,2.17501,0.719594,94,True,mixed_clutter,5,5.2,"{""alternating_side"": -1, ""box_lateral_m"": 1.117, ""first_pole_y_m"": -0.078, ""pole_lateral_m"": 0.505, ""pole_radii_m"": [0.2, 0.18, 0.18]}"
navigation-static.bin,challenge_mixed_clutter_41003,41003,False,True,False,156,1.56,1.76917,3.01871,2.02284,0.218294,1.41845,1.59561,0.792708,31,True,mixed_clutter,5,4.8,"{""alternating_side"": 1, ""box_lateral_m"": 1.359, ""first_pole_y_m"": -0.031, ""pole_lateral_m"": 0.631, ""pole_radii_m"": [0.2, 0.18, 0.18]}"
navigation-static.bin,challenge_mixed_clutter_41004,41004,False,True,False,172,1.72,2.02901,3.15764,2.01537,0.143198,1.41318,1.59695,0.882289,34,True,mixed_clutter,5,5.2,"{""alternating_side"": 1, ""box_lateral_m"": 1.373, ""first_pole_y_m"": 0.057, ""pole_lateral_m"": 0.499, ""pole_radii_m"": [0.2, 0.18, 0.18]}"
navigation-static.bin,challenge_mixed_clutter_41005,41005,False,True,False,362,3.62,5.05804,0.965375,2.02769,0.275577,1.19529,2.12028,0.613816,72,True,mixed_clutter,5,4.8,"{""alternating_side"": -1, ""box_lateral_m"": 1.124, ""first_pole_y_m"": 0.089, ""pole_lateral_m"": 0.498, ""pole_radii_m"": [0.2, 0.18, 0.18]}"
navigation-static.bin,challenge_mixed_clutter_41006,41006,False,True,False,160,1.6,1.85711,3.04393,2.03692,0.202813,1.41897,1.64873,0.808189,32,True,mixed_clutter,5,5.2,"{""alternating_side"": 1, ""box_lateral_m"": 1.33, ""first_pole_y_m"": -0.008, ""pole_lateral_m"": 0.681, ""pole_radii_m"": [0.2, 0.18, 0.18]}"
