split,candidate,reference,tasks,candidate_wins,reference_wins,ties,difference_pp,difference_lo_pp,difference_hi_pp,interval
open,candidate,arrival,128,0,0,128,0.000,0.000,0.000,exact McNemar-style paired interval at 95%
open,fast,arrival,128,0,0,128,0.000,0.000,0.000,exact McNemar-style paired interval at 95%
open,control,arrival,128,0,0,128,0.000,0.000,0.000,exact McNemar-style paired interval at 95%
open,rooms,arrival,128,0,7,121,-5.469,-5.469,-0.989,exact McNemar-style paired interval at 95%
open,packaged,arrival,128,0,25,103,-19.531,-19.531,-14.172,exact McNemar-style paired interval at 95%
deva,candidate,arrival,128,10,3,115,5.469,-0.775,9.133,exact McNemar-style paired interval at 95%
deva,fast,arrival,128,7,3,118,3.125,-2.382,6.770,exact McNemar-style paired interval at 95%
deva,control,arrival,128,4,5,119,-0.781,-5.105,4.050,exact McNemar-style paired interval at 95%
deva,rooms,arrival,128,4,18,106,-10.938,-15.405,-3.340,exact McNemar-style paired interval at 95%
deva,packaged,arrival,128,1,39,88,-29.688,-31.210,-23.026,exact McNemar-style paired interval at 95%
devb,candidate,arrival,128,7,4,117,2.344,-3.302,6.716,exact McNemar-style paired interval at 95%
devb,fast,arrival,128,7,4,117,2.344,-3.302,6.716,exact McNemar-style paired interval at 95%
devb,control,arrival,128,2,4,122,-1.562,-4.282,2.599,exact McNemar-style paired interval at 95%
devb,rooms,arrival,128,3,14,111,-8.594,-12.272,-1.745,exact McNemar-style paired interval at 95%
devb,packaged,arrival,128,2,34,92,-25.000,-27.742,-17.627,exact McNemar-style paired interval at 95%
clutter,candidate,arrival,128,8,4,116,3.125,-2.834,7.514,exact McNemar-style paired interval at 95%
clutter,fast,arrival,128,4,3,121,0.781,-3.456,4.386,exact McNemar-style paired interval at 95%
clutter,control,arrival,128,3,9,116,-4.688,-8.346,1.347,exact McNemar-style paired interval at 95%
clutter,rooms,arrival,128,4,17,107,-10.156,-14.619,-2.656,exact McNemar-style paired interval at 95%
clutter,packaged,arrival,128,1,34,93,-25.781,-27.304,-19.186,exact McNemar-style paired interval at 95%
