actor,split,mode,tasks,successes,contacts,timeouts,success_rate,wilson_lo,wilson_hi,arrivals,arrival_mean_s_successful_only,arrival_min_s,arrival_max_s,mean_path_m,mean_goal_m,distance_path_ratio,tolerance_path_ratio_successful_only,detour_tasks,detour_successes,min_clearance_m,peak_speed_mps,source
packaged,open,17,128,103,8,17,0.804688,0.727558,0.864061,103,7.7598,1.1000,20.0004,6.5081,1.9839,0.3048,3.3739,0,0,-0.0175,3.7676,evals/packaged-open-mode17.csv
packaged,deva,17,128,58,61,9,0.453125,0.369506,0.539475,58,6.8242,1.2500,19.4503,4.7771,2.1172,0.4432,2.7295,47,7,-0.0193,3.8846,evals/packaged-deva-mode17.csv
packaged,devb,17,128,66,56,6,0.515625,0.429861,0.600479,66,6.4932,1.4000,18.9503,4.2653,2.1560,0.5055,2.5111,43,7,-0.0259,4.3017,evals/packaged-devb-mode17.csv
packaged,clutter,17,128,61,59,8,0.476562,0.391987,0.562504,61,5.8943,1.3500,19.9504,4.1852,2.1749,0.5197,2.3425,56,7,-0.0282,3.5737,evals/packaged-clutter-mode17.csv
rooms,open,17,128,121,0,7,0.945312,0.891414,0.973260,121,6.5939,1.4500,19.6004,7.3767,1.9839,0.2689,4.1014,0,0,0.0858,2.9063,evals/rooms-open-mode17.csv
rooms,deva,17,128,82,42,4,0.640625,0.554521,0.718534,82,4.4019,1.4500,13.1002,3.7839,2.1172,0.5595,2.4283,47,10,-0.0116,2.5315,evals/rooms-deva-mode17.csv
rooms,devb,17,128,87,40,1,0.679688,0.594632,0.754271,87,5.2891,1.4000,18.6003,4.4109,2.1560,0.4888,2.7820,43,11,-0.0105,2.3614,evals/rooms-devb-mode17.csv
rooms,clutter,17,128,81,45,2,0.632812,0.546568,0.711317,81,5.6988,1.2500,18.6503,4.7289,2.1749,0.4599,3.0824,56,16,-0.0127,2.4817,evals/rooms-clutter-mode17.csv
control,open,17,128,128,0,0,1.000000,0.970862,1.000000,128,2.7895,1.1000,5.1000,2.6184,1.9839,0.7577,1.6026,0,0,0.1976,2.3014,evals/control-open-mode17.csv
control,deva,17,128,95,33,0,0.742188,0.660129,0.810132,95,2.6011,1.3500,5.6500,2.0418,2.1172,1.0369,1.4879,47,14,-0.0104,2.5739,evals/control-deva-mode17.csv
control,devb,17,128,96,32,0,0.750000,0.668443,0.816988,96,2.7719,1.2500,6.8001,2.1525,2.1560,1.0017,1.4769,43,11,-0.0118,2.5486,evals/control-devb-mode17.csv
control,clutter,17,128,88,40,0,0.687500,0.602727,0.761346,88,2.6699,1.3000,6.3000,2.0380,2.1749,1.0672,1.4661,56,16,-0.0120,2.4044,evals/control-clutter-mode17.csv
arrival,open,17,128,128,0,0,1.000000,0.970862,1.000000,128,2.6656,1.1000,7.5001,2.4531,1.9839,0.8087,1.5014,0,0,0.1816,2.2069,evals/arrival-open-mode17.csv
arrival,deva,17,128,96,31,1,0.750000,0.668443,0.816988,96,2.8510,1.3500,7.3001,2.1002,2.1172,1.0081,1.4718,47,15,-0.0133,2.4687,evals/arrival-deva-mode17.csv
arrival,devb,17,128,98,30,0,0.765625,0.685163,0.830607,98,2.9383,1.3000,8.1501,2.1559,2.1560,1.0000,1.4651,43,13,-0.0112,2.3971,evals/arrival-devb-mode17.csv
arrival,clutter,17,128,94,34,0,0.734375,0.651845,0.803246,94,2.9984,1.2000,6.7501,2.2578,2.1749,0.9633,1.5392,56,22,-0.0092,2.5531,evals/arrival-clutter-mode17.csv
candidate,open,17,128,128,0,0,1.000000,0.970862,1.000000,128,5.1098,1.1000,16.9003,2.7493,1.9839,0.7216,1.6827,0,0,0.4310,2.2163,evals/candidate-open-mode17.csv
candidate,deva,17,128,103,23,2,0.804688,0.727558,0.864061,103,4.5073,1.3000,16.4003,2.2329,2.1172,0.9482,1.4951,47,23,-0.0058,2.3434,evals/candidate-deva-mode17.csv
candidate,devb,17,128,101,26,1,0.789062,0.710492,0.850788,101,4.5094,1.2500,15.1503,2.2621,2.1560,0.9531,1.4314,43,17,-0.0040,2.3508,evals/candidate-devb-mode17.csv
candidate,clutter,17,128,98,30,0,0.765625,0.685163,0.830607,98,4.7378,1.1500,18.8003,2.3723,2.1749,0.9168,1.4841,56,27,-0.0097,2.7140,evals/candidate-clutter-mode17.csv
fast,open,17,128,128,0,0,1.000000,0.970862,1.000000,128,3.6922,1.1000,13.6502,2.3527,1.9839,0.8432,1.4399,0,0,0.4310,2.1981,evals/fast-open-mode17.csv
fast,deva,17,128,100,27,1,0.781250,0.702014,0.844096,100,3.6805,1.3000,16.8003,2.1203,2.1172,0.9985,1.4385,47,19,-0.0086,2.4283,evals/fast-deva-mode17.csv
fast,devb,17,128,101,26,1,0.789062,0.710492,0.850788,101,3.7272,1.3500,12.3502,2.1731,2.1560,0.9921,1.3665,43,17,-0.0081,2.4122,evals/fast-devb-mode17.csv
fast,clutter,17,128,95,30,3,0.742188,0.660129,0.810132,95,3.4837,1.1500,16.5003,2.1812,2.1749,0.9971,1.3643,56,23,-0.0109,2.6755,evals/fast-clutter-mode17.csv
