time_s,position_error_m,velocity_error_mps,attitude_error_rad,body_rate_error_rps,measured_p0,measured_p1,measured_p2,predicted_p0,predicted_p1,predicted_p2,measured_v0,measured_v1,measured_v2,predicted_v0,predicted_v1,predicted_v2,measured_w0,measured_w1,measured_w2,predicted_w0,predicted_w1,predicted_w2,last_motor_action0,last_motor_action1,last_motor_action2,last_motor_action3
0,0,0,0,0,0.008892555721,-0.0170328375,1.453312635,0.008892555721,-0.0170328375,1.453312635,-0.02369996719,0.03381090984,0.00660278881,-0.02369996719,0.03381090984,0.00660278881,0.1117541194,0.03104130551,-0.01574044488,0.1117541194,0.03104130551,-0.01574044488,0,0,0,0
0.01,7.897146737e-06,5.59278359e-05,1.16669907e-05,3.204737681e-07,0.008661603555,-0.0166842062,1.453368545,0.008658627979,-0.01668964885,1.453373432,-0.02309522778,0.03486301377,0.00558944745,-0.02308053337,0.03480905294,0.00558992289,0.1096202135,0.0299740117,-0.01543233171,0.109619908,0.02997391485,-0.01543232892,0.6122486591,0.6122486591,0.6122486591,0.6122486591
0.02,1.530286548e-05,0.0001119811892,2.141391744e-05,8.5011949e-07,0.00843699649,-0.01632610522,1.45341599,0.008431044407,-0.01633700542,1.453424931,-0.02246070281,0.03581019118,0.004742586054,-0.02243128605,0.03570214659,0.004743484315,0.1078380048,0.02907975018,-0.0151749244,0.10783723,0.02908009477,-0.01517486479,0.6122486591,0.6122486591,0.6122486591,0.6122486591
0.03,2.233448711e-05,0.0001681337823,2.956492524e-05,1.559619434e-06,0.008219022304,-0.01595956832,1.453456402,0.008210098371,-0.01597595215,1.45346868,-0.02179736458,0.03665357456,0.004034877289,-0.02175320126,0.03649134934,0.004036122002,0.1063484251,0.02833016589,-0.01495985594,0.1063475087,0.0283314269,-0.01495980658,0.6122486591,0.6122486591,0.6122486591,0.6122486591
0.04,2.915316129e-05,0.000224376671,3.637067903e-05,2.093971892e-06,0.008007962257,-0.01558562741,1.453490853,0.007996073924,-0.01560752187,1.453505993,-0.02110603452,0.03739415109,0.003443433437,-0.02104710788,0.03717765585,0.003444966394,0.1051050648,0.02770252712,-0.01478017401,0.1051035151,0.02770393528,-0.01478016097,0.6122486591,0.6122486591,0.6122486591,0.6122486591
0.05,3.583848349e-05,0.0002806883013,4.205894388e-05,2.254264897e-06,0.007804087829,-0.01520530041,1.453520298,0.007789247204,-0.01523273904,1.453537941,-0.02038741484,0.03803275153,0.002949114889,-0.02031370811,0.0377619192,0.002950872527,0.1040659919,0.02717630379,-0.0146301575,0.1040644273,0.02717792615,-0.01463011745,0.6122486591,0.6122486591,0.6122486591,0.6122486591
0.06,4.234868511e-05,0.0003370564782,4.681126208e-05,2.648828104e-06,0.007607667241,-0.01481959876,1.45354569,0.007589888759,-0.01485262066,1.453565359,-0.01964209788,0.0385701023,0.002535907552,-0.01955359988,0.03824487701,0.002537826542,0.1031989679,0.02673435211,-0.01450487785,0.1031972989,0.02673640847,-0.01450482942,0.6122486591,0.6122486591,0.6122486591,0.6122486591
0.07,4.880974665e-05,0.0003934772154,5.078530853e-05,2.49918413e-06,0.007418961264,-0.01442953106,1.453567505,0.00739826262,-0.01446817722,1.453588963,-0.01887058839,0.03900682181,0.002190412022,-0.01876728982,0.0386271514,0.002192437416,0.1024747491,0.02636332251,-0.01440024469,0.1024732217,0.02636530064,-0.01440023631,0.6122486591,0.6122486591,0.6122486591,0.6122486591
0.08,5.512876526e-05,0.0004499356246,5.410806765e-05,2.695675667e-06,0.007238227874,-0.01403609663,1.453586578,0.007214628626,-0.01408041175,1.453609347,-0.01807332039,0.03934343532,0.001901416923,-0.01795521379,0.03890928254,0.001903480501,0.1018703654,0.02605136484,-0.01431292202,0.1018689573,0.02605366334,-0.01431294717,0.6122486591,0.6122486591,0.6122486591,0.6122486591
0.09,6.146792594e-05,0.0005064313173,5.688728626e-05,3.084891843e-06,0.007065721322,-0.01364029292,1.453603148,0.00703924289,-0.01369032357,1.45362711,-0.01725065708,0.03958039731,0.001659528352,-0.01711773686,0.0390917249,0.001661571441,0.1013662592,0.02578854188,-0.0142401075,0.1013650298,0.02579137124,-0.0142401075,0.6122486591,0.6122486591,0.6122486591,0.6122486591
0.1,6.782679999e-05,0.0005629525648,5.921501724e-05,3.399447447e-06,0.006901692133,-0.01324311178,1.453617692,0.006872357335,-0.01329890825,1.453642726,-0.01640291139,0.03971809149,0.001456896658,-0.01625517569,0.03917487338,0.001458856859,0.1009456366,0.0255675707,-0.01417937316,0.1009448394,0.02557087503,-0.01417932753,0.6122486591,0.6122486591,0.6122486591,0.6122486591
0.11,7.416273964e-05,0.0006194999079,6.116615753e-05,4.075251776e-06,0.006746388972,-0.01284554321,1.453630567,0.006714222021,-0.01290715672,1.453656435,-0.01553035341,0.03975684568,0.001286941464,-0.01536779851,0.0391590558,0.001288756379,0.100595206,0.02538078651,-0.01412861142,0.100594461,0.02538479306,-0.0141286226,0.6122486591,0.6122486591,0.6122486591,0.6122486591
0.12,8.017742142e-05,0.0006767813205,0.0001497499028,6.22723538e-06,0.006600072142,-0.01244857535,1.45364368,0.006565088872,-0.01251605712,1.45366919,-0.01463166159,0.03969683126,0.00131324376,-0.01445207745,0.03904431313,0.001314853667,0.100308165,0.05046903342,-0.01408567093,0.1003085524,0.0504752472,-0.01408580225,0.5622486472,0.6622486711,0.6622486711,0.5622486472
0.13,8.591933857e-05,0.0007352813398,0.0005315751038,8.829232774e-06,0.006463262718,-0.01205319911,1.45366025,0.006425353233,-0.0121266013,1.453683853,-0.01368093211,0.0395376049,0.001654816675,-0.01348053198,0.03883016109,0.001656121225,0.1000824273,0.1213138327,-0.01404895447,0.100086689,0.1213215441,-0.01404952724,0.5622486472,0.6622486711,0.6622486711,0.5622486472
0.14,9.176482789e-05,0.0007949096213,0.001111906945,1.356683935e-05,0.006337177008,-0.01166041382,1.45368278,0.006295883097,-0.01173978671,1.453703165,-0.01260858681,0.03927852586,0.002247673925,-0.01238408592,0.03851597756,0.002248538891,0.0999141559,0.2315926701,-0.01401823293,0.0999244526,0.2316014171,-0.0140194688,0.5622486472,0.6622486711,0.6622486711,0.5622486472
0.15,9.821054445e-05,0.0008555927527,0.001859448914,2.037088065e-05,0.006224120967,-0.01127122529,1.453713179,0.006178439595,-0.01135661732,1.45372951,-0.01130561251,0.03891880065,0.003037531395,-0.01105416287,0.0381009914,0.003037774237,0.09979964048,0.3759450018,-0.01399320178,0.0998178646,0.3759538531,-0.01399532519,0.5622486472,0.6622486711,0.6622486711,0.5622486472
0.16,0.0001057337368,0.0009172816836,0.00275142371,2.952746424e-05,0.006127832457,-0.01088665053,1.453752875,0.006076045334,-0.01097810548,1.453764439,-0.009628817439,0.03845748305,0.003977651242,-0.009347949177,0.03758426011,0.003977025859,0.0997351706,0.5498251915,-0.01397368778,0.09976311028,0.5498341918,-0.0139768878,0.5622486472,0.6622486711,0.6622486711,0.5622486472
0.17,0.0001149499295,0.000979931123,0.003768906676,4.056143422e-05,0.006053778343,-0.01050771587,1.453803182,0.005993302446,-0.0106052747,1.453809381,-0.007405416109,0.03789345175,0.005026511848,-0.007092987187,0.03696466237,0.005024649668,0.0997184068,0.7493793964,-0.01395948324,0.09975771606,0.7493883371,-0.01396396384,0.5622486472,0.6622486711,0.6622486711,0.5622486472
0.18,0.0001266786685,0.001042417155,0.004608649655,5.106926299e-05,0.006009452976,-0.01013547182,1.453866124,0.005936684087,-0.01023916341,1.453865647,-0.004432542715,0.03722441569,0.006294651423,-0.004090203904,0.03623982146,0.006291205529,0.09973344952,0.9280198216,-0.0139501011,0.0997839272,0.9280250669,-0.01395580731,0.6622486711,0.5622486472,0.5622486472,0.6622486711
0.19,0.0001420033725,0.001103626296,0.005158257367,5.808809135e-05,0.006004197057,-0.009770991281,1.453944683,0.005914613605,-0.009880837053,1.4539361,-0.0005255876458,0.03644805402,0.007854244672,-0.0001581776887,0.03540739417,0.007848951966,0.09976428747,1.047226191,-0.01394452248,0.09982194006,1.047228813,-0.01395111997,0.6622486711,0.5622486472,0.5622486472,0.6622486711
0.2,0.0001618938645,0.001163641434,0.005455325486,6.287472793e-05,0.006048563402,-0.009415356442,1.454040885,0.005937039386,-0.009531376883,1.454023242,0.004436620511,0.03556349128,0.009617738426,0.004824834876,0.0344665423,0.009610394947,0.09980424494,1.114727259,-0.01394188404,0.0998667106,1.114727974,-0.01394900866,0.6622486711,0.5622486472,0.5622486472,0.6622486711
0.21,0.0001870223687,0.001222602306,0.005531885808,6.496882357e-05,0.006153789815,-0.009069654159,1.454155922,0.006014857441,-0.009191868827,1.454128742,0.01052263007,0.03457029536,0.01150923781,0.0109278895,0.03341685236,0.01149972901,0.09984921664,1.137107849,-0.01394134481,0.09991376847,1.137107015,-0.01394864637,0.6622486711,0.5622486472,0.5622486472,0.6622486711
0.22,0.0002177942804,0.001280643061,0.005415259475,6.466330013e-05,0.006331336685,-0.008734969422,1.454290628,0.006159418263,-0.008863402531,1.454253435,0.01775469445,0.03346838802,0.01346428785,0.01817368902,0.03225828335,0.01345258858,0.09989508986,1.119977832,-0.01394221652,0.09995931387,1.119975686,-0.01394942869,0.6622486711,0.5622486472,0.5622486472,0.6622486711
0.23,0.0002542016808,0.001337906508,0.005128710284,6.191384364e-05,0.006592480931,-0.008412390016,1.454444885,0.006382090971,-0.008547064848,1.454397798,0.02611444704,0.03225801513,0.01542977244,0.026544258,0.0309911035,0.01541594137,0.09993880987,1.068117738,-0.01394384447,0.1000002548,1.068114519,-0.01395073533,0.6622486711,0.5622486472,0.5622486472,0.6622486711
0.24,0.0002959379041,0.001394868295,0.004798656682,5.85906773e-05,0.00694789039,-0.008102983236,1.454617739,0.006693859119,-0.008243937045,1.454561353,0.03554094955,0.03094066493,0.01728976332,0.03598025441,0.02961687744,0.01727377996,0.09997782856,1.001662135,-0.01394549012,0.1000359952,1.001659274,-0.01395191811,0.6122486591,0.6122486591,0.6122486591,0.6122486591
0.25,0.0003426153899,0.001451988875,0.00448176208,5.510767392e-05,0.007407470606,-0.007807804272,1.454807401,0.007104997523,-0.007955078967,1.454742551,0.04595801234,0.0295179002,0.01895797439,0.04640702158,0.02813720144,0.01893971674,0.1000127494,0.9378483891,-0.01394674368,0.100067459,0.9378456473,-0.01395276003,0.6122486591,0.6122486591,0.6122486591,0.6122486591
0.26,0.0003938570342,0.001509246703,0.004177467416,5.190868528e-05,0.00798046682,-0.007527901791,1.455011725,0.007625081111,-0.007681543007,1.454939485,0.05729961023,0.02799022943,0.02043536864,0.05775851756,0.02655259147,0.02041471004,0.1000430807,0.876570344,-0.01394763682,0.100094609,0.8765675426,-0.0139532499,0.6122486591,0.6122486591,0.6122486591,0.6122486591
0.27,0.0004493619298,0.001566622916,0.003885281363,4.935127433e-05,0.0086754933,-0.007264320273,1.455228925,0.008263039403,-0.007424375508,1.455150247,0.06950260699,0.02635813504,0.02172424644,0.06997159868,0.02486353926,0.02170106024,0.1000690982,0.8177258372,-0.01394813135,0.1001181006,0.8177232742,-0.01395339798,0.6122486591,0.6122486591,0.6122486591,0.6122486591
0.28,0.00050883894,0.001624102677,0.003604708442,4.696856306e-05,0.009500559419,-0.007018099539,1.455457211,0.009027183056,-0.007184618618,1.45537293,0.08250663429,0.02462208457,0.02282806486,0.08298588544,0.02307051793,0.02280220389,0.1000914946,0.7612167001,-0.01394836232,0.1001381725,0.7612148523,-0.01395324152,0.6122486591,0.6122486591,0.6122486591,0.6122486591
0.29,0.0005719876372,0.001681673117,0.003335310435,4.436854613e-05,0.010463099,-0.006790274289,1.455694795,0.009925234132,-0.006963310298,1.455605745,0.09625396132,0.02278252132,0.02375121973,0.09674363583,0.0211739745,0.02372257598,0.1001105085,0.706951201,-0.01394828968,0.1001545936,0.7069489956,-0.01395278517,0.6122486591,0.6122486591,0.6122486591,0.6122486591
0.3,0.0006385209735,0.00173932453,0.003076612236,4.209252574e-05,0.01156999264,-0.006581875496,1.45593977,0.01096434891,-0.006761482917,1.455846786,0.1106893867,0.02083986998,0.02449896187,0.1111896485,0.01917433925,0.02446741238,0.1001256332,0.6548377275,-0.01394787058,0.1001674831,0.6548359394,-0.01395201404,0.6122486591,0.6122486591,0.6122486591,0.6122486591
0.31,0.0007081499175,0.001797046725,0.00282819621,3.943805922e-05,0.01282759383,-0.006393930409,1.456190467,0.01215114444,-0.006580165587,1.456094503,0.1257601529,0.01879453845,0.0250772126,0.1262711436,0.0170720201,0.02504262887,0.1001374871,0.604790628,-0.01394716371,0.1001767218,0.6047894359,-0.0139509812,0.6122486591,0.6122486591,0.6122486591,0.6122486591
0.32,0.0007806652126,0.001854830538,0.002589661567,3.715209509e-05,0.01424175221,-0.006227461156,1.456445456,0.01349172089,-0.00642038323,1.456347108,0.1414157748,0.01664691046,0.02549245395,0.1419376433,0.01486740913,0.02545470931,0.1001459286,0.556727767,-0.01394623704,0.1001829132,0.5567270517,-0.01394968666,0.6122486591,0.6122486591,0.6122486591,0.6122486591
0.33,0.0008557834785,0.001912670778,0.002360615524,3.508277715e-05,0.0158178322,-0.006083487533,1.456702948,0.01499168575,-0.006283157039,1.45660305,0.1576080024,0.01439736038,0.02575161494,0.1581408828,0.01256087888,0.02571058273,0.1001511738,0.510569036,-0.01394504122,0.100186117,0.5105689764,-0.01394816674,0.6122486591,0.6122486591,0.6122486591,0.6122486591
0.34,0.0009332842514,0.001970561325,0.002140705742,3.304090489e-05,0.01756073907,-0.005963025149,1.456961513,0.01665617339,-0.00616950402,1.456860781,0.1742906719,0.01204624027,0.02586197481,0.1748346984,0.01015278511,0.02581753768,0.1001530588,0.4662385583,-0.01394356694,0.1001859754,0.4662392139,-0.01394635346,0.6122486591,0.6122486591,0.6122486591,0.6122486591
0.35,0.001012951995,0.002028498159,0.001929543446,3.108508294e-05,0.01947493479,-0.005867086351,1.457219839,0.01848986745,-0.006080438383,1.457118869,0.1914196312,0.009593889117,0.02583108097,0.1919749379,0.007643468678,0.02578312904,0.1001521796,0.4236640036,-0.01394172758,0.1001831442,0.4236649275,-0.01394430082,0.6122486591,0.6122486591,0.6122486591,0.6122486591
0.36,0.001094559803,0.002086469315,0.001726830424,2.94931607e-05,0.02156446129,-0.005796679761,1.457476497,0.02049701847,-0.006016970612,1.457376003,0.2089526504,0.007040632423,0.02566665597,0.2095193416,0.005033257417,0.02561507188,0.1001487374,0.3827741444,-0.01393968798,0.1001780704,0.3827761412,-0.01394202001,0.6122486591,0.6122486591,0.6122486591,0.6122486591
0.37,0.001178168607,0.002143172455,0.001093426896,2.526444821e-05,0.02383322082,-0.005752851721,1.457731724,0.02268155664,-0.005980122369,1.45763123,0.226875931,0.004382830579,0.02552218921,0.2274486125,0.002318301937,0.02546791546,0.101518698,0.277302295,-0.01308368705,0.1015438363,0.2773004472,-0.01308540348,0.7098764181,0.3721863925,0.2875403762,0.7358726263
0.38,0.001262742673,0.002196929804,0.0001358804494,1.388373076e-05,0.0262836609,-0.005736591294,1.457983613,0.02504680492,-0.00597093394,1.457884669,0.2450440377,0.001626040204,0.02518682368,0.2456148267,-0.0004947178531,0.02513127401,0.09459737688,0.07475773245,-0.01181027386,0.09461122751,0.07475695014,-0.01181082707,0.6749028563,0.3389894068,0.2834065259,0.6423280239
0.39,0.001347442797,0.00224440466,0.001661719267,4.618037904e-06,0.02891603671,-0.005748771597,1.458229542,0.0275939405,-0.005990308244,1.458132982,0.2632376254,-0.001218027202,0.02458593994,0.2637985349,-0.003390510567,0.02453072369,0.03664748743,-0.2261370867,-0.01318428852,0.03664376214,-0.2261397839,-0.01318387128,0.8051345944,0.3325698376,0.1498761624,0.6368995309
0.4,0.001430978577,0.002285460004,0.003904532418,3.465080774e-05,0.03172798455,-0.005789715797,1.458468914,0.03032198735,-0.006038853899,1.458375096,0.2811945975,-0.004094436299,0.02394042537,0.2817364037,-0.006314108148,0.0238872245,-0.07640536875,-0.6419591308,-0.01746557094,-0.07643987238,-0.6419568062,-0.01746775582,0.7579030991,0.3116847575,0.2296804488,0.6754416823
0.41,0.001511144184,0.002324126593,0.006477547545,9.151812734e-05,0.03471269086,-0.005858533084,1.458699822,0.03322640061,-0.006116293371,1.458610058,0.298470825,-0.006881739479,0.02309845015,0.2989880443,-0.009147020057,0.02304792777,-0.2070782483,-1.131746054,-0.02251649089,-0.207167387,-1.131729722,-0.02252926305,0.6939015388,0.3465646505,0.2987158895,0.6407532692
0.42,0.001585686864,0.002362475819,0.009169497506,0.000174977162,0.03785840794,-0.005952974316,1.458919764,0.03629783168,-0.006221043412,1.458835244,0.3145715892,-0.009444104508,0.02199473977,0.315061897,-0.01175463945,0.02194658853,-0.3384376168,-1.651871443,-0.02762329206,-0.3386056423,-1.651834965,-0.02765575424,0.6137598753,0.4098614454,0.4198968709,0.6002704501
0.43,0.001652358379,0.002402031132,0.01180134384,0.000283338776,0.04114854336,-0.006069492083,1.459127426,0.03952211142,-0.006350202486,1.459048629,0.3290136755,-0.01165179349,0.02076411992,0.3294773996,-0.01400817186,0.0207172744,-0.4580628276,-2.169012547,-0.0327953659,-0.4583327472,-2.168950558,-0.03285521269,0.5079270601,0.4817500412,0.5533024669,0.5606571436
0.44,0.00170912464,0.002445783678,0.01405108773,0.0004184872823,0.0445619449,-0.006203391589,1.459324479,0.04288033023,-0.006499640644,1.459250212,0.3413400948,-0.01338993572,0.0197054185,0.3417809308,-0.01579519734,0.01965811104,-0.535413444,-2.631171703,-0.03967498615,-0.5358120799,-2.631080151,-0.03976352513,0.3916842043,0.5539749265,0.6766449809,0.5080596805
0.45,0.001754025536,0.00249571346,0.01565664083,0.0005907487311,0.04807325825,-0.006349208765,1.459515572,0.04634927586,-0.006664282642,1.459443331,0.3511311412,-0.01458172407,0.01910599135,0.3515577018,-0.01704020798,0.01905610599,-0.5538051724,-2.981259346,-0.04902993888,-0.5543732643,-2.981137514,-0.04913676903,0.2818439007,0.6157167554,0.7179509401,0.4277757108
0.46,0.001785366938,0.002551049941,0.01649775486,0.0007740304245,0.05165356398,-0.006501227152,1.459704995,0.04990183935,-0.00683853589,1.459632754,0.3580307066,-0.015201848,0.01894386671,0.3584549129,-0.01771679893,0.01888976805,-0.5263924003,-3.18627739,-0.05948536098,-0.5271442533,-3.186130762,-0.05959644914,0.1865202039,0.6503996253,0.7292602658,0.3380923867
0.47,0.001802125351,0.00261037772,0.01657331875,0.0009321583269,0.05527169257,-0.00665393332,1.459894538,0.05350797623,-0.007016776595,1.459821701,0.361812681,-0.01527057588,0.01894641109,0.3622477055,-0.01784377545,0.01888750866,-0.4682725966,-3.238584995,-0.06978013366,-0.4691854715,-3.238426685,-0.06988268346,0.1156953946,0.6625284553,0.7140604854,0.2653931975
0.48,0.001804123138,0.002672066342,0.01596434414,0.001036207714,0.05889589339,-0.006802368909,1.460081816,0.05713620782,-0.007193754427,1.460009813,0.3624202013,-0.01484357007,0.01872849837,0.3628782034,-0.01747533679,0.01866543852,-0.3927431703,-3.150129318,-0.07893563807,-0.3937640786,-3.149973869,-0.07902112603,0.07968841493,0.6585826874,0.6889536381,0.2215096056
0.49,0.001792055711,0.002734797529,0.01479832553,0.001070930447,0.06249552965,-0.006942358334,1.460260987,0.06075532362,-0.007364885882,1.460193038,0.3599638641,-0.01399896294,0.01791859977,0.3604548275,-0.0166885294,0.01785298996,-0.3088307381,-2.944329739,-0.08639421314,-0.3098903,-2.944188118,-0.08645874262,0.07516124845,0.6436738372,0.6601426601,0.2103540897
0.5,0.001767339474,0.002797819794,0.01321158585,0.001035635157,0.0660424307,-0.00707061775,1.46042335,0.06433591247,-0.007526424713,1.460363984,0.3546898961,-0.01282594819,0.01624053344,0.3552208841,-0.01557212602,0.01617454365,-0.2189851552,-2.648728132,-0.09217280895,-0.2200134099,-2.648612499,-0.09221595526,0.09909966588,0.6207486391,0.6304225326,0.2272023708
0.51,0.001731908458,0.002860806535,0.01131772836,0.0009438907379,0.06951176375,-0.007184807211,1.46055913,0.06785146892,-0.007675542962,1.460513234,0.346933037,-0.01141893212,0.01357780583,0.3475086391,-0.0142205013,0.01351372432,-0.1227779165,-2.287210226,-0.09659644216,-0.1237179264,-2.287127972,-0.09661979228,0.1468011886,0.5911558867,0.5845268369,0.2607221305
0.52,0.001688006497,0.002923301067,0.009231892827,0.0008093393449,0.07288256288,-0.007283572108,1.460658312,0.07127910107,-0.007810377982,1.460630894,0.337079972,-0.00987646915,0.009920110926,0.3377029002,-0.0127319973,0.009860038757,-0.02412888221,-1.881419182,-0.09978241473,-0.0249369666,-1.881374717,-0.0997896716,0.2143737674,0.5528110266,0.5064469576,0.2966526151
0.53,0.001638092317,0.002984572198,0.007079882835,0.000645702651,0.07613804191,-0.007366551086,1.460711122,0.07459992915,-0.007930058055,1.460707188,0.325548023,-0.008297903463,0.005284014624,0.3262190819,-0.01120554656,0.00522958301,0.06957023591,-1.454797268,-0.1017256007,0.06892456114,-1.454792261,-0.1017222926,0.2920425236,0.5081620812,0.41880849,0.3334412277
0.54,0.001584687779,0.003043838055,0.004990685437,0.0004711347953,0.07926566154,-0.007434313651,1.460708261,0.07779929787,-0.008034674451,1.460732341,0.3127621412,-0.006776248105,-0.0002933217038,0.313480258,-0.009733776562,-0.0003411113285,0.1506367922,-1.031199813,-0.1024440452,0.1501667202,-1.03123045,-0.1024361923,0.3732970357,0.4625653028,0.3285713792,0.3726141751
0.55,0.001530285127,0.003100379284,0.003094246306,0.0003033750885,0.08225698024,-0.007488222327,1.460640669,0.0808667168,-0.008125184104,1.460697412,0.2991315424,-0.005390905775,-0.006753479596,0.2998939753,-0.008395798504,-0.006794315763,0.2121867985,-0.6331127286,-0.1019609794,0.2118892223,-0.63317132,-0.1019537747,0.4512498081,0.4192457497,0.2462173998,0.413735956
0.56,0.001477171477,0.003153500916,0.001561475605,0.0001608597055,0.08510724455,-0.00753023522,1.460500717,0.08379559219,-0.008203240111,1.46059382,0.2850267291,-0.004201283678,-0.0140045099,0.2858292758,-0.007250762079,-0.01403868943,0.247556448,-0.2814278305,-0.1004501209,0.2474138588,-0.2815022171,-0.1004468352,0.5185175538,0.381043762,0.1785895973,0.4541988075
0.57,0.001427305108,0.003202082298,0.000830211555,7.881534151e-05,0.08781477064,-0.007562641986,1.460281968,0.08658273518,-0.008270961232,1.460414529,0.2707526386,-0.003240647493,-0.02186762169,0.271589458,-0.006331320386,-0.02189600095,0.2452432662,0.000323128741,-0.09874841571,0.2452229112,0.0002470016479,-0.09874989837,0.5699175596,0.3491247594,0.1311378926,0.491897136
0.58,0.001382269335,0.003245411407,0.001098832173,8.68168919e-05,0.0903801769,-0.007587715983,1.459980488,0.08922758698,-0.008330624551,1.460154533,0.2565402687,-0.002507433062,-0.03014617972,0.257404387,-0.005635600071,-0.03016996756,0.1977548152,0.1926229298,-0.09763735533,0.1978174746,0.1925630122,-0.09764192253,0.5974898934,0.3244665265,0.1119372174,0.5259257555
0.59,0.001343244849,0.003284135003,0.001361102202,0.0001100946308,0.09280562401,-0.007607310079,1.459593534,0.09173154831,-0.008384291083,1.459810257,0.2425449491,-0.001959409332,-0.03870264068,0.2434289604,-0.00512226345,-0.03872314468,0.1144158542,0.2872664928,-0.09673910588,0.1145217344,0.2872366905,-0.09674379975,0.599322021,0.3085468411,0.1241471469,0.5547755361
0.6,0.001311219948,0.003319801629,0.001369412913,0.000112200012,0.09509404749,-0.00762252789,1.459118843,0.0940971449,-0.008433437906,1.459379435,0.228842631,-0.001521759317,-0.04746701568,0.2297395319,-0.004718055949,-0.04748544097,0.01507226378,0.2879900336,-0.09500364959,0.01518404484,0.2879993021,-0.09500646591,0.5819573402,0.3059004843,0.1643890291,0.5767654777
0.61,0.001286859962,0.003354241929,0.001257978683,9.615815495e-05,0.09724839777,-0.007633573841,1.458554387,0.09632731974,-0.008478720672,1.458859921,0.2154344618,-0.001104622381,-0.05643938109,0.2163384408,-0.004334709607,-0.05645662919,-0.07922885567,0.2103787512,-0.09138328582,-0.07914409786,0.210424155,-0.0913842842,0.5534756184,0.3212534487,0.227515921,0.5911343098
0.62,0.001270444415,0.003388782863,0.001309627239,7.950253421e-05,0.09927086532,-0.007639789954,1.457898498,0.09842465073,-0.008519912139,1.458249688,0.2022469938,-0.0006216092152,-0.06559661776,0.2031536698,-0.003886805847,-0.06561331451,-0.1548079699,0.07275858521,-0.08544964343,-0.1547730565,0.07283000648,-0.08545048535,0.5221783519,0.3557729721,0.3062835634,0.5982142091
0.63,0.001262065686,0.003424134063,0.001756432694,8.8101099e-05,0.1011623293,-0.007639809046,1.457149744,0.1003906801,-0.008555999957,1.457547188,0.1891465634,-1.897685252e-06,-0.07487291098,0.1900529116,-0.003303859849,-0.07488942891,-0.2066885233,-0.1066982448,-0.0774288699,-0.2067126334,-0.1066135466,-0.07743146271,0.4911065698,0.4075286984,0.3957808316,0.5985523462
0.64,0.001261587439,0.003460799573,0.002483397405,0.0001163676367,0.1029219627,-0.007631756365,1.45630765,0.1022254303,-0.008585363626,1.456751585,0.1759629697,0.0008052776102,-0.08420997858,0.1768675447,-0.002535172272,-0.08422648162,-0.2336742878,-0.3068533242,-0.0677440241,-0.2337525636,-0.3067674041,-0.06774968654,0.4606305063,0.4717843533,0.4908168018,0.5920376182
0.65,0.001268334024,0.003500247843,0.003155043739,0.0001372655095,0.1045467854,-0.007613442838,1.455373764,0.1039270386,-0.008605973795,1.455863118,0.1624828577,0.001831341884,-0.09339218587,0.1633870155,-0.001550073735,-0.09340837598,-0.2269686759,-0.4889365733,-0.05787887052,-0.2270804197,-0.4888573289,-0.05788755789,0.432389468,0.5419441462,0.5843346715,0.5791838765
0.66,0.001281260679,0.003544053248,0.003464111112,0.0001386924505,0.1060315594,-0.007582627237,1.454353452,0.1054914147,-0.00861561764,1.454885244,0.1484767944,0.003081548959,-0.1020227447,0.1493857652,-0.0003439235734,-0.1020376906,-0.1812853813,-0.5992153287,-0.04917016998,-0.1814056337,-0.599146843,-0.04917937145,0.4172545373,0.6092165112,0.6599184275,0.5633640885
0.67,0.001299412491,0.003592722678,0.003240742827,0.0001183426042,0.1073693782,-0.007537370548,1.453255773,0.1069124565,-0.008612206206,1.453825355,0.1337821186,0.00452570105,-0.1097718179,0.1347040534,0.001053303713,-0.1097840294,-0.1043445617,-0.600233078,-0.04153479263,-0.1044484898,-0.6001768708,-0.0415414758,0.4263647795,0.6617346406,0.7028650045,0.5538249016
0.68,0.00132245766,0.003645782724,0.002472949879,8.43559247e-05,0.1085529998,-0.007476379629,1.45209074,0.108183071,-0.008594121784,1.452692986,0.1183620095,0.006099071354,-0.1165079474,0.1193059757,0.002577622887,-0.1165157035,-0.008678339422,-0.4841038883,-0.03432931006,-0.008749216795,-0.4840582311,-0.03433209285,0.4623294175,0.6934441924,0.7101620436,0.5572124124
0.69,0.001350542924,0.003701801545,0.001299421124,4.918809717e-05,0.1095761806,-0.007399270777,1.450868011,0.1092964932,-0.008560526185,1.45149827,0.1023184061,0.007710889913,-0.1222740859,0.1032923758,0.004139515571,-0.1222758219,0.08926562965,-0.2692419291,-0.0265395809,0.08923400193,-0.2692042589,-0.02653992362,0.5225738287,0.705959022,0.6858918071,0.5737171769
0.7,0.00138342032,0.003757858469,0.0004380476672,3.368258774e-05,0.1104346365,-0.007306643296,1.449597239,0.1102474853,-0.008511532098,1.450250745,0.08584564179,0.009262765758,-0.1270736009,0.08685377985,0.005642664619,-0.1270685345,0.1645273119,-0.005926296115,-0.01765223593,0.1645259857,-0.005892664194,-0.01765352115,0.5974608064,0.7030772567,0.6414250731,0.6018413901
0.71,0.001420429305,0.003810815415,0.001349004646,3.566713946e-05,0.1111263782,-0.00719989324,1.448289156,0.1110329032,-0.008448140696,1.448960543,0.06917379797,0.01067497581,-0.1308030933,0.07021547854,0.007009313442,-0.1307914704,0.1931511313,0.2419764549,-0.007992536761,0.1931591481,0.2420109361,-0.007996886037,0.665833056,0.6918621063,0.5986565351,0.6359166503
0.72,0.001460757268,0.003859322456,0.00215622813,3.816579002e-05,0.1116516441,-0.00708078919,1.446955681,0.1116518751,-0.00837193802,1.447638869,0.05252695456,0.01191041991,-0.1333553493,0.05359818786,0.00820278842,-0.1333380938,0.1708954275,0.430473268,0.001773777418,0.1708922088,0.4305107296,0.001767227426,0.7094651461,0.6782317162,0.5770021677,0.6676939726
0.73,0.001504068671,0.003903566769,0.002602039967,4.580264011e-05,0.11201258,-0.006950977258,1.445608616,0.1121055782,-0.008284636773,1.446297765,0.03609332442,0.01298118662,-0.1346978247,0.03718833625,0.009234412573,-0.134676218,0.1092941016,0.539811492,0.01117309742,0.109268412,0.5398489237,0.01116703171,0.7265809178,0.6653871536,0.5797849298,0.6928644776
0.74,0.001550110456,0.003944613722,0.002712721746,5.972402561e-05,0.1122126579,-0.006811575033,1.444259524,0.1123968065,-0.008187624626,1.444949031,0.02000759915,0.0139402533,-0.1349096745,0.02112021111,0.01015588269,-0.1348849535,0.02568252943,0.5685684681,0.0203376282,0.02563221753,0.5686004758,0.02033428475,0.7216975689,0.6576522589,0.6041128635,0.7102255225
0.75,0.00159882644,0.003984784077,0.002613855372,7.128587885e-05,0.1122559085,-0.006662901957,1.442918897,0.11252933,-0.00808162801,1.443603516,0.004325165879,0.01486728806,-0.1340687722,0.005450680852,0.01104485523,-0.1340418011,-0.05573236942,0.5367506146,0.02929270267,-0.05580017716,0.5367726088,0.02929248661,0.7014634013,0.6583438516,0.645065248,0.7188612223
0.76,0.001650228079,0.004026939752,0.002434429629,7.696272767e-05,0.1121462211,-0.006504456047,1.441596866,0.1125071198,-0.007966561243,1.44227159,-0.01096852683,0.01584458165,-0.1322044432,-0.009832069278,0.01198143885,-0.132175535,-0.1095715016,0.4795414805,0.03770546243,-0.1096475422,0.4795532525,0.03770704567,0.6777198911,0.6678036451,0.6907517314,0.7195146084
0.77,0.001704298409,0.004073096036,0.002252946426,8.043994429e-05,0.1118870452,-0.006335161161,1.440303445,0.1123338416,-0.007841641083,1.440963387,-0.02591759898,0.01692948304,-0.1293371469,-0.02476940304,0.01302169636,-0.1293061525,-0.1216503233,0.4310629666,0.0452709049,-0.121730417,0.4310702085,0.04527267441,0.6619849801,0.6836736798,0.727827251,0.7145019174
0.78,0.001760888648,0.004123800358,0.002137688409,8.630225245e-05,0.1114814505,-0.006153785624,1.439048529,0.1120127589,-0.007705716882,1.439688802,-0.04055938125,0.01813756488,-0.1254921108,-0.03939671814,0.01418120041,-0.1254585832,-0.09297329932,0.4143226147,0.05176890641,-0.09305876493,0.4143345654,0.05176984891,0.6596390009,0.7014423609,0.7482537627,0.7062335014
0.79,0.001819815153,0.004178109671,0.002178102491,0.0001019103648,0.1109324768,-0.005959374364,1.437841296,0.1115469187,-0.007557698991,1.43845737,-0.05489739776,0.01944115013,-0.1207179129,-0.05371684581,0.01543346234,-0.1206813604,-0.03776935115,0.4368388951,0.05706835911,-0.03786821291,0.436863631,0.0570679009,0.6707808375,0.7161043286,0.7495408654,0.6970071793
0.8,0.001880706034,0.004234039146,0.002408464113,0.0001267264053,0.1102435738,-0.005751550663,1.436690331,0.1109395698,-0.007396923378,1.437278032,-0.0688905865,0.02078234777,-0.1150992587,-0.06768926233,0.01672250591,-0.1150593609,0.02241555229,0.4914760292,0.06113159284,0.02229552343,0.4915166199,0.06112934649,0.6905732155,0.7242456675,0.7352871299,0.6892819405
0.81,0.001943168517,0.004289331223,0.002744966383,0.0001566610524,0.1094189733,-0.005530597642,1.435602784,0.110194549,-0.007223344408,1.436158657,-0.08245997131,0.02209532447,-0.1087558717,-0.08123636991,0.01798444986,-0.1087126061,0.06659574807,0.5616387129,0.06401084363,0.06644859165,0.5616922975,0.06400679797,0.7115107179,0.7245366573,0.7132879496,0.6848171353
0.82,0.002006767593,0.004342262167,0.003064245103,0.0001830603065,0.1084638983,-0.005297302734,1.434584498,0.1093165874,-0.007037498523,1.435105801,-0.09550741315,0.02332948521,-0.1018309891,-0.09426167607,0.01917001046,-0.1017846242,0.08143159747,0.6284450293,0.06581842154,0.08125830442,0.6285037994,0.06581325829,0.7263749242,0.7174773216,0.6922983527,0.6842298508
0.83,0.002071115375,0.004392413037,0.003298952386,0.0001993301694,0.1073844954,-0.00505264895,1.433639884,0.10831137,-0.006840272807,1.43412447,-0.1079404205,0.02446537651,-0.09445646405,-0.1066738218,0.0202598311,-0.09440739453,0.06696217507,0.6788856387,0.06651841849,0.06677080691,0.6789411902,0.0665134415,0.7307791114,0.7049191594,0.6787913442,0.6868187785
0.84,0.002135939937,0.004440416316,0.00343685771,0.0002061531622,0.1061876193,-0.004797492176,1.432772517,0.107185401,-0.006632587872,1.433218718,-0.1196870953,0.02551567368,-0.08674644679,-0.1184013784,0.02126578055,-0.08669508994,0.03316750005,0.7082846761,0.06611187756,0.03296637908,0.7083297968,0.06610818952,0.7255046964,0.6896373034,0.6736654043,0.6908613443
0.85,0.002201136957,0.004487187168,0.003497758179,0.0002049142499,0.1048806161,-0.004532344174,1.431984425,0.1059457883,-0.006415128242,1.432391286,-0.1307009608,0.02651477046,-0.07880240679,-0.129397735,0.02222133242,-0.07874910533,-0.008891492151,0.718567729,0.06500484049,-0.009093672037,0.718601048,0.06500311196,0.7138802409,0.6745243669,0.6746224761,0.6947089434
0.86,0.002266617088,0.004533679583,0.003507528945,0.0001992238916,0.1034710258,-0.004257276189,1.431277275,0.1045999676,-0.006188184954,1.431644201,-0.1409588754,0.02750679478,-0.07071602345,-0.1396393031,0.02316975035,-0.07066102326,-0.04923914,0.7154786587,0.06378589571,-0.04943713918,0.7155007124,0.06378623843,0.6990361214,0.6609188914,0.6791131496,0.6974956393
0.87,0.002332324688,0.00458052981,0.003474794013,0.0001914042526,0.101966463,-0.003971929196,1.430651784,0.1031555384,-0.005951613188,1.430978417,-0.1504562348,0.02853471972,-0.06255415827,-0.1491211057,0.02415345423,-0.06249762326,-0.08127833158,0.7031969428,0.06274683774,-0.08146933466,0.7032091618,0.06274886429,0.6841979623,0.6491763592,0.6840636134,0.6987168193
0.88,0.002398222721,0.004627987151,0.00340236869,0.0001839252253,0.1003744379,-0.003675598186,1.43010819,0.1016200557,-0.005704880226,1.430394411,-0.1592021435,0.02963310294,-0.05435564741,-0.1578520983,0.02520678565,-0.0542976968,-0.1024619043,0.6839144826,0.06185341999,-0.102645725,0.683919847,0.06185652688,0.6703142524,0.6397575736,0.6882642508,0.6979271173
0.89,0.002464251892,0.004676244618,0.003299497025,0.0001756309243,0.09870229661,-0.003367347876,1.429646611,0.1000009403,-0.005447165109,1.429892421,-0.1672145426,0.03082502447,-0.0461550653,-0.165849939,0.02635270916,-0.04609576613,-0.1114949733,0.6606773734,0.06093678996,-0.1116705388,0.6606805325,0.06094039604,0.6573506594,0.632525146,0.6913917661,0.6947475076
0.9,0.00253036822,0.004725395895,0.003177347027,0.000166073728,0.09695713222,-0.003046142636,1.429266691,0.09830541909,-0.005177480169,1.429472327,-0.1745162755,0.03212053329,-0.0379896909,-0.173137188,0.02760126255,-0.0379290618,-0.1081538349,0.6367102861,0.05981803313,-0.108319819,0.6367145181,0.05982147902,0.6461455226,0.6269640923,0.6922758222,0.6893829703
0.91,0.002596475556,0.004775400042,0.003040957404,0.0001565482976,0.09514581412,-0.002710979199,1.428967714,0.09654048085,-0.004894804675,1.429133534,-0.1811317354,0.03351635486,-0.02989782207,-0.1797381341,0.02894924581,-0.02983588725,-0.09315893799,0.6133647561,0.05847661197,-0.09331525117,0.6133728623,0.05847941339,0.6370663047,0.622631073,0.6902511716,0.6823433042
0.92,0.002662453813,0.004826167179,0.002895816467,0.0001477516245,0.09327495843,-0.002361011226,1.428748608,0.09471286088,-0.004598212428,1.428875208,-0.1870857477,0.03499677405,-0.02191229351,-0.185677588,0.03038104251,-0.02184906229,-0.06752759218,0.5908945799,0.05697314441,-0.06767456234,0.5909096599,0.05697485059,0.6299604177,0.6194240451,0.6854578853,0.6735984683
0.93,0.002728146562,0.004877598475,0.002751681769,0.0001400706624,0.09135092795,-0.001995663391,1.42860806,0.09282904863,-0.004286990967,1.428696156,-0.1924031079,0.03653480113,-0.01406102907,-0.1909802854,0.031869784,-0.01399654429,-0.03256174177,0.5697830319,0.05532905087,-0.03269972652,0.5698071122,0.0553294234,0.6247308254,0.6173201799,0.6780839562,0.6630725861
0.94,0.002793375325,0.004929553768,0.002620661529,0.0001327431668,0.08937984705,-0.001614727196,1.428544283,0.09089529514,-0.003960746806,1.428594828,-0.1971077025,0.03809360787,-0.00636984827,-0.1956700683,0.03337880224,-0.006304151844,0.009968816303,0.5504896641,0.05354908109,0.009840343148,0.5505230427,0.05354795605,0.6213707924,0.6160501838,0.6681885123,0.6510562897
0.95,0.002857915312,0.00498182749,0.002514582911,0.0001277754587,0.08736763149,-0.001218442456,1.428555727,0.08891761303,-0.003619494149,1.428569436,-0.2012218982,0.03962847218,0.001135515049,-0.1997692734,0.03486359864,0.001202347223,0.0577555038,0.5332412124,0.05163822323,0.05763535202,0.5332846045,0.05163553357,0.6196569204,0.6153286695,0.6559937596,0.6378916502
0.96,0.002921554481,0.005034195666,0.002441787475,0.0001239212238,0.08531996608,-0.0008075489895,1.428640008,0.08690180629,-0.00326372101,1.428618073,-0.204766199,0.04108935222,0.008429350331,-0.2032983899,0.03627436981,0.008497224189,0.1080922559,0.5180430412,0.04960209876,0.1079804003,0.5180962086,0.04959785193,0.6191920042,0.6148431897,0.6418771744,0.6238893867
0.97,0.002984047025,0.005086392491,0.002404073254,0.000121804261,0.08324237913,-0.0003833107767,1.428794861,0.08485348523,-0.002894427627,1.428738594,-0.2077591717,0.04242381826,0.01548585761,-0.2062760144,0.03755895421,0.01555463858,0.1580584645,0.5047055483,0.04744728655,0.1579535306,0.5047671199,0.04744144902,0.6194907427,0.6142302752,0.6263481975,0.6094601154
0.98,0.003045168219,0.005138159429,0.002395329164,0.0001201781387,0.08114019781,5.249163587e-05,1.429017663,0.08277807385,-0.002513134852,1.428928375,-0.2102176398,0.0435802415,0.0222791452,-0.2087190002,0.03866598383,0.02234866656,0.2047099322,0.4928797483,0.04518134147,0.2046115696,0.4929484129,0.04517407715,0.6200036407,0.613147974,0.6100178957,0.5950736403
0.99,0.003104689712,0.005189256872,0.002403014572,0.0001181543216,0.07901863009,0.0004976010532,1.429305434,0.08068083972,-0.002121859696,1.429184675,-0.212157011,0.04451094568,0.02878339402,-0.2106427699,0.03954802826,0.02885347605,0.2452811301,0.4821048081,0.04281361774,0.2451892644,0.4821786284,0.04280515015,0.6201728582,0.6112977862,0.593557477,0.5812022686
1,0.003162440638,0.005239461433,0.00241157401,0.0001144167653,0.07688271254,0.0009493522812,1.429655194,0.07856690139,-0.001723062014,1.429504395,-0.2135916799,0.04517512023,0.03497314826,-0.2120617628,0.04016449675,0.03504358977,0.2773706913,0.4718592763,0.04035546258,0.2772857547,0.4719353616,0.0403460823,0.6194887757,0.6084364057,0.5776508451,0.5683105588
1.01,0.003218262705,0.005288605202,0.00240614516,0.0001102132443,0.07473735511,0.001404765528,1.430063367,0.07644124329,-0.001319562434,1.429884434,-0.2145355493,0.04554132372,0.04082376882,-0.2129899561,0.04048410058,0.04089434445,0.299105078,0.4616105556,0.03782038018,0.29902637,0.4616870582,0.0378104113,0.6175239086,0.6043930054,0.5629466176,0.5568287969
1.02,0.003272069923,0.005336584758,0.002375255956,0.0001040547137,0.07258733362,0.001860658871,1.430526495,0.07430869341,-0.0009144400246,1.430321097,-0.2150025964,0.04558933154,0.04631195962,-0.2134413421,0.04048671946,0.04638247192,0.3092588484,0.4508608878,0.03522407636,0.3091873825,0.4509358406,0.03521397337,0.6139694452,0.5990782976,0.5500131249,0.5471146703
1.03,0.003323828072,0.00538334641,0.002312323317,9.726900963e-05,0.07043725997,0.002313771751,1.431040764,0.07217395306,-0.0005109142512,1.430810809,-0.2150072604,0.04531129077,0.05141641945,-0.2134304345,0.040164534,0.05148665607,0.3073388934,0.4391835034,0.03258453682,0.3072736561,0.4392549694,0.03257463872,0.6086478233,0.5924884677,0.5392982364,0.5394328237
1.04,0.003373548217,0.005428918364,0.002216173991,8.923544425e-05,0.06829161197,0.002760892035,1.431601882,0.07004157454,-0.0001122195099,1.431349516,-0.2145649195,0.04471202567,0.05611842498,-0.2129726261,0.03952233493,0.05618818477,0.2936096489,0.4262506068,0.02992122248,0.2935504615,0.4263167381,0.02991192415,0.6015299559,0.5847060084,0.5310966969,0.5339287519
1.05,0.003421326275,0.005473388962,0.002090928426,8.024104137e-05,0.0661546886,0.00319897756,1.432205915,0.06791593879,0.0002785190009,1.431933165,-0.2136921287,0.04380855709,0.06040234864,-0.212084502,0.03857704252,0.06047147512,0.2690705359,0.4118488431,0.02725497819,0.2690177858,0.411908716,0.02724653482,0.5927221179,0.5758959651,0.5255366564,0.5306218266
1.06,0.003467296716,0.005516892165,0.001945438329,7.151303121e-05,0.06403061748,0.003625265788,1.432848454,0.06580126286,0.0006584010553,1.432557464,-0.2124067694,0.04262883589,0.06425607949,-0.2107839733,0.0373564586,0.06432441622,0.2353838682,0.3958852887,0.02460715547,0.2353368104,0.3959386349,0.02459981665,0.5824636817,0.5662975311,0.5225679874,0.5293962955
1.07,0.003511643273,0.00555962602,0.001792243872,6.277041131e-05,0.06192333996,0.004037364386,1.433525205,0.06370157003,0.00102485111,1.433218122,-0.2107281238,0.04120982811,0.06767121702,-0.2090902925,0.0358973518,0.06773863733,0.1947546452,0.3783847988,0.02199914865,0.1947134137,0.3784317374,0.02199307829,0.5711055994,0.5562137365,0.5219751596,0.5300160646
1.08,0.003554590326,0.005601802768,0.001645802273,5.483179181e-05,0.0598365739,0.004433314782,1.434231639,0.06162069738,0.001375696156,1.433910728,-0.2086767554,0.0395950824,0.07064314187,-0.2070240527,0.03424303979,0.07070953399,0.1497789621,0.3594750166,0.01945176162,0.1497430503,0.3595161736,0.01944696903,0.5590884686,0.5459930897,0.5233986974,0.5321435332
1.09,0.003596388365,0.005643667244,0.001519677938,4.745456101e-05,0.05777382851,0.00481163431,1.434963346,0.05956225842,0.001709217788,1.434630871,-0.2062743753,0.03783194721,0.07317084819,-0.2046069205,0.03244062886,0.07323612273,0.1032664403,0.3393680751,0.0169844795,0.1032355279,0.3394038975,0.01698085852,0.5469147563,0.5360141397,0.5263668895,0.5353688598
1.1,0.003637309402,0.005685462263,0.001422716269,4.137444632e-05,0.05573839322,0.005171321332,1.435715914,0.05752965063,0.002024175599,1.435374022,-0.2035435885,0.03596867621,0.07525672019,-0.2018614858,0.0305381231,0.07532078773,0.05805137008,0.3183349967,0.01461507007,0.05802498758,0.318366766,0.01461251639,0.5351203084,0.5266615748,0.53033638,0.5392432213
1.11,0.003677607675,0.005727397156,0.001355572403,3.616645344e-05,0.05373331532,0.005511836614,1.436484933,0.05552604422,0.002319801366,1.436135888,-0.2005075514,0.03405153751,0.07690616697,-0.1988108903,0.02858157642,0.07696897537,0.01680604368,0.2966765761,0.01235927828,0.01678382978,0.2967050672,0.01235760003,0.5242394209,0.5183045268,0.5347388387,0.5433164835
1.12,0.003717549113,0.005769674421,0.001309986707,3.266593262e-05,0.05176141858,0.005833058618,1.437266231,0.053554371,0.002595767146,1.43691206,-0.1971897632,0.03212222084,0.07812727988,-0.1954786032,0.02661247551,0.07818876952,-0.01812924445,0.2746939957,0.01023049466,-0.01814710721,0.2747213244,0.01022943389,0.5147711635,0.5112762451,0.5390235186,0.5471667051
1.13,0.003757359618,0.005812437292,0.001271899173,2.977491634e-05,0.0498252809,0.006135214586,1.438055515,0.0516173318,0.002852127189,1.437698245,-0.1936136782,0.03021557815,0.07893039286,-0.1918880641,0.02466552705,0.0789905265,-0.04489241168,0.25266397,0.008239471354,-0.04490660504,0.2526901364,0.008238829672,0.507150352,0.5058538318,0.5426971912,0.5504279137
1.14,0.00379722467,0.005855797822,0.001226309174,2.87506818e-05,0.04792725667,0.006418793928,1.438848853,0.04971739277,0.003089241683,1.43849051,-0.1898024976,0.02835794166,0.07932778448,-0.1880624443,0.0227669552,0.07938654721,-0.06221111491,0.2308109552,0.006394478492,-0.06222327799,0.2308370024,0.006394027732,0.5017147064,0.5022410154,0.545360446,0.5528103113
1.15,0.003837302169,0.005899805457,0.001161232304,2.841090143e-05,0.0460694693,0.006684454158,1.439642191,0.04785678908,0.003307685954,1.439284682,-0.1857789606,0.02656601183,0.07933335006,-0.1840244532,0.0209334176,0.07939071208,-0.06947278976,0.2092927992,0.004701011814,-0.06948268414,0.2093194276,0.004700553138,0.4986785948,0.5005593896,0.5467329025,0.5541113615
1.16,0.003877687852,0.005944448738,0.001069524563,2.783763656e-05,0.04425381497,0.006932918448,1.440431714,0.04603753611,0.003508151742,1.440077066,-0.1815651655,0.02484643832,0.0789623186,-0.179796204,0.01917157136,0.07901827246,-0.06674666703,0.1881921738,0.003162045032,-0.06675475836,0.1882188022,0.00316141732,0.4981193542,0.5008372068,0.5466699004,0.5542201996
1.17,0.003918477358,0.005989669673,0.0009491668099,2.813293693e-05,0.04248199239,0.007164879236,1.441214085,0.04426142573,0.00369134848,1.440863848,-0.1771825552,0.02319604717,0.07823102921,-0.1753991246,0.01747830771,0.07828556001,-0.05476298928,0.1675162911,0.001777986996,-0.05477008224,0.1675435007,0.001777095837,0.4999625385,0.5030130744,0.5451658368,0.5531184077
1.18,0.003959669009,0.006035366896,0.0008027538847,2.82605808e-05,0.04075547308,0.007380906027,1.441985607,0.04253004491,0.003857908538,1.441641569,-0.1726519018,0.02160270885,0.07715670019,-0.1708539873,0.01584160328,0.07720980048,-0.03485221043,0.1472104937,0.0005469900207,-0.03485857695,0.1472380012,0.0005457805237,0.5039906502,0.5069385171,0.5423516631,0.5508701801
1.19,0.00400126134,0.00608139741,0.0006367560204,2.7902905e-05,0.03907553852,0.007581373677,1.442743182,0.04084477201,0.004008305725,1.442406893,-0.1679933667,0.02004674263,0.07575720549,-0.1661809683,0.01424192265,0.07580889016,-0.008842746727,0.1271774471,-0.0005349344574,-0.008848747239,0.1272046566,-0.0005364203826,0.5098525286,0.5123867989,0.5384781957,0.5476207137
