rollout,total_transitions,wall_s,collect_gpu_s,update_gpu_s,policy_loss,value_loss,ratio,success,collision,timeout,mean_arrival_s
0,0,0,0,0,0,0,1,0.875,0.125,0,5.2286
50,204800,2.60564,0.03821,0.0061615,-0.000238822,0.392102,0.999341,0.851562,0.132812,0.015625,7.72072
100,409600,5.05437,0.0336735,0.0060865,-0.00248324,0.354794,0.999,0.867188,0.125,0.0078125,6.50276
150,614400,7.41872,0.0365799,0.00614212,-0.0016675,0.611338,1.00172,0.851562,0.148438,0,5.54086
200,819200,9.90969,0.0326665,0.00618242,-0.00140469,0.563774,0.998686,0.867188,0.125,0.0078125,5.6658
250,1024000,12.2427,0.035077,0.00608988,-0.000968496,0.382927,1.00007,0.859375,0.140625,0,5.5064
300,1228800,14.6833,0.0279517,0.00616508,-0.00015687,0.44769,0.999377,0.84375,0.148438,0.0078125,5.98014
350,1433600,17.0292,0.032166,0.006103,-0.00184195,0.238689,1.00119,0.867188,0.132812,0,5.35093
400,1638400,19.4399,0.0483319,0.00620142,-0.00209473,0.827059,0.997878,0.851562,0.148438,0,4.50322
450,1843200,21.802,0.0402007,0.00619417,0.00118131,0.25547,0.997535,0.867188,0.132812,0,4.7802
500,2048000,24.1484,0.04176,0.00608704,0.000669715,0.455227,0.998997,0.867188,0.132812,0,4.78245
550,2252800,26.6284,0.0391123,0.00612354,-0.001394,0.279424,0.999881,0.882812,0.117188,0,5.46994
600,2457600,29.089,0.0316148,0.00612083,0.000505806,0.493274,0.998555,0.859375,0.140625,0,5.57958
650,2662400,31.5146,0.0313588,0.00617908,-0.000706294,0.369349,1.00156,0.882812,0.117188,0,5.34605
700,2867200,33.9388,0.0340365,0.00619825,2.51142e-05,0.62475,1.00019,0.867188,0.132812,0,4.83695
750,3072000,36.4155,0.042584,0.00623092,-0.000862737,0.557918,1.00029,0.835938,0.140625,0.0234375,4.66263
800,3276800,38.9437,0.0365139,0.00618167,7.66465e-05,0.657494,1.00117,0.859375,0.132812,0.0078125,5.21139
850,3481600,41.3884,0.0329428,0.00618825,-0.000250822,0.155924,1.00211,0.804688,0.117188,0.078125,5.18401
900,3686400,43.8056,0.0371492,0.0061665,0.00424127,0.327447,1.00048,0.828125,0.117188,0.0546875,5.45616
950,3891200,46.2259,0.0394076,0.00613383,-0.000362792,0.420813,1.00055,0.851562,0.148438,0,4.75644
1000,4096000,48.6702,0.0456641,0.00612496,-0.00147415,0.513771,0.998948,0.867188,0.132812,0,4.96308
