checkpoint_sha256,vehicle_geometry_sha256,contact_kernel_sha256,profile,audit_scope,environment,world_family,world_seed,saved_steps,elapsed_s,position_x_m,position_y_m,position_z_m,orientation_w,orientation_x,orientation_y,orientation_z,declared_mechanical_contact,declared_model_clearance_m,declared_model_safety_margin_m,declared_model_safety_clearance_m,declared_safety_margin_violation,geometry_ambiguous,historical_018m_sphere_safety_clearance_m
bb6e83096abeee16a9eae2f5adcee411b9fd2e7422b5d02047acb040f41c9fac,cfe41dda5fc79e7aebd26ba0e798bae5d1e05a580281d13f16bbc0cb1b9f4c66,98e7d0750b46673b925cf4fc8ee614fa2e669fa6469351aeb06bff811cce0ad0,l2f_declared_7_piece_v1,checkpoint_saved_state,0,0,2167917520,19,0.949999392,-0.0917287171,1.12291455,1.36711586,0.876294971,-0.0404485241,-0.0151603259,-0.479834557,0,1.35649014,0.0399999991,1.31649017,0,0,1.18711591
bb6e83096abeee16a9eae2f5adcee411b9fd2e7422b5d02047acb040f41c9fac,cfe41dda5fc79e7aebd26ba0e798bae5d1e05a580281d13f16bbc0cb1b9f4c66,98e7d0750b46673b925cf4fc8ee614fa2e669fa6469351aeb06bff811cce0ad0,l2f_declared_7_piece_v1,checkpoint_saved_state,1,0,573159390,91,4.55000925,0.43832022,-3.34256744,1.8980217,0.680953383,0.0921786949,0.0783388168,0.722266316,0,1.60529184,0.0399999991,1.56529188,0,0,1.47743249
bb6e83096abeee16a9eae2f5adcee411b9fd2e7422b5d02047acb040f41c9fac,cfe41dda5fc79e7aebd26ba0e798bae5d1e05a580281d13f16bbc0cb1b9f4c66,98e7d0750b46673b925cf4fc8ee614fa2e669fa6469351aeb06bff811cce0ad0,l2f_declared_7_piece_v1,checkpoint_saved_state,2,0,1422703645,65,3.24999738,1.69160843,-3.85972476,2.84148264,0.657291353,-0.102570854,0.0227884836,0.746276081,0,1.08689857,0.0399999991,1.0468986,0,0,0.960275233
bb6e83096abeee16a9eae2f5adcee411b9fd2e7422b5d02047acb040f41c9fac,cfe41dda5fc79e7aebd26ba0e798bae5d1e05a580281d13f16bbc0cb1b9f4c66,98e7d0750b46673b925cf4fc8ee614fa2e669fa6469351aeb06bff811cce0ad0,l2f_declared_7_piece_v1,checkpoint_saved_state,3,0,3243751149,87,4.35000467,1.98755348,-2.75462794,4.20701981,0.981840968,-0.0144467168,-0.0126396548,0.188732415,0,0.78441,0.0399999991,0.744409978,0,0,0.612980187
bb6e83096abeee16a9eae2f5adcee411b9fd2e7422b5d02047acb040f41c9fac,cfe41dda5fc79e7aebd26ba0e798bae5d1e05a580281d13f16bbc0cb1b9f4c66,98e7d0750b46673b925cf4fc8ee614fa2e669fa6469351aeb06bff811cce0ad0,l2f_declared_7_piece_v1,checkpoint_saved_state,4,0,529474831,24,1.19999921,0.886275053,0.715770662,2.90128493,0.944083512,0.0479234308,-0.0518296659,-0.322061181,0,2.08605886,0.0399999991,2.04605889,0,0,1.918715
bb6e83096abeee16a9eae2f5adcee411b9fd2e7422b5d02047acb040f41c9fac,cfe41dda5fc79e7aebd26ba0e798bae5d1e05a580281d13f16bbc0cb1b9f4c66,98e7d0750b46673b925cf4fc8ee614fa2e669fa6469351aeb06bff811cce0ad0,l2f_declared_7_piece_v1,checkpoint_saved_state,5,0,3847132941,7,0.349999934,0.972918808,0.252519578,1.81437552,0.37823537,-0.0892125815,0.0870534405,-0.917279005,0,1.79784298,0.0399999991,1.75784302,0,0,1.63437557
bb6e83096abeee16a9eae2f5adcee411b9fd2e7422b5d02047acb040f41c9fac,cfe41dda5fc79e7aebd26ba0e798bae5d1e05a580281d13f16bbc0cb1b9f4c66,98e7d0750b46673b925cf4fc8ee614fa2e669fa6469351aeb06bff811cce0ad0,l2f_declared_7_piece_v1,checkpoint_saved_state,6,0,4116624819,87,4.35000467,-0.771035373,-2.43026996,1.42713404,0.607820988,-0.0568964817,0.0193719119,0.791796267,0,1.1723386,0.0399999991,1.13233864,0,0,1.0489645
bb6e83096abeee16a9eae2f5adcee411b9fd2e7422b5d02047acb040f41c9fac,cfe41dda5fc79e7aebd26ba0e798bae5d1e05a580281d13f16bbc0cb1b9f4c66,98e7d0750b46673b925cf4fc8ee614fa2e669fa6469351aeb06bff811cce0ad0,l2f_declared_7_piece_v1,checkpoint_saved_state,7,0,271297292,16,0.799999535,-0.212831408,-1.0181551,2.41332817,0.98015964,-0.0866155475,0.0439093336,-0.172791347,0,1.72927117,0.0399999991,1.68927121,0,0,1.60716867
bb6e83096abeee16a9eae2f5adcee411b9fd2e7422b5d02047acb040f41c9fac,cfe41dda5fc79e7aebd26ba0e798bae5d1e05a580281d13f16bbc0cb1b9f4c66,98e7d0750b46673b925cf4fc8ee614fa2e669fa6469351aeb06bff811cce0ad0,l2f_declared_7_piece_v1,checkpoint_saved_state,8,0,4244080335,48,2.39999819,2.2538321,0.840579629,3.03813815,0.971920907,0.0236547347,0.0640747175,-0.225176916,0,1.9503572,0.0399999991,1.91035724,0,0,1.78186178
bb6e83096abeee16a9eae2f5adcee411b9fd2e7422b5d02047acb040f41c9fac,cfe41dda5fc79e7aebd26ba0e798bae5d1e05a580281d13f16bbc0cb1b9f4c66,98e7d0750b46673b925cf4fc8ee614fa2e669fa6469351aeb06bff811cce0ad0,l2f_declared_7_piece_v1,checkpoint_saved_state,9,0,1798822484,40,1.99999845,2.60776997,0.0112973815,2.19883084,0.980017781,0.0501168594,-0.0388780348,-0.188525796,0,2.18678141,0.0399999991,2.14678144,0,0,2.01883078
bb6e83096abeee16a9eae2f5adcee411b9fd2e7422b5d02047acb040f41c9fac,cfe41dda5fc79e7aebd26ba0e798bae5d1e05a580281d13f16bbc0cb1b9f4c66,98e7d0750b46673b925cf4fc8ee614fa2e669fa6469351aeb06bff811cce0ad0,l2f_declared_7_piece_v1,checkpoint_saved_state,10,0,1231520357,90,4.50000811,4.64450359,-0.678358853,1.91188323,0.296314418,-0.170283705,0.0390328169,0.938976943,0,1.89329827,0.0399999991,1.85329831,0,0,1.73188329
bb6e83096abeee16a9eae2f5adcee411b9fd2e7422b5d02047acb040f41c9fac,cfe41dda5fc79e7aebd26ba0e798bae5d1e05a580281d13f16bbc0cb1b9f4c66,98e7d0750b46673b925cf4fc8ee614fa2e669fa6469351aeb06bff811cce0ad0,l2f_declared_7_piece_v1,checkpoint_saved_state,11,0,333893251,100,5.00001955,4.02291775,-0.0951315165,2.10030985,0.987305045,-0.134022772,-0.0629637092,0.0574663803,0,2.08219266,0.0399999991,2.0421927,0,0,1.92030978
bb6e83096abeee16a9eae2f5adcee411b9fd2e7422b5d02047acb040f41c9fac,cfe41dda5fc79e7aebd26ba0e798bae5d1e05a580281d13f16bbc0cb1b9f4c66,98e7d0750b46673b925cf4fc8ee614fa2e669fa6469351aeb06bff811cce0ad0,l2f_declared_7_piece_v1,checkpoint_saved_state,12,0,1916284067,0,0,-0.981484294,-0.108278275,1.62973309,0.855150402,0,0,-0.518379807,0,0.958239555,0.0399999991,0.918239534,0,0,0.838515699
bb6e83096abeee16a9eae2f5adcee411b9fd2e7422b5d02047acb040f41c9fac,cfe41dda5fc79e7aebd26ba0e798bae5d1e05a580281d13f16bbc0cb1b9f4c66,98e7d0750b46673b925cf4fc8ee614fa2e669fa6469351aeb06bff811cce0ad0,l2f_declared_7_piece_v1,checkpoint_saved_state,13,0,3069133052,39,1.9499985,1.01982474,2.05038595,1.39091098,0.12949416,0.120510906,0.0394618176,0.983438432,0,1.37406695,0.0399999991,1.33406699,0,0,1.21091104
bb6e83096abeee16a9eae2f5adcee411b9fd2e7422b5d02047acb040f41c9fac,cfe41dda5fc79e7aebd26ba0e798bae5d1e05a580281d13f16bbc0cb1b9f4c66,98e7d0750b46673b925cf4fc8ee614fa2e669fa6469351aeb06bff811cce0ad0,l2f_declared_7_piece_v1,checkpoint_saved_state,14,0,3252135753,85,4.25000238,5.03631353,-2.72684836,2.81040549,0.00397539651,-0.0108877085,0.016927816,0.999789536,0,2.18093014,0.0399999991,2.14093018,0,0,2.00959444
bb6e83096abeee16a9eae2f5adcee411b9fd2e7422b5d02047acb040f41c9fac,cfe41dda5fc79e7aebd26ba0e798bae5d1e05a580281d13f16bbc0cb1b9f4c66,98e7d0750b46673b925cf4fc8ee614fa2e669fa6469351aeb06bff811cce0ad0,l2f_declared_7_piece_v1,checkpoint_saved_state,15,0,896765958,44,2.19999838,-0.417258561,1.46616697,2.28847766,0.311643809,0.0506085604,-0.10592816,0.942918956,0,1.52106261,0.0399999991,1.48106265,0,0,1.40274143
bb6e83096abeee16a9eae2f5adcee411b9fd2e7422b5d02047acb040f41c9fac,cfe41dda5fc79e7aebd26ba0e798bae5d1e05a580281d13f16bbc0cb1b9f4c66,98e7d0750b46673b925cf4fc8ee614fa2e669fa6469351aeb06bff811cce0ad0,l2f_declared_7_piece_v1,checkpoint_saved_state,16,0,2767548466,56,2.79999781,3.30674529,0.670014024,1.62217927,0.340742588,0.0137043176,-0.0512770005,-0.938657224,0,1.61177409,0.0399999991,1.57177413,0,0,1.4421792
bb6e83096abeee16a9eae2f5adcee411b9fd2e7422b5d02047acb040f41c9fac,cfe41dda5fc79e7aebd26ba0e798bae5d1e05a580281d13f16bbc0cb1b9f4c66,98e7d0750b46673b925cf4fc8ee614fa2e669fa6469351aeb06bff811cce0ad0,l2f_declared_7_piece_v1,checkpoint_saved_state,17,0,235127266,57,2.84999776,3.38872313,-1.29516959,3.495579,0.745734751,-0.0303643718,0.168903202,0.643762052,0,1.48337317,0.0399999991,1.4433732,0,0,1.32442093
bb6e83096abeee16a9eae2f5adcee411b9fd2e7422b5d02047acb040f41c9fac,cfe41dda5fc79e7aebd26ba0e798bae5d1e05a580281d13f16bbc0cb1b9f4c66,98e7d0750b46673b925cf4fc8ee614fa2e669fa6469351aeb06bff811cce0ad0,l2f_declared_7_piece_v1,checkpoint_saved_state,18,0,3074185766,116,5.80003786,-0.281904131,-2.20099115,2.75222135,0.509574354,0.139191464,0.226108462,0.818434358,0,1.66390228,0.0399999991,1.62390232,0,0,1.53809595
bb6e83096abeee16a9eae2f5adcee411b9fd2e7422b5d02047acb040f41c9fac,cfe41dda5fc79e7aebd26ba0e798bae5d1e05a580281d13f16bbc0cb1b9f4c66,98e7d0750b46673b925cf4fc8ee614fa2e669fa6469351aeb06bff811cce0ad0,l2f_declared_7_piece_v1,checkpoint_saved_state,19,0,2069876266,41,2.04999852,0.386767298,2.04438186,2.2202065,0.301044226,-0.0224569049,0.0844724625,-0.949595988,0,2.20784855,0.0399999991,2.16784859,0,0,2.04020643
bb6e83096abeee16a9eae2f5adcee411b9fd2e7422b5d02047acb040f41c9fac,cfe41dda5fc79e7aebd26ba0e798bae5d1e05a580281d13f16bbc0cb1b9f4c66,98e7d0750b46673b925cf4fc8ee614fa2e669fa6469351aeb06bff811cce0ad0,l2f_declared_7_piece_v1,checkpoint_saved_state,20,0,281801653,30,1.49999893,0.0320884176,-0.111070439,2.77027965,0.834659636,-0.0980342701,0.0886940062,0.534664452,0,1.97255921,0.0399999991,1.93255925,0,0,1.85208845
bb6e83096abeee16a9eae2f5adcee411b9fd2e7422b5d02047acb040f41c9fac,cfe41dda5fc79e7aebd26ba0e798bae5d1e05a580281d13f16bbc0cb1b9f4c66,98e7d0750b46673b925cf4fc8ee614fa2e669fa6469351aeb06bff811cce0ad0,l2f_declared_7_piece_v1,checkpoint_saved_state,21,0,3714614154,93,4.65001154,2.36010003,1.50980413,1.49187434,-0.152472362,0.0988419876,0.0202034358,0.983145118,0,1.47871387,0.0399999991,1.43871391,0,0,1.31187439
bb6e83096abeee16a9eae2f5adcee411b9fd2e7422b5d02047acb040f41c9fac,cfe41dda5fc79e7aebd26ba0e798bae5d1e05a580281d13f16bbc0cb1b9f4c66,98e7d0750b46673b925cf4fc8ee614fa2e669fa6469351aeb06bff811cce0ad0,l2f_declared_7_piece_v1,checkpoint_saved_state,22,0,3148947172,51,2.54999804,3.07592511,-1.62806129,2.09637237,0.742650151,-0.0625297129,0.019376114,0.666472375,0,2.08405709,0.0399999991,2.04405713,0,0,1.9163723
bb6e83096abeee16a9eae2f5adcee411b9fd2e7422b5d02047acb040f41c9fac,cfe41dda5fc79e7aebd26ba0e798bae5d1e05a580281d13f16bbc0cb1b9f4c66,98e7d0750b46673b925cf4fc8ee614fa2e669fa6469351aeb06bff811cce0ad0,l2f_declared_7_piece_v1,checkpoint_saved_state,23,0,1455881495,6,0.299999982,-0.947586536,0.346426845,2.2964592,0.287763327,-0.00276606483,0.0302923825,0.957218409,0,0.991116643,0.0399999991,0.951116621,0,0,0.872413456
bb6e83096abeee16a9eae2f5adcee411b9fd2e7422b5d02047acb040f41c9fac,cfe41dda5fc79e7aebd26ba0e798bae5d1e05a580281d13f16bbc0cb1b9f4c66,98e7d0750b46673b925cf4fc8ee614fa2e669fa6469351aeb06bff811cce0ad0,l2f_declared_7_piece_v1,checkpoint_saved_state,24,0,162973910,7,0.349999934,0.841250062,1.43906045,1.5305177,0.96319592,0.168232143,0.0226910263,0.208414912,0,1.51243973,0.0399999991,1.47243977,0,0,1.35051775
bb6e83096abeee16a9eae2f5adcee411b9fd2e7422b5d02047acb040f41c9fac,cfe41dda5fc79e7aebd26ba0e798bae5d1e05a580281d13f16bbc0cb1b9f4c66,98e7d0750b46673b925cf4fc8ee614fa2e669fa6469351aeb06bff811cce0ad0,l2f_declared_7_piece_v1,checkpoint_saved_state,25,0,3179240706,5,0.25000003,0.445362031,1.13147914,1.14974415,0.973848522,-0.00945521146,0.203422129,-0.100743212,0,1.12761009,0.0399999991,1.08761013,0,0,0.969744146
bb6e83096abeee16a9eae2f5adcee411b9fd2e7422b5d02047acb040f41c9fac,cfe41dda5fc79e7aebd26ba0e798bae5d1e05a580281d13f16bbc0cb1b9f4c66,98e7d0750b46673b925cf4fc8ee614fa2e669fa6469351aeb06bff811cce0ad0,l2f_declared_7_piece_v1,checkpoint_saved_state,26,0,885205467,1,0.049999997,0.759495676,0.0810616165,1.7004149,0.783838749,-0.00919024274,-0.00607182318,-0.620866716,0,1.69258261,0.0399999991,1.65258265,0,0,1.52041483
bb6e83096abeee16a9eae2f5adcee411b9fd2e7422b5d02047acb040f41c9fac,cfe41dda5fc79e7aebd26ba0e798bae5d1e05a580281d13f16bbc0cb1b9f4c66,98e7d0750b46673b925cf4fc8ee614fa2e669fa6469351aeb06bff811cce0ad0,l2f_declared_7_piece_v1,checkpoint_saved_state,27,0,2673104568,6,0.299999982,0.985134304,-1.21369708,1.01721156,0.273878187,-0.0348921604,0.122757435,0.953259647,0,0.99997884,0.0399999991,0.959978819,0,0,0.837211549
bb6e83096abeee16a9eae2f5adcee411b9fd2e7422b5d02047acb040f41c9fac,cfe41dda5fc79e7aebd26ba0e798bae5d1e05a580281d13f16bbc0cb1b9f4c66,98e7d0750b46673b925cf4fc8ee614fa2e669fa6469351aeb06bff811cce0ad0,l2f_declared_7_piece_v1,checkpoint_saved_state,28,0,3836825,12,0.599999726,0.0929234773,1.63327932,2.01993227,0.484446734,-0.0318306759,0.0109661575,0.874172807,0,2.01060987,0.0399999991,1.9706099,0,0,1.8399322
bb6e83096abeee16a9eae2f5adcee411b9fd2e7422b5d02047acb040f41c9fac,cfe41dda5fc79e7aebd26ba0e798bae5d1e05a580281d13f16bbc0cb1b9f4c66,98e7d0750b46673b925cf4fc8ee614fa2e669fa6469351aeb06bff811cce0ad0,l2f_declared_7_piece_v1,checkpoint_saved_state,29,0,3355230433,10,0.499999791,0.693342805,-0.0140631571,1.23849058,0.952508748,-0.0542827882,-0.0498544909,-0.295457453,0,1.22553658,0.0399999991,1.18553662,0,0,1.05849051
bb6e83096abeee16a9eae2f5adcee411b9fd2e7422b5d02047acb040f41c9fac,cfe41dda5fc79e7aebd26ba0e798bae5d1e05a580281d13f16bbc0cb1b9f4c66,98e7d0750b46673b925cf4fc8ee614fa2e669fa6469351aeb06bff811cce0ad0,l2f_declared_7_piece_v1,checkpoint_saved_state,30,0,3425599701,22,1.09999931,0.129674107,0.00131751038,2.28317595,0.93102479,0.0322567821,-0.0712931603,0.356468201,0,2.06794167,0.0399999991,2.0279417,0,0,1.94967413
bb6e83096abeee16a9eae2f5adcee411b9fd2e7422b5d02047acb040f41c9fac,cfe41dda5fc79e7aebd26ba0e798bae5d1e05a580281d13f16bbc0cb1b9f4c66,98e7d0750b46673b925cf4fc8ee614fa2e669fa6469351aeb06bff811cce0ad0,l2f_declared_7_piece_v1,checkpoint_saved_state,31,0,4201615291,13,0.649999678,0.225656748,-0.891538203,2.24793816,0.651045024,0.0347448289,0.0783497617,-0.754184723,0,2.17131448,0.0399999991,2.13131452,0,0,2.04565668
bb6e83096abeee16a9eae2f5adcee411b9fd2e7422b5d02047acb040f41c9fac,cfe41dda5fc79e7aebd26ba0e798bae5d1e05a580281d13f16bbc0cb1b9f4c66,98e7d0750b46673b925cf4fc8ee614fa2e669fa6469351aeb06bff811cce0ad0,l2f_declared_7_piece_v1,checkpoint_saved_state,32,0,1652193529,65,3.24999738,2.12530208,2.28910208,2.01375723,0.834529638,-0.0010981001,-0.128141388,-0.535853505,0,1.99647069,0.0399999991,1.95647073,0,0,1.83375716
bb6e83096abeee16a9eae2f5adcee411b9fd2e7422b5d02047acb040f41c9fac,cfe41dda5fc79e7aebd26ba0e798bae5d1e05a580281d13f16bbc0cb1b9f4c66,98e7d0750b46673b925cf4fc8ee614fa2e669fa6469351aeb06bff811cce0ad0,l2f_declared_7_piece_v1,checkpoint_saved_state,33,0,3838010622,64,3.19999743,2.08487463,-0.242830575,2.51764321,0.383952141,-0.10011597,-0.0146294199,0.917792737,0,2.46721196,0.0399999991,2.427212,0,0,2.30235672
bb6e83096abeee16a9eae2f5adcee411b9fd2e7422b5d02047acb040f41c9fac,cfe41dda5fc79e7aebd26ba0e798bae5d1e05a580281d13f16bbc0cb1b9f4c66,98e7d0750b46673b925cf4fc8ee614fa2e669fa6469351aeb06bff811cce0ad0,l2f_declared_7_piece_v1,checkpoint_saved_state,34,0,2148914139,25,1.24999917,-0.279733986,-0.737970948,2.32371092,0.247416228,0.0225999672,0.0193676166,-0.968452096,0,1.65977597,0.0399999991,1.61977601,0,0,1.54026604
bb6e83096abeee16a9eae2f5adcee411b9fd2e7422b5d02047acb040f41c9fac,cfe41dda5fc79e7aebd26ba0e798bae5d1e05a580281d13f16bbc0cb1b9f4c66,98e7d0750b46673b925cf4fc8ee614fa2e669fa6469351aeb06bff811cce0ad0,l2f_declared_7_piece_v1,checkpoint_saved_state,35,0,1243028709,0,0,0.107727408,-0.111618519,2.38765454,0.707764566,0,0,0.706448376,0,2.0571754,0.0399999991,2.01717544,0,0,1.92772746
bb6e83096abeee16a9eae2f5adcee411b9fd2e7422b5d02047acb040f41c9fac,cfe41dda5fc79e7aebd26ba0e798bae5d1e05a580281d13f16bbc0cb1b9f4c66,98e7d0750b46673b925cf4fc8ee614fa2e669fa6469351aeb06bff811cce0ad0,l2f_declared_7_piece_v1,checkpoint_saved_state,36,0,3446639703,47,2.34999824,2.93173313,1.41835713,3.36980748,-0.00715065468,0.0645768344,0.0455415696,0.996847391,0,1.61670184,0.0399999991,1.57670188,0,0,1.45019245
bb6e83096abeee16a9eae2f5adcee411b9fd2e7422b5d02047acb040f41c9fac,cfe41dda5fc79e7aebd26ba0e798bae5d1e05a580281d13f16bbc0cb1b9f4c66,98e7d0750b46673b925cf4fc8ee614fa2e669fa6469351aeb06bff811cce0ad0,l2f_declared_7_piece_v1,checkpoint_saved_state,37,0,3413587745,84,4.20000124,3.17793989,-2.98380876,2.13564539,0.16830501,0.00543963304,0.032557413,0.985182166,0,1.95805407,0.0399999991,1.9180541,0,0,1.83619118
bb6e83096abeee16a9eae2f5adcee411b9fd2e7422b5d02047acb040f41c9fac,cfe41dda5fc79e7aebd26ba0e798bae5d1e05a580281d13f16bbc0cb1b9f4c66,98e7d0750b46673b925cf4fc8ee614fa2e669fa6469351aeb06bff811cce0ad0,l2f_declared_7_piece_v1,checkpoint_saved_state,38,0,3798934762,52,2.599998,-0.189372957,2.4434123,3.08644867,0.250877321,0.0255097039,-0.00771000702,-0.967652023,0,1.75010967,0.0399999991,1.71010971,0,0,1.63062692
bb6e83096abeee16a9eae2f5adcee411b9fd2e7422b5d02047acb040f41c9fac,cfe41dda5fc79e7aebd26ba0e798bae5d1e05a580281d13f16bbc0cb1b9f4c66,98e7d0750b46673b925cf4fc8ee614fa2e669fa6469351aeb06bff811cce0ad0,l2f_declared_7_piece_v1,checkpoint_saved_state,39,0,2113797968,73,3.649997,0.161584437,3.0063839,2.05026889,0.688767254,-0.065195471,-0.140765086,0.708191037,0,1.94304323,0.0399999991,1.90304327,0,0,1.81361604
bb6e83096abeee16a9eae2f5adcee411b9fd2e7422b5d02047acb040f41c9fac,cfe41dda5fc79e7aebd26ba0e798bae5d1e05a580281d13f16bbc0cb1b9f4c66,98e7d0750b46673b925cf4fc8ee614fa2e669fa6469351aeb06bff811cce0ad0,l2f_declared_7_piece_v1,checkpoint_saved_state,40,0,1246223868,65,3.24999738,1.18882167,-1.53284431,2.2661078,0.935584128,-0.0707085207,-0.0168632716,0.345540613,0,2.25434351,0.0399999991,2.21434355,0,0,2.08610773
bb6e83096abeee16a9eae2f5adcee411b9fd2e7422b5d02047acb040f41c9fac,cfe41dda5fc79e7aebd26ba0e798bae5d1e05a580281d13f16bbc0cb1b9f4c66,98e7d0750b46673b925cf4fc8ee614fa2e669fa6469351aeb06bff811cce0ad0,l2f_declared_7_piece_v1,checkpoint_saved_state,41,0,3945791528,35,1.74999869,0.194724306,1.20304549,1.70974016,0.372062951,0.108883552,-0.0497416295,-0.920456052,0,1.69286001,0.0399999991,1.65286005,0,0,1.5297401
bb6e83096abeee16a9eae2f5adcee411b9fd2e7422b5d02047acb040f41c9fac,cfe41dda5fc79e7aebd26ba0e798bae5d1e05a580281d13f16bbc0cb1b9f4c66,98e7d0750b46673b925cf4fc8ee614fa2e669fa6469351aeb06bff811cce0ad0,l2f_declared_7_piece_v1,checkpoint_saved_state,42,0,2035425809,33,1.64999878,1.64183819,2.04926181,2.32617378,0.328242481,-0.0379627943,0.0537031144,0.942301273,0,2.31374168,0.0399999991,2.27374172,0,0,2.14617372
bb6e83096abeee16a9eae2f5adcee411b9fd2e7422b5d02047acb040f41c9fac,cfe41dda5fc79e7aebd26ba0e798bae5d1e05a580281d13f16bbc0cb1b9f4c66,98e7d0750b46673b925cf4fc8ee614fa2e669fa6469351aeb06bff811cce0ad0,l2f_declared_7_piece_v1,checkpoint_saved_state,43,0,4285516743,78,3.89999676,2.16797066,-2.77931643,3.4485817,0.997711658,0.0172160957,0.0653488114,-0.00212828838,0,1.53954577,0.0399999991,1.49954581,0,0,1.37141824
bb6e83096abeee16a9eae2f5adcee411b9fd2e7422b5d02047acb040f41c9fac,cfe41dda5fc79e7aebd26ba0e798bae5d1e05a580281d13f16bbc0cb1b9f4c66,98e7d0750b46673b925cf4fc8ee614fa2e669fa6469351aeb06bff811cce0ad0,l2f_declared_7_piece_v1,checkpoint_saved_state,44,0,306520285,52,2.599998,1.55218625,-1.24050045,2.52811837,-0.0077046873,0.00537333451,-0.0791715235,-0.996816814,0,2.45987916,0.0399999991,2.4198792,0,0,2.29188156
bb6e83096abeee16a9eae2f5adcee411b9fd2e7422b5d02047acb040f41c9fac,cfe41dda5fc79e7aebd26ba0e798bae5d1e05a580281d13f16bbc0cb1b9f4c66,98e7d0750b46673b925cf4fc8ee614fa2e669fa6469351aeb06bff811cce0ad0,l2f_declared_7_piece_v1,checkpoint_saved_state,45,0,725352009,52,2.599998,1.53471541,-3.19709468,4.05453587,0.608586788,-0.093599692,-0.0228187367,0.787617028,0,0.930508137,0.0399999991,0.890508115,0,0,0.765464127
bb6e83096abeee16a9eae2f5adcee411b9fd2e7422b5d02047acb040f41c9fac,cfe41dda5fc79e7aebd26ba0e798bae5d1e05a580281d13f16bbc0cb1b9f4c66,98e7d0750b46673b925cf4fc8ee614fa2e669fa6469351aeb06bff811cce0ad0,l2f_declared_7_piece_v1,checkpoint_saved_state,46,0,3597453590,2,0.0999999866,0.954594433,-1.04522622,1.69088054,0.844292402,0.0844643712,-0.00903438032,0.529107392,0,1.67685056,0.0399999991,1.6368506,0,0,1.51088047
bb6e83096abeee16a9eae2f5adcee411b9fd2e7422b5d02047acb040f41c9fac,cfe41dda5fc79e7aebd26ba0e798bae5d1e05a580281d13f16bbc0cb1b9f4c66,98e7d0750b46673b925cf4fc8ee614fa2e669fa6469351aeb06bff811cce0ad0,l2f_declared_7_piece_v1,checkpoint_saved_state,47,0,2536646903,79,3.94999671,4.50359201,-1.46220374,2.82782388,0.232343197,0.0212741066,-0.160472676,0.959068596,0,2.15294147,0.0399999991,2.1129415,0,0,1.99217606
bb6e83096abeee16a9eae2f5adcee411b9fd2e7422b5d02047acb040f41c9fac,cfe41dda5fc79e7aebd26ba0e798bae5d1e05a580281d13f16bbc0cb1b9f4c66,98e7d0750b46673b925cf4fc8ee614fa2e669fa6469351aeb06bff811cce0ad0,l2f_declared_7_piece_v1,checkpoint_saved_state,48,0,2022406572,12,0.599999726,0.0908945501,-0.470676363,1.33587646,0.993763804,-0.0917937532,0.0620228946,0.0126728425,0,1.31985426,0.0399999991,1.2798543,0,0,1.1558764
bb6e83096abeee16a9eae2f5adcee411b9fd2e7422b5d02047acb040f41c9fac,cfe41dda5fc79e7aebd26ba0e798bae5d1e05a580281d13f16bbc0cb1b9f4c66,98e7d0750b46673b925cf4fc8ee614fa2e669fa6469351aeb06bff811cce0ad0,l2f_declared_7_piece_v1,checkpoint_saved_state,49,0,2586053260,34,1.69999874,1.66725469,-1.41797435,1.26505601,0.244242415,0.0168290194,-0.0324021392,0.969026566,0,1.25498414,0.0399999991,1.21498418,0,0,1.08505607
bb6e83096abeee16a9eae2f5adcee411b9fd2e7422b5d02047acb040f41c9fac,cfe41dda5fc79e7aebd26ba0e798bae5d1e05a580281d13f16bbc0cb1b9f4c66,98e7d0750b46673b925cf4fc8ee614fa2e669fa6469351aeb06bff811cce0ad0,l2f_declared_7_piece_v1,checkpoint_saved_state,50,0,2269490036,28,1.39999902,-0.0641973242,-1.29787123,1.72793472,0.705993533,-0.0322444737,0.00492142653,0.707466781,0,1.71821547,0.0399999991,1.6782155,0,0,1.54793477
bb6e83096abeee16a9eae2f5adcee411b9fd2e7422b5d02047acb040f41c9fac,cfe41dda5fc79e7aebd26ba0e798bae5d1e05a580281d13f16bbc0cb1b9f4c66,98e7d0750b46673b925cf4fc8ee614fa2e669fa6469351aeb06bff811cce0ad0,l2f_declared_7_piece_v1,checkpoint_saved_state,51,0,959577447,67,3.34999728,0.239953145,-0.651949286,3.46765137,0.923176825,-0.00320190983,0.00467024511,-0.384333909,0,1.52487922,0.0399999991,1.48487926,0,0,1.35234857
bb6e83096abeee16a9eae2f5adcee411b9fd2e7422b5d02047acb040f41c9fac,cfe41dda5fc79e7aebd26ba0e798bae5d1e05a580281d13f16bbc0cb1b9f4c66,98e7d0750b46673b925cf4fc8ee614fa2e669fa6469351aeb06bff811cce0ad0,l2f_declared_7_piece_v1,checkpoint_saved_state,52,0,2649539737,58,2.89999771,3.55125833,1.99356079,2.75753236,0.381678224,-0.0244611017,-0.0443584621,-0.92290616,0,2.23123717,0.0399999991,2.19123721,0,0,2.06246758
bb6e83096abeee16a9eae2f5adcee411b9fd2e7422b5d02047acb040f41c9fac,cfe41dda5fc79e7aebd26ba0e798bae5d1e05a580281d13f16bbc0cb1b9f4c66,98e7d0750b46673b925cf4fc8ee614fa2e669fa6469351aeb06bff811cce0ad0,l2f_declared_7_piece_v1,checkpoint_saved_state,53,0,2577804094,34,1.69999874,0.19333829,-0.148651779,2.7272172,0.986612618,-0.0511827357,0.0670260265,-0.139583483,0,2.13683057,0.0399999991,2.09683061,0,0,2.01333833
bb6e83096abeee16a9eae2f5adcee411b9fd2e7422b5d02047acb040f41c9fac,cfe41dda5fc79e7aebd26ba0e798bae5d1e05a580281d13f16bbc0cb1b9f4c66,98e7d0750b46673b925cf4fc8ee614fa2e669fa6469351aeb06bff811cce0ad0,l2f_declared_7_piece_v1,checkpoint_saved_state,54,0,2217127659,66,3.29999733,1.70017803,-3.15662313,2.2645483,0.298674792,-0.0783727095,-0.138020828,0.941063941,0,1.78300309,0.0399999991,1.74300313,0,0,1.66337681
bb6e83096abeee16a9eae2f5adcee411b9fd2e7422b5d02047acb040f41c9fac,cfe41dda5fc79e7aebd26ba0e798bae5d1e05a580281d13f16bbc0cb1b9f4c66,98e7d0750b46673b925cf4fc8ee614fa2e669fa6469351aeb06bff811cce0ad0,l2f_declared_7_piece_v1,checkpoint_saved_state,55,0,1000242149,99,4.95001841,2.52950478,-1.03172541,1.41463113,0.152309254,0.0569551364,-0.07329496,0.983964384,0,1.39991271,0.0399999991,1.35991275,0,0,1.23463106
bb6e83096abeee16a9eae2f5adcee411b9fd2e7422b5d02047acb040f41c9fac,cfe41dda5fc79e7aebd26ba0e798bae5d1e05a580281d13f16bbc0cb1b9f4c66,98e7d0750b46673b925cf4fc8ee614fa2e669fa6469351aeb06bff811cce0ad0,l2f_declared_7_piece_v1,checkpoint_saved_state,56,0,1174995057,32,1.59999883,0.69244206,0.54799813,2.03095698,0.386473328,-0.0862770155,-0.015755862,-0.918121219,0,2.01781392,0.0399999991,1.97781396,0,0,1.85095692
bb6e83096abeee16a9eae2f5adcee411b9fd2e7422b5d02047acb040f41c9fac,cfe41dda5fc79e7aebd26ba0e798bae5d1e05a580281d13f16bbc0cb1b9f4c66,98e7d0750b46673b925cf4fc8ee614fa2e669fa6469351aeb06bff811cce0ad0,l2f_declared_7_piece_v1,checkpoint_saved_state,57,0,4094780456,7,0.349999934,0.399965197,-0.834871769,2.06143785,0.968377829,-0.016603522,0.0620867461,0.241068259,0,2.05058146,0.0399999991,2.01058149,0,0,1.88143778
bb6e83096abeee16a9eae2f5adcee411b9fd2e7422b5d02047acb040f41c9fac,cfe41dda5fc79e7aebd26ba0e798bae5d1e05a580281d13f16bbc0cb1b9f4c66,98e7d0750b46673b925cf4fc8ee614fa2e669fa6469351aeb06bff811cce0ad0,l2f_declared_7_piece_v1,checkpoint_saved_state,58,0,3107691579,66,3.29999733,3.83525872,1.13198495,2.63981867,0.571666777,-0.0208114646,-0.238741234,0.784708023,0,2.33138323,0.0399999991,2.29138327,0,0,2.18018126
bb6e83096abeee16a9eae2f5adcee411b9fd2e7422b5d02047acb040f41c9fac,cfe41dda5fc79e7aebd26ba0e798bae5d1e05a580281d13f16bbc0cb1b9f4c66,98e7d0750b46673b925cf4fc8ee614fa2e669fa6469351aeb06bff811cce0ad0,l2f_declared_7_piece_v1,checkpoint_saved_state,59,0,3128840813,74,3.69999695,4.38126707,-0.816909552,1.73540056,0.861492515,0.0392138436,0.146276385,0.484660923,0,1.71602035,0.0399999991,1.67602038,0,0,1.55540061
bb6e83096abeee16a9eae2f5adcee411b9fd2e7422b5d02047acb040f41c9fac,cfe41dda5fc79e7aebd26ba0e798bae5d1e05a580281d13f16bbc0cb1b9f4c66,98e7d0750b46673b925cf4fc8ee614fa2e669fa6469351aeb06bff811cce0ad0,l2f_declared_7_piece_v1,checkpoint_saved_state,60,0,106364018,44,2.19999838,1.98373282,-2.66050887,3.46625018,0.825006008,0.0140127623,0.0800764486,0.55924648,0,1.51996803,0.0399999991,1.47996807,0,0,1.35374975
bb6e83096abeee16a9eae2f5adcee411b9fd2e7422b5d02047acb040f41c9fac,cfe41dda5fc79e7aebd26ba0e798bae5d1e05a580281d13f16bbc0cb1b9f4c66,98e7d0750b46673b925cf4fc8ee614fa2e669fa6469351aeb06bff811cce0ad0,l2f_declared_7_piece_v1,checkpoint_saved_state,61,0,33756992,8,0.399999887,-0.544296861,-1.53892291,2.16206813,0.786881804,-0.16845645,0.00465984689,-0.593647897,0,1.39920974,0.0399999991,1.35920978,0,0,1.27570319
bb6e83096abeee16a9eae2f5adcee411b9fd2e7422b5d02047acb040f41c9fac,cfe41dda5fc79e7aebd26ba0e798bae5d1e05a580281d13f16bbc0cb1b9f4c66,98e7d0750b46673b925cf4fc8ee614fa2e669fa6469351aeb06bff811cce0ad0,l2f_declared_7_piece_v1,checkpoint_saved_state,62,0,1686105600,8,0.399999887,1.14705729,0.492896765,2.12956429,0.786071539,-0.0102423476,-0.00563624362,-0.618025005,0,2.1216464,0.0399999991,2.08164644,0,0,1.94956422
bb6e83096abeee16a9eae2f5adcee411b9fd2e7422b5d02047acb040f41c9fac,cfe41dda5fc79e7aebd26ba0e798bae5d1e05a580281d13f16bbc0cb1b9f4c66,98e7d0750b46673b925cf4fc8ee614fa2e669fa6469351aeb06bff811cce0ad0,l2f_declared_7_piece_v1,checkpoint_saved_state,63,0,1035218494,25,1.24999917,2.32745504,-0.833254397,2.91288543,0.950821519,-0.000341461971,-0.0062054568,0.309677154,0,2.07963276,0.0399999991,2.0396328,0,0,1.90711451
bb6e83096abeee16a9eae2f5adcee411b9fd2e7422b5d02047acb040f41c9fac,cfe41dda5fc79e7aebd26ba0e798bae5d1e05a580281d13f16bbc0cb1b9f4c66,98e7d0750b46673b925cf4fc8ee614fa2e669fa6469351aeb06bff811cce0ad0,l2f_declared_7_piece_v1,checkpoint_saved_state,64,0,2733121380,34,1.69999874,0.594358623,0.0637889728,1.49742591,0.352792621,0.000103747007,-0.0410020687,0.934802771,0,1.48727822,0.0399999991,1.44727826,0,0,1.31742597
bb6e83096abeee16a9eae2f5adcee411b9fd2e7422b5d02047acb040f41c9fac,cfe41dda5fc79e7aebd26ba0e798bae5d1e05a580281d13f16bbc0cb1b9f4c66,98e7d0750b46673b925cf4fc8ee614fa2e669fa6469351aeb06bff811cce0ad0,l2f_declared_7_piece_v1,checkpoint_saved_state,65,0,272792153,6,0.299999982,0.614952445,-0.409402937,1.92226636,0.608881533,0.126277953,-0.0503399596,0.781526148,0,1.90551186,0.0399999991,1.86551189,0,0,1.74226642
bb6e83096abeee16a9eae2f5adcee411b9fd2e7422b5d02047acb040f41c9fac,cfe41dda5fc79e7aebd26ba0e798bae5d1e05a580281d13f16bbc0cb1b9f4c66,98e7d0750b46673b925cf4fc8ee614fa2e669fa6469351aeb06bff811cce0ad0,l2f_declared_7_piece_v1,checkpoint_saved_state,66,0,1785544896,121,6.05004358,-0.70352006,3.04112053,2.51506448,0.773559749,-0.0461403504,-0.070223704,-0.628128171,0,1.24096262,0.0399999991,1.20096266,0,0,1.11647987
bb6e83096abeee16a9eae2f5adcee411b9fd2e7422b5d02047acb040f41c9fac,cfe41dda5fc79e7aebd26ba0e798bae5d1e05a580281d13f16bbc0cb1b9f4c66,98e7d0750b46673b925cf4fc8ee614fa2e669fa6469351aeb06bff811cce0ad0,l2f_declared_7_piece_v1,checkpoint_saved_state,67,0,3139856164,52,2.599998,0.51486963,0.536362469,2.86852193,0.653797507,-0.0840810984,-0.00873595104,-0.751932859,0,2.11753774,0.0399999991,2.07753778,0,0,1.951478
bb6e83096abeee16a9eae2f5adcee411b9fd2e7422b5d02047acb040f41c9fac,cfe41dda5fc79e7aebd26ba0e798bae5d1e05a580281d13f16bbc0cb1b9f4c66,98e7d0750b46673b925cf4fc8ee614fa2e669fa6469351aeb06bff811cce0ad0,l2f_declared_7_piece_v1,checkpoint_saved_state,68,0,1973718842,62,3.09999752,3.86631298,1.65450978,0.874253809,0.692515016,-0.025780743,-0.154275686,0.704242408,0,0.854685307,0.0399999991,0.814685285,0,0,0.694253802
bb6e83096abeee16a9eae2f5adcee411b9fd2e7422b5d02047acb040f41c9fac,cfe41dda5fc79e7aebd26ba0e798bae5d1e05a580281d13f16bbc0cb1b9f4c66,98e7d0750b46673b925cf4fc8ee614fa2e669fa6469351aeb06bff811cce0ad0,l2f_declared_7_piece_v1,checkpoint_saved_state,69,0,790791993,95,4.75001383,-0.763396621,-2.42394614,2.65274715,0.918874323,-0.0283093937,-0.040304359,0.391464025,0,1.17475271,0.0399999991,1.13475275,0,0,1.05660343
bb6e83096abeee16a9eae2f5adcee411b9fd2e7422b5d02047acb040f41c9fac,cfe41dda5fc79e7aebd26ba0e798bae5d1e05a580281d13f16bbc0cb1b9f4c66,98e7d0750b46673b925cf4fc8ee614fa2e669fa6469351aeb06bff811cce0ad0,l2f_declared_7_piece_v1,checkpoint_saved_state,70,0,1698242126,82,4.09999895,3.05164933,-0.944912016,2.27649093,0.241158992,-0.186566532,-0.193191364,0.93258369,0,2.24467826,0.0399999991,2.2046783,0,0,2.09649086
bb6e83096abeee16a9eae2f5adcee411b9fd2e7422b5d02047acb040f41c9fac,cfe41dda5fc79e7aebd26ba0e798bae5d1e05a580281d13f16bbc0cb1b9f4c66,98e7d0750b46673b925cf4fc8ee614fa2e669fa6469351aeb06bff811cce0ad0,l2f_declared_7_piece_v1,checkpoint_saved_state,71,0,3437327578,101,5.05002069,-0.739234269,-1.89531791,2.40454125,0.940687537,0.186396047,0.0666734725,0.275532365,0,1.20142674,0.0399999991,1.16142678,0,0,1.08076572
bb6e83096abeee16a9eae2f5adcee411b9fd2e7422b5d02047acb040f41c9fac,cfe41dda5fc79e7aebd26ba0e798bae5d1e05a580281d13f16bbc0cb1b9f4c66,98e7d0750b46673b925cf4fc8ee614fa2e669fa6469351aeb06bff811cce0ad0,l2f_declared_7_piece_v1,checkpoint_saved_state,72,0,4281660512,47,2.34999824,0.0209449604,-1.43895161,1.49682963,0.964908421,-0.121305287,-0.0106092626,-0.232646272,0,1.48085487,0.0399999991,1.44085491,0,0,1.31682968
bb6e83096abeee16a9eae2f5adcee411b9fd2e7422b5d02047acb040f41c9fac,cfe41dda5fc79e7aebd26ba0e798bae5d1e05a580281d13f16bbc0cb1b9f4c66,98e7d0750b46673b925cf4fc8ee614fa2e669fa6469351aeb06bff811cce0ad0,l2f_declared_7_piece_v1,checkpoint_saved_state,73,0,1719618795,37,1.84999859,1.41076255,-1.21951652,2.6868763,0.808829784,-0.0052223755,0.0972015634,0.579930127,0,2.29822874,0.0399999991,2.25822878,0,0,2.13312364
bb6e83096abeee16a9eae2f5adcee411b9fd2e7422b5d02047acb040f41c9fac,cfe41dda5fc79e7aebd26ba0e798bae5d1e05a580281d13f16bbc0cb1b9f4c66,98e7d0750b46673b925cf4fc8ee614fa2e669fa6469351aeb06bff811cce0ad0,l2f_declared_7_piece_v1,checkpoint_saved_state,74,0,3086871547,24,1.19999921,1.47627938,-1.0371989,2.03750873,-0.0365842618,0.0126250964,0.0613617599,0.997364998,0,2.02602911,0.0399999991,1.98602915,0,0,1.85750866
bb6e83096abeee16a9eae2f5adcee411b9fd2e7422b5d02047acb040f41c9fac,cfe41dda5fc79e7aebd26ba0e798bae5d1e05a580281d13f16bbc0cb1b9f4c66,98e7d0750b46673b925cf4fc8ee614fa2e669fa6469351aeb06bff811cce0ad0,l2f_declared_7_piece_v1,checkpoint_saved_state,75,0,2993149688,6,0.299999982,0.752680123,-1.66504109,2.08341742,0.295392394,-0.12662819,0.11763566,-0.939611912,0,2.06228518,0.0399999991,2.02228522,0,0,1.90341735
bb6e83096abeee16a9eae2f5adcee411b9fd2e7422b5d02047acb040f41c9fac,cfe41dda5fc79e7aebd26ba0e798bae5d1e05a580281d13f16bbc0cb1b9f4c66,98e7d0750b46673b925cf4fc8ee614fa2e669fa6469351aeb06bff811cce0ad0,l2f_declared_7_piece_v1,checkpoint_saved_state,76,0,2862462320,32,1.59999883,1.88153183,-1.25352263,2.93956995,0.635315359,-0.0195406321,-0.0210532434,-0.771718502,0,2.05150437,0.0399999991,2.01150441,0,0,1.88042998
bb6e83096abeee16a9eae2f5adcee411b9fd2e7422b5d02047acb040f41c9fac,cfe41dda5fc79e7aebd26ba0e798bae5d1e05a580281d13f16bbc0cb1b9f4c66,98e7d0750b46673b925cf4fc8ee614fa2e669fa6469351aeb06bff811cce0ad0,l2f_declared_7_piece_v1,checkpoint_saved_state,77,0,3463793487,48,2.39999819,1.87050748,-0.225296929,1.71596563,0.937135339,0.0655458197,-0.00847534835,-0.342650473,0,1.70429599,0.0399999991,1.66429603,0,0,1.53596568
bb6e83096abeee16a9eae2f5adcee411b9fd2e7422b5d02047acb040f41c9fac,cfe41dda5fc79e7aebd26ba0e798bae5d1e05a580281d13f16bbc0cb1b9f4c66,98e7d0750b46673b925cf4fc8ee614fa2e669fa6469351aeb06bff811cce0ad0,l2f_declared_7_piece_v1,checkpoint_saved_state,78,0,4103946527,40,1.99999845,0.638719678,-0.999296546,2.76292562,0.403303415,-0.0520323403,-0.0619357266,0.911484003,0,2.22417283,0.0399999991,2.18417287,0,0,2.05707431
bb6e83096abeee16a9eae2f5adcee411b9fd2e7422b5d02047acb040f41c9fac,cfe41dda5fc79e7aebd26ba0e798bae5d1e05a580281d13f16bbc0cb1b9f4c66,98e7d0750b46673b925cf4fc8ee614fa2e669fa6469351aeb06bff811cce0ad0,l2f_declared_7_piece_v1,checkpoint_saved_state,79,0,1666262521,57,2.84999776,1.00871849,2.9944005,2.74150634,0.991101027,0.068143934,0.0743100494,0.086909093,0,1.95078278,0.0399999991,1.91078281,0,0,1.82559943
bb6e83096abeee16a9eae2f5adcee411b9fd2e7422b5d02047acb040f41c9fac,cfe41dda5fc79e7aebd26ba0e798bae5d1e05a580281d13f16bbc0cb1b9f4c66,98e7d0750b46673b925cf4fc8ee614fa2e669fa6469351aeb06bff811cce0ad0,l2f_declared_7_piece_v1,checkpoint_saved_state,80,0,3438914920,37,1.84999859,1.49312532,-1.13527262,3.15113926,0.333630264,0.034561988,-0.0633623153,0.939937055,0,1.8358345,0.0399999991,1.79583454,0,0,1.66886067
bb6e83096abeee16a9eae2f5adcee411b9fd2e7422b5d02047acb040f41c9fac,cfe41dda5fc79e7aebd26ba0e798bae5d1e05a580281d13f16bbc0cb1b9f4c66,98e7d0750b46673b925cf4fc8ee614fa2e669fa6469351aeb06bff811cce0ad0,l2f_declared_7_piece_v1,checkpoint_saved_state,81,0,3591983386,67,3.34999728,2.67493987,-1.35147595,2.72162104,0.749136031,0.0421115607,0.130868986,0.647993207,0,2.26041746,0.0399999991,2.2204175,0,0,2.0983789
bb6e83096abeee16a9eae2f5adcee411b9fd2e7422b5d02047acb040f41c9fac,cfe41dda5fc79e7aebd26ba0e798bae5d1e05a580281d13f16bbc0cb1b9f4c66,98e7d0750b46673b925cf4fc8ee614fa2e669fa6469351aeb06bff811cce0ad0,l2f_declared_7_piece_v1,checkpoint_saved_state,82,0,80876227,123,6.15004587,3.28622818,-1.62320137,1.87393928,0.33528772,0.0376375318,-0.0977140293,0.936278522,0,1.85828066,0.0399999991,1.8182807,0,0,1.69393921
bb6e83096abeee16a9eae2f5adcee411b9fd2e7422b5d02047acb040f41c9fac,cfe41dda5fc79e7aebd26ba0e798bae5d1e05a580281d13f16bbc0cb1b9f4c66,98e7d0750b46673b925cf4fc8ee614fa2e669fa6469351aeb06bff811cce0ad0,l2f_declared_7_piece_v1,checkpoint_saved_state,83,0,1118057158,92,4.6000104,4.89860153,-2.36652946,0.479783714,-0.000735995709,-0.0110322479,-0.11611513,0.993174255,0,0.465392768,0.0399999991,0.425392777,0,0,0.299783707
bb6e83096abeee16a9eae2f5adcee411b9fd2e7422b5d02047acb040f41c9fac,cfe41dda5fc79e7aebd26ba0e798bae5d1e05a580281d13f16bbc0cb1b9f4c66,98e7d0750b46673b925cf4fc8ee614fa2e669fa6469351aeb06bff811cce0ad0,l2f_declared_7_piece_v1,checkpoint_saved_state,84,0,3786512132,60,2.99999762,1.64617968,-3.26550126,2.9770124,0.759721696,-0.0879804641,-0.132127628,0.630575001,0,1.67921662,0.0399999991,1.63921666,0,0,1.55449867
bb6e83096abeee16a9eae2f5adcee411b9fd2e7422b5d02047acb040f41c9fac,cfe41dda5fc79e7aebd26ba0e798bae5d1e05a580281d13f16bbc0cb1b9f4c66,98e7d0750b46673b925cf4fc8ee614fa2e669fa6469351aeb06bff811cce0ad0,l2f_declared_7_piece_v1,checkpoint_saved_state,85,0,1162737383,8,0.399999887,0.556883454,-1.80195963,1.86546576,0.353650242,0.0117449416,-0.0611857064,0.933300555,0,1.853387,0.0399999991,1.81338704,0,0,1.68546581
bb6e83096abeee16a9eae2f5adcee411b9fd2e7422b5d02047acb040f41c9fac,cfe41dda5fc79e7aebd26ba0e798bae5d1e05a580281d13f16bbc0cb1b9f4c66,98e7d0750b46673b925cf4fc8ee614fa2e669fa6469351aeb06bff811cce0ad0,l2f_declared_7_piece_v1,checkpoint_saved_state,86,0,2839338289,73,3.649997,-0.317269892,1.70969975,2.02642941,0.91289109,-0.0621587075,0.0386408381,0.401588202,0,1.62067509,0.0399999991,1.58067513,0,0,1.50273013
bb6e83096abeee16a9eae2f5adcee411b9fd2e7422b5d02047acb040f41c9fac,cfe41dda5fc79e7aebd26ba0e798bae5d1e05a580281d13f16bbc0cb1b9f4c66,98e7d0750b46673b925cf4fc8ee614fa2e669fa6469351aeb06bff811cce0ad0,l2f_declared_7_piece_v1,checkpoint_saved_state,87,0,535083290,46,2.29999828,2.53260732,-1.94509149,1.73095989,0.752128065,-0.0134666096,-0.019509688,-0.658590496,0,1.72239196,0.0399999991,1.682392,0,0,1.55095983
bb6e83096abeee16a9eae2f5adcee411b9fd2e7422b5d02047acb040f41c9fac,cfe41dda5fc79e7aebd26ba0e798bae5d1e05a580281d13f16bbc0cb1b9f4c66,98e7d0750b46673b925cf4fc8ee614fa2e669fa6469351aeb06bff811cce0ad0,l2f_declared_7_piece_v1,checkpoint_saved_state,88,0,2387880507,49,2.44999814,2.5323925,-0.191066697,2.19757819,0.419917285,0.014202999,0.0210395791,0.90720737,0,2.1888411,0.0399999991,2.14884114,0,0,2.01757812
bb6e83096abeee16a9eae2f5adcee411b9fd2e7422b5d02047acb040f41c9fac,cfe41dda5fc79e7aebd26ba0e798bae5d1e05a580281d13f16bbc0cb1b9f4c66,98e7d0750b46673b925cf4fc8ee614fa2e669fa6469351aeb06bff811cce0ad0,l2f_declared_7_piece_v1,checkpoint_saved_state,89,0,1901466225,23,1.14999926,0.639451444,-0.742854238,2.06657696,0.996519387,-0.0249770731,0.0527696609,0.0595038049,0,2.05507541,0.0399999991,2.01507545,0,0,1.88657689
bb6e83096abeee16a9eae2f5adcee411b9fd2e7422b5d02047acb040f41c9fac,cfe41dda5fc79e7aebd26ba0e798bae5d1e05a580281d13f16bbc0cb1b9f4c66,98e7d0750b46673b925cf4fc8ee614fa2e669fa6469351aeb06bff811cce0ad0,l2f_declared_7_piece_v1,checkpoint_saved_state,90,0,706950856,30,1.49999893,-0.571659625,-2.04653597,2.16415596,0.866264522,-0.100347817,-0.0232337732,0.488852203,0,1.36781645,0.0399999991,1.32781649,0,0,1.24834037
bb6e83096abeee16a9eae2f5adcee411b9fd2e7422b5d02047acb040f41c9fac,cfe41dda5fc79e7aebd26ba0e798bae5d1e05a580281d13f16bbc0cb1b9f4c66,98e7d0750b46673b925cf4fc8ee614fa2e669fa6469351aeb06bff811cce0ad0,l2f_declared_7_piece_v1,checkpoint_saved_state,91,0,763568967,61,3.04999757,0.147262126,1.02873802,1.31787419,0.844404817,0.0484672487,-0.0283988435,-0.532752216,0,1.30744457,0.0399999991,1.26744461,0,0,1.13787413
bb6e83096abeee16a9eae2f5adcee411b9fd2e7422b5d02047acb040f41c9fac,cfe41dda5fc79e7aebd26ba0e798bae5d1e05a580281d13f16bbc0cb1b9f4c66,98e7d0750b46673b925cf4fc8ee614fa2e669fa6469351aeb06bff811cce0ad0,l2f_declared_7_piece_v1,checkpoint_saved_state,92,0,4159030959,9,0.449999839,-0.416505784,0.732919395,2.5238905,0.843928039,-0.0548839159,-0.0358231887,-0.532437682,0,1.52366745,0.0399999991,1.48366749,0,0,1.40349412
bb6e83096abeee16a9eae2f5adcee411b9fd2e7422b5d02047acb040f41c9fac,cfe41dda5fc79e7aebd26ba0e798bae5d1e05a580281d13f16bbc0cb1b9f4c66,98e7d0750b46673b925cf4fc8ee614fa2e669fa6469351aeb06bff811cce0ad0,l2f_declared_7_piece_v1,checkpoint_saved_state,93,0,2680870585,67,3.34999728,2.87349772,1.92344773,1.69411862,0.144199863,0.0709265769,0.00346395001,0.986997366,0,1.68220019,0.0399999991,1.64220023,0,0,1.51411867
bb6e83096abeee16a9eae2f5adcee411b9fd2e7422b5d02047acb040f41c9fac,cfe41dda5fc79e7aebd26ba0e798bae5d1e05a580281d13f16bbc0cb1b9f4c66,98e7d0750b46673b925cf4fc8ee614fa2e669fa6469351aeb06bff811cce0ad0,l2f_declared_7_piece_v1,checkpoint_saved_state,94,0,703297501,64,3.19999743,0.51959306,2.57435298,3.22432947,0.229419738,-0.0117188795,-0.0490983985,0.972017825,0,1.76567388,0.0399999991,1.72567391,0,0,1.59567046
bb6e83096abeee16a9eae2f5adcee411b9fd2e7422b5d02047acb040f41c9fac,cfe41dda5fc79e7aebd26ba0e798bae5d1e05a580281d13f16bbc0cb1b9f4c66,98e7d0750b46673b925cf4fc8ee614fa2e669fa6469351aeb06bff811cce0ad0,l2f_declared_7_piece_v1,checkpoint_saved_state,95,0,675482085,38,1.89999855,2.16563725,-2.47355914,2.23091149,0.703348577,0.00811052881,-0.00176895713,0.710796714,0,2.22322512,0.0399999991,2.18322515,0,0,2.05091143
bb6e83096abeee16a9eae2f5adcee411b9fd2e7422b5d02047acb040f41c9fac,cfe41dda5fc79e7aebd26ba0e798bae5d1e05a580281d13f16bbc0cb1b9f4c66,98e7d0750b46673b925cf4fc8ee614fa2e669fa6469351aeb06bff811cce0ad0,l2f_declared_7_piece_v1,checkpoint_saved_state,96,0,1508857398,35,1.74999869,2.15466356,1.94435954,2.6675899,0.799377859,0.0838287324,0.0760660842,-0.590069294,0,2.31764579,0.0399999991,2.27764583,0,0,2.15241003
bb6e83096abeee16a9eae2f5adcee411b9fd2e7422b5d02047acb040f41c9fac,cfe41dda5fc79e7aebd26ba0e798bae5d1e05a580281d13f16bbc0cb1b9f4c66,98e7d0750b46673b925cf4fc8ee614fa2e669fa6469351aeb06bff811cce0ad0,l2f_declared_7_piece_v1,checkpoint_saved_state,97,0,66447708,78,3.89999676,3.39175272,3.05464053,1.34079599,0.677366734,0.00404083822,0.0514568128,-0.733832538,0,1.32946265,0.0399999991,1.28946269,0,0,1.16079593
bb6e83096abeee16a9eae2f5adcee411b9fd2e7422b5d02047acb040f41c9fac,cfe41dda5fc79e7aebd26ba0e798bae5d1e05a580281d13f16bbc0cb1b9f4c66,98e7d0750b46673b925cf4fc8ee614fa2e669fa6469351aeb06bff811cce0ad0,l2f_declared_7_piece_v1,checkpoint_saved_state,98,0,1310717363,16,0.799999535,-0.498417318,1.66940045,1.27923024,-0.030323239,0.0129508181,-0.00574856997,-0.999439776,0,1.27112484,0.0399999991,1.23112488,0,0,1.09923029
bb6e83096abeee16a9eae2f5adcee411b9fd2e7422b5d02047acb040f41c9fac,cfe41dda5fc79e7aebd26ba0e798bae5d1e05a580281d13f16bbc0cb1b9f4c66,98e7d0750b46673b925cf4fc8ee614fa2e669fa6469351aeb06bff811cce0ad0,l2f_declared_7_piece_v1,checkpoint_saved_state,99,0,1070392759,0,0,-0.816518784,-1.18753028,1.97414291,0.552940547,0,0,0.833220661,0,1.12430239,0.0399999991,1.08430243,0,0,1.00348115
bb6e83096abeee16a9eae2f5adcee411b9fd2e7422b5d02047acb040f41c9fac,cfe41dda5fc79e7aebd26ba0e798bae5d1e05a580281d13f16bbc0cb1b9f4c66,98e7d0750b46673b925cf4fc8ee614fa2e669fa6469351aeb06bff811cce0ad0,l2f_declared_7_piece_v1,checkpoint_saved_state,100,0,3269038947,50,2.49999809,0.762850642,1.46075392,3.2915895,0.931503773,-0.0943160132,-0.00111040659,0.351289243,0,1.69431448,0.0399999991,1.65431452,0,0,1.52841043
bb6e83096abeee16a9eae2f5adcee411b9fd2e7422b5d02047acb040f41c9fac,cfe41dda5fc79e7aebd26ba0e798bae5d1e05a580281d13f16bbc0cb1b9f4c66,98e7d0750b46673b925cf4fc8ee614fa2e669fa6469351aeb06bff811cce0ad0,l2f_declared_7_piece_v1,checkpoint_saved_state,101,0,4011229458,0,0,0.0742883682,1.25370955,1.30115247,0.936085165,0,0,-0.351773471,0,1.2941525,0.0399999991,1.25415254,0,0,1.1211524
bb6e83096abeee16a9eae2f5adcee411b9fd2e7422b5d02047acb040f41c9fac,cfe41dda5fc79e7aebd26ba0e798bae5d1e05a580281d13f16bbc0cb1b9f4c66,98e7d0750b46673b925cf4fc8ee614fa2e669fa6469351aeb06bff811cce0ad0,l2f_declared_7_piece_v1,checkpoint_saved_state,102,0,2485915922,60,2.99999762,2.38373423,-1.80845046,3.98748255,0.172492802,-0.148963735,0.0790867731,0.970464528,0,0.992846489,0.0399999991,0.952846467,0,0,0.832517445
bb6e83096abeee16a9eae2f5adcee411b9fd2e7422b5d02047acb040f41c9fac,cfe41dda5fc79e7aebd26ba0e798bae5d1e05a580281d13f16bbc0cb1b9f4c66,98e7d0750b46673b925cf4fc8ee614fa2e669fa6469351aeb06bff811cce0ad0,l2f_declared_7_piece_v1,checkpoint_saved_state,103,0,2297721803,76,3.79999685,2.09857512,-3.26804638,4.2130127,0.421451986,-0.00507492851,-0.0132331448,-0.90673995,0,0.778787613,0.0399999991,0.738787591,0,0,0.606987298
bb6e83096abeee16a9eae2f5adcee411b9fd2e7422b5d02047acb040f41c9fac,cfe41dda5fc79e7aebd26ba0e798bae5d1e05a580281d13f16bbc0cb1b9f4c66,98e7d0750b46673b925cf4fc8ee614fa2e669fa6469351aeb06bff811cce0ad0,l2f_declared_7_piece_v1,checkpoint_saved_state,104,0,1512482589,51,2.54999804,3.50919485,-0.183822915,1.06397867,0.886591852,-0.0199438166,-0.0592963994,0.458302528,0,1.05173612,0.0399999991,1.01173615,0,0,0.883978665
bb6e83096abeee16a9eae2f5adcee411b9fd2e7422b5d02047acb040f41c9fac,cfe41dda5fc79e7aebd26ba0e798bae5d1e05a580281d13f16bbc0cb1b9f4c66,98e7d0750b46673b925cf4fc8ee614fa2e669fa6469351aeb06bff811cce0ad0,l2f_declared_7_piece_v1,checkpoint_saved_state,105,0,3958501520,88,4.40000582,4.05781651,3.8119576,0.544054568,-0.339139193,-0.117874049,0.0697657019,0.930711091,0,0.525860012,0.0399999991,0.48586002,0,0,0.364054561
bb6e83096abeee16a9eae2f5adcee411b9fd2e7422b5d02047acb040f41c9fac,cfe41dda5fc79e7aebd26ba0e798bae5d1e05a580281d13f16bbc0cb1b9f4c66,98e7d0750b46673b925cf4fc8ee614fa2e669fa6469351aeb06bff811cce0ad0,l2f_declared_7_piece_v1,checkpoint_saved_state,106,0,3954669647,11,0.549999774,-0.168847576,-1.3638252,1.25785112,0.834961474,-0.0241890177,0.0144682201,-0.549586117,0,1.24910057,0.0399999991,1.2091006,0,0,1.07785106
bb6e83096abeee16a9eae2f5adcee411b9fd2e7422b5d02047acb040f41c9fac,cfe41dda5fc79e7aebd26ba0e798bae5d1e05a580281d13f16bbc0cb1b9f4c66,98e7d0750b46673b925cf4fc8ee614fa2e669fa6469351aeb06bff811cce0ad0,l2f_declared_7_piece_v1,checkpoint_saved_state,107,0,2609947568,60,2.99999762,2.51256824,-2.9447341,2.61834884,0.563646078,-0.018860314,0.0126080513,0.825704813,0,1.99651527,0.0399999991,1.95651531,0,0,1.87526584
bb6e83096abeee16a9eae2f5adcee411b9fd2e7422b5d02047acb040f41c9fac,cfe41dda5fc79e7aebd26ba0e798bae5d1e05a580281d13f16bbc0cb1b9f4c66,98e7d0750b46673b925cf4fc8ee614fa2e669fa6469351aeb06bff811cce0ad0,l2f_declared_7_piece_v1,checkpoint_saved_state,108,0,32108602,35,1.74999869,0.579166591,-2.13671207,2.44661021,0.496910363,-0.0405266657,0.0125244204,-0.866764605,0,2.43604159,0.0399999991,2.39604163,0,0,2.26661015
bb6e83096abeee16a9eae2f5adcee411b9fd2e7422b5d02047acb040f41c9fac,cfe41dda5fc79e7aebd26ba0e798bae5d1e05a580281d13f16bbc0cb1b9f4c66,98e7d0750b46673b925cf4fc8ee614fa2e669fa6469351aeb06bff811cce0ad0,l2f_declared_7_piece_v1,checkpoint_saved_state,109,0,2184653363,56,2.79999781,-0.605861783,2.27833104,2.05828428,0.270223081,-0.0349564664,-0.261403292,0.925972879,0,1.33467484,0.0399999991,1.29467487,0,0,1.21413827
bb6e83096abeee16a9eae2f5adcee411b9fd2e7422b5d02047acb040f41c9fac,cfe41dda5fc79e7aebd26ba0e798bae5d1e05a580281d13f16bbc0cb1b9f4c66,98e7d0750b46673b925cf4fc8ee614fa2e669fa6469351aeb06bff811cce0ad0,l2f_declared_7_piece_v1,checkpoint_saved_state,110,0,3286171993,81,4.04999781,1.29129958,1.65054893,2.30536437,0.963731885,0.010056749,-0.0343672447,0.264459163,0,2.29619932,0.0399999991,2.25619936,0,0,2.1253643
bb6e83096abeee16a9eae2f5adcee411b9fd2e7422b5d02047acb040f41c9fac,cfe41dda5fc79e7aebd26ba0e798bae5d1e05a580281d13f16bbc0cb1b9f4c66,98e7d0750b46673b925cf4fc8ee614fa2e669fa6469351aeb06bff811cce0ad0,l2f_declared_7_piece_v1,checkpoint_saved_state,111,0,1418506613,34,1.69999874,1.15677118,1.99829483,1.66224468,0.439014912,-0.00894890167,0.0226035304,0.898150861,0,1.653193,0.0399999991,1.61319304,0,0,1.48224473
bb6e83096abeee16a9eae2f5adcee411b9fd2e7422b5d02047acb040f41c9fac,cfe41dda5fc79e7aebd26ba0e798bae5d1e05a580281d13f16bbc0cb1b9f4c66,98e7d0750b46673b925cf4fc8ee614fa2e669fa6469351aeb06bff811cce0ad0,l2f_declared_7_piece_v1,checkpoint_saved_state,112,0,3934596366,19,0.949999392,0.936530113,-1.35513473,1.86712098,0.625772715,0.0174255557,0.0280832462,-0.779305041,0,1.8576082,0.0399999991,1.81760824,0,0,1.68712091
bb6e83096abeee16a9eae2f5adcee411b9fd2e7422b5d02047acb040f41c9fac,cfe41dda5fc79e7aebd26ba0e798bae5d1e05a580281d13f16bbc0cb1b9f4c66,98e7d0750b46673b925cf4fc8ee614fa2e669fa6469351aeb06bff811cce0ad0,l2f_declared_7_piece_v1,checkpoint_saved_state,113,0,3185545032,42,2.09999847,1.44531024,0.813485622,3.52165294,0.260286719,0.0760476068,0.0111655435,-0.962467134,0,1.46632099,0.0399999991,1.42632103,0,0,1.298347
bb6e83096abeee16a9eae2f5adcee411b9fd2e7422b5d02047acb040f41c9fac,cfe41dda5fc79e7aebd26ba0e798bae5d1e05a580281d13f16bbc0cb1b9f4c66,98e7d0750b46673b925cf4fc8ee614fa2e669fa6469351aeb06bff811cce0ad0,l2f_declared_7_piece_v1,checkpoint_saved_state,114,0,659211131,179,8.95010948,1.57472754,3.39153934,1.98410225,-0.771992683,0.0502995439,-0.17243962,0.609722853,0,1.55220842,0.0399999991,1.51220846,0,0,1.4284606
bb6e83096abeee16a9eae2f5adcee411b9fd2e7422b5d02047acb040f41c9fac,cfe41dda5fc79e7aebd26ba0e798bae5d1e05a580281d13f16bbc0cb1b9f4c66,98e7d0750b46673b925cf4fc8ee614fa2e669fa6469351aeb06bff811cce0ad0,l2f_declared_7_piece_v1,checkpoint_saved_state,115,0,4141543576,90,4.50000811,-0.35119915,-3.24781775,3.06340909,0.675764143,-0.146814853,-0.0780367032,0.718121529,0,1.59954381,0.0399999991,1.55954385,0,0,1.46880078
bb6e83096abeee16a9eae2f5adcee411b9fd2e7422b5d02047acb040f41c9fac,cfe41dda5fc79e7aebd26ba0e798bae5d1e05a580281d13f16bbc0cb1b9f4c66,98e7d0750b46673b925cf4fc8ee614fa2e669fa6469351aeb06bff811cce0ad0,l2f_declared_7_piece_v1,checkpoint_saved_state,116,0,1320202665,66,3.29999733,3.82488751,2.24696636,1.36706424,0.128021434,-0.0833440647,-0.0930323973,0.983874619,0,1.34994519,0.0399999991,1.30994523,0,0,1.18706417
bb6e83096abeee16a9eae2f5adcee411b9fd2e7422b5d02047acb040f41c9fac,cfe41dda5fc79e7aebd26ba0e798bae5d1e05a580281d13f16bbc0cb1b9f4c66,98e7d0750b46673b925cf4fc8ee614fa2e669fa6469351aeb06bff811cce0ad0,l2f_declared_7_piece_v1,checkpoint_saved_state,117,0,2720743962,31,1.54999888,1.07178473,-1.85394418,2.31819963,0.569503844,0.00297376001,0.00702693826,0.821953297,0,2.31065893,0.0399999991,2.27065897,0,0,2.13819957
bb6e83096abeee16a9eae2f5adcee411b9fd2e7422b5d02047acb040f41c9fac,cfe41dda5fc79e7aebd26ba0e798bae5d1e05a580281d13f16bbc0cb1b9f4c66,98e7d0750b46673b925cf4fc8ee614fa2e669fa6469351aeb06bff811cce0ad0,l2f_declared_7_piece_v1,checkpoint_saved_state,118,0,895097479,39,1.9499985,-0.736685693,-0.846546292,2.41220284,0.489807099,0.0556662641,0.0148764979,-0.869924724,0,1.20255029,0.0399999991,1.16255033,0,0,1.08331418
bb6e83096abeee16a9eae2f5adcee411b9fd2e7422b5d02047acb040f41c9fac,cfe41dda5fc79e7aebd26ba0e798bae5d1e05a580281d13f16bbc0cb1b9f4c66,98e7d0750b46673b925cf4fc8ee614fa2e669fa6469351aeb06bff811cce0ad0,l2f_declared_7_piece_v1,checkpoint_saved_state,119,0,744996843,53,2.64999795,3.25605536,0.709430456,2.35150838,0.981993079,0.0787400901,0.000249199424,-0.171725541,0,2.33913255,0.0399999991,2.29913259,0,0,2.17150831
bb6e83096abeee16a9eae2f5adcee411b9fd2e7422b5d02047acb040f41c9fac,cfe41dda5fc79e7aebd26ba0e798bae5d1e05a580281d13f16bbc0cb1b9f4c66,98e7d0750b46673b925cf4fc8ee614fa2e669fa6469351aeb06bff811cce0ad0,l2f_declared_7_piece_v1,checkpoint_saved_state,120,0,3919923077,49,2.44999814,-0.155900389,1.84257972,1.44116998,0.948325813,0.0838081464,0.120467834,-0.281321704,0,1.42346704,0.0399999991,1.38346708,0,0,1.26116991
bb6e83096abeee16a9eae2f5adcee411b9fd2e7422b5d02047acb040f41c9fac,cfe41dda5fc79e7aebd26ba0e798bae5d1e05a580281d13f16bbc0cb1b9f4c66,98e7d0750b46673b925cf4fc8ee614fa2e669fa6469351aeb06bff811cce0ad0,l2f_declared_7_piece_v1,checkpoint_saved_state,121,0,1960703377,43,2.14999843,1.42120755,-2.07729435,2.75515318,0.473113537,-0.0101535078,0.0713533014,0.878048599,0,2.23188829,0.0399999991,2.19188833,0,0,2.06484675
bb6e83096abeee16a9eae2f5adcee411b9fd2e7422b5d02047acb040f41c9fac,cfe41dda5fc79e7aebd26ba0e798bae5d1e05a580281d13f16bbc0cb1b9f4c66,98e7d0750b46673b925cf4fc8ee614fa2e669fa6469351aeb06bff811cce0ad0,l2f_declared_7_piece_v1,checkpoint_saved_state,122,0,1612344208,38,1.89999855,1.32545364,-1.30710387,1.68760896,0.616907358,-0.00130248535,-0.0138623156,-0.78691262,0,1.67943072,0.0399999991,1.63943076,0,0,1.50760889
bb6e83096abeee16a9eae2f5adcee411b9fd2e7422b5d02047acb040f41c9fac,cfe41dda5fc79e7aebd26ba0e798bae5d1e05a580281d13f16bbc0cb1b9f4c66,98e7d0750b46673b925cf4fc8ee614fa2e669fa6469351aeb06bff811cce0ad0,l2f_declared_7_piece_v1,checkpoint_saved_state,123,0,3499683062,119,5.95004129,2.04649615,1.15326142,0.594197333,0.533579886,-0.117970906,0.0354857296,0.836729407,0,0.578355849,0.0399999991,0.538355827,0,0,0.414197326
bb6e83096abeee16a9eae2f5adcee411b9fd2e7422b5d02047acb040f41c9fac,cfe41dda5fc79e7aebd26ba0e798bae5d1e05a580281d13f16bbc0cb1b9f4c66,98e7d0750b46673b925cf4fc8ee614fa2e669fa6469351aeb06bff811cce0ad0,l2f_declared_7_piece_v1,checkpoint_saved_state,124,0,1811186020,81,4.04999781,1.79901254,-3.80116487,1.96740115,0.424477518,-0.0851041749,0.0847850144,0.897433937,0,1.13836098,0.0399999991,1.09836102,0,0,1.01883507
bb6e83096abeee16a9eae2f5adcee411b9fd2e7422b5d02047acb040f41c9fac,cfe41dda5fc79e7aebd26ba0e798bae5d1e05a580281d13f16bbc0cb1b9f4c66,98e7d0750b46673b925cf4fc8ee614fa2e669fa6469351aeb06bff811cce0ad0,l2f_declared_7_piece_v1,checkpoint_saved_state,125,0,3548260908,35,1.74999869,1.23383927,-0.332876027,3.13412833,0.992205977,0.0221711453,0.0392146781,-0.116180956,0,1.85536456,0.0399999991,1.8153646,0,0,1.6858716
bb6e83096abeee16a9eae2f5adcee411b9fd2e7422b5d02047acb040f41c9fac,cfe41dda5fc79e7aebd26ba0e798bae5d1e05a580281d13f16bbc0cb1b9f4c66,98e7d0750b46673b925cf4fc8ee614fa2e669fa6469351aeb06bff811cce0ad0,l2f_declared_7_piece_v1,checkpoint_saved_state,126,0,364916931,29,1.44999897,0.737449408,1.30205333,1.47730529,0.109962769,-0.0718475953,-0.11086861,0.985116363,0,1.46000731,0.0399999991,1.42000735,0,0,1.29730535
bb6e83096abeee16a9eae2f5adcee411b9fd2e7422b5d02047acb040f41c9fac,cfe41dda5fc79e7aebd26ba0e798bae5d1e05a580281d13f16bbc0cb1b9f4c66,98e7d0750b46673b925cf4fc8ee614fa2e669fa6469351aeb06bff811cce0ad0,l2f_declared_7_piece_v1,checkpoint_saved_state,127,0,3006271492,61,3.04999757,2.00075364,0.829116225,2.88073707,0.346811056,0.0194785856,0.102833733,-0.932077289,0,2.10384154,0.0399999991,2.06384158,0,0,1.93926287
