failure_id,family,split,controller,privileged_route,speed_cap_mps,budget_s,success,collision,timeout,waypoints_reached,waypoints_total,elapsed_s,path_m,goal_error_m,min_clearance_m,bank_sha256,actor_sha256,waypoint_acceptance_m,control_mode
f14-dev-0000-s7e641c55-w5e651fdf,14,dev,frozen_RAPTOR,true,1.5,60,0,1,0,2,5,5.96004152,5.92016172,6.50485563,-0.000184863806,e2170fbe8e8c2d074ffb08de4269175a6de0bdcd410c3b60bd699ee7b5fc491e,bb6e83096abeee16a9eae2f5adcee411b9fd2e7422b5d02047acb040f41c9fac,0.349999994,21
f14-dev-0001-s8e7c8a9c-w5e651fdf-mirror-y,14,dev,frozen_RAPTOR,true,1.5,60,0,1,0,2,5,13.9702244,8.61284351,5.28430605,-0.000164121389,e2170fbe8e8c2d074ffb08de4269175a6de0bdcd410c3b60bd699ee7b5fc491e,bb6e83096abeee16a9eae2f5adcee411b9fd2e7422b5d02047acb040f41c9fac,0.349999994,21
f14-dev-0002-s9d66b173-w5e651fdf,14,dev,frozen_RAPTOR,true,1.5,60,1,0,0,5,5,19.850359,15.759654,0.345914662,0.0520116389,e2170fbe8e8c2d074ffb08de4269175a6de0bdcd410c3b60bd699ee7b5fc491e,bb6e83096abeee16a9eae2f5adcee411b9fd2e7422b5d02047acb040f41c9fac,0.349999994,21
f14-dev-0003-sfcf97001-w5e651fdf-mirror-y,14,dev,frozen_RAPTOR,true,1.5,60,0,1,0,1,5,10.7701511,6.05356264,7.36881304,-0.00105245411,e2170fbe8e8c2d074ffb08de4269175a6de0bdcd410c3b60bd699ee7b5fc491e,bb6e83096abeee16a9eae2f5adcee411b9fd2e7422b5d02047acb040f41c9fac,0.349999994,21
f14-dev-0004-sc47f3901-w5e651fdf,14,dev,frozen_RAPTOR,true,1.5,60,0,1,0,1,5,6.87006235,5.75643921,6.9468751,-0.00507649779,e2170fbe8e8c2d074ffb08de4269175a6de0bdcd410c3b60bd699ee7b5fc491e,bb6e83096abeee16a9eae2f5adcee411b9fd2e7422b5d02047acb040f41c9fac,0.349999994,21
f14-dev-0005-s42606920-w5e651fdf-mirror-y,14,dev,frozen_RAPTOR,true,1.5,60,1,0,0,5,5,22.3504162,15.7969713,0.345750302,0.117129952,e2170fbe8e8c2d074ffb08de4269175a6de0bdcd410c3b60bd699ee7b5fc491e,bb6e83096abeee16a9eae2f5adcee411b9fd2e7422b5d02047acb040f41c9fac,0.349999994,21
f14-dev-0006-s56845228-w5e651fdf,14,dev,frozen_RAPTOR,true,1.5,60,0,1,0,2,5,9.4401207,7.49583149,4.92340469,-0.00142511725,e2170fbe8e8c2d074ffb08de4269175a6de0bdcd410c3b60bd699ee7b5fc491e,bb6e83096abeee16a9eae2f5adcee411b9fd2e7422b5d02047acb040f41c9fac,0.349999994,21
f14-dev-0007-s40e7965f-w5e651fdf-mirror-y,14,dev,frozen_RAPTOR,true,1.5,60,0,1,0,3,5,20.3403702,11.4522705,4.55898285,-0.000206187367,e2170fbe8e8c2d074ffb08de4269175a6de0bdcd410c3b60bd699ee7b5fc491e,bb6e83096abeee16a9eae2f5adcee411b9fd2e7422b5d02047acb040f41c9fac,0.349999994,21
f14-dev-0008-s115b9d6e-w5e651fdf,14,dev,frozen_RAPTOR,true,1.5,60,0,1,0,2,5,7.26007128,6.46067047,6.09992027,-0.000705093145,e2170fbe8e8c2d074ffb08de4269175a6de0bdcd410c3b60bd699ee7b5fc491e,bb6e83096abeee16a9eae2f5adcee411b9fd2e7422b5d02047acb040f41c9fac,0.349999994,21
f14-dev-0009-s2470465f-w5e651fdf-mirror-y,14,dev,frozen_RAPTOR,true,1.5,60,0,1,0,2,5,13.1402054,8.47033882,5.46327877,-0.00197395682,e2170fbe8e8c2d074ffb08de4269175a6de0bdcd410c3b60bd699ee7b5fc491e,bb6e83096abeee16a9eae2f5adcee411b9fd2e7422b5d02047acb040f41c9fac,0.349999994,21
f14-dev-0010-s3785e976-w5e651fdf,14,dev,frozen_RAPTOR,true,1.5,60,0,1,0,2,5,7.47007608,6.48011732,5.56797743,-0.000249952078,e2170fbe8e8c2d074ffb08de4269175a6de0bdcd410c3b60bd699ee7b5fc491e,bb6e83096abeee16a9eae2f5adcee411b9fd2e7422b5d02047acb040f41c9fac,0.349999994,21
f14-dev-0011-sbce720fd-w5e651fdf-mirror-y,14,dev,frozen_RAPTOR,true,1.5,60,1,0,0,5,5,22.650423,16.2058887,0.335159123,0.0803063512,e2170fbe8e8c2d074ffb08de4269175a6de0bdcd410c3b60bd699ee7b5fc491e,bb6e83096abeee16a9eae2f5adcee411b9fd2e7422b5d02047acb040f41c9fac,0.349999994,21
f14-dev-0012-s99477c3c-w5e651fdf,14,dev,frozen_RAPTOR,true,1.5,60,0,1,0,2,5,7.27007151,6.59979439,5.86715031,-0.000820249319,e2170fbe8e8c2d074ffb08de4269175a6de0bdcd410c3b60bd699ee7b5fc491e,bb6e83096abeee16a9eae2f5adcee411b9fd2e7422b5d02047acb040f41c9fac,0.349999994,21
f14-dev-0013-scf48b619-w5e651fdf-mirror-y,14,dev,frozen_RAPTOR,true,1.5,60,1,0,0,5,5,24.5504665,16.1960602,0.337912828,0.0333725512,e2170fbe8e8c2d074ffb08de4269175a6de0bdcd410c3b60bd699ee7b5fc491e,bb6e83096abeee16a9eae2f5adcee411b9fd2e7422b5d02047acb040f41c9fac,0.349999994,21
f14-dev-0014-s682067c0-w5e651fdf,14,dev,frozen_RAPTOR,true,1.5,60,0,1,0,1,5,6.86006212,5.82537079,7.31773758,-0.00863839686,e2170fbe8e8c2d074ffb08de4269175a6de0bdcd410c3b60bd699ee7b5fc491e,bb6e83096abeee16a9eae2f5adcee411b9fd2e7422b5d02047acb040f41c9fac,0.349999994,21
f14-dev-0015-s1eae3a07-w5e651fdf-mirror-y,14,dev,frozen_RAPTOR,true,1.5,60,1,0,0,5,5,22.2504139,15.7494488,0.336330473,0.195539773,e2170fbe8e8c2d074ffb08de4269175a6de0bdcd410c3b60bd699ee7b5fc491e,bb6e83096abeee16a9eae2f5adcee411b9fd2e7422b5d02047acb040f41c9fac,0.349999994,21
f14-dev-0016-s4c44120f-w5e651fdf,14,dev,frozen_RAPTOR,true,1.5,60,0,1,0,2,5,7.86008501,6.6177969,6.18422985,-0.00180158019,e2170fbe8e8c2d074ffb08de4269175a6de0bdcd410c3b60bd699ee7b5fc491e,bb6e83096abeee16a9eae2f5adcee411b9fd2e7422b5d02047acb040f41c9fac,0.349999994,21
f14-dev-0017-s4f6e70ab-w5e651fdf-mirror-y,14,dev,frozen_RAPTOR,true,1.5,60,0,1,0,2,5,16.7602882,9.63095379,6.15073442,-0.000230014324,e2170fbe8e8c2d074ffb08de4269175a6de0bdcd410c3b60bd699ee7b5fc491e,bb6e83096abeee16a9eae2f5adcee411b9fd2e7422b5d02047acb040f41c9fac,0.349999994,21
f14-dev-0018-sb58140ca-w5e651fdf,14,dev,frozen_RAPTOR,true,1.5,60,0,1,0,2,5,7.23007059,5.8968854,6.74659491,-1.04308128e-06,e2170fbe8e8c2d074ffb08de4269175a6de0bdcd410c3b60bd699ee7b5fc491e,bb6e83096abeee16a9eae2f5adcee411b9fd2e7422b5d02047acb040f41c9fac,0.349999994,21
f14-dev-0019-s6e66dc10-w5e651fdf-mirror-y,14,dev,frozen_RAPTOR,true,1.5,60,1,0,0,5,5,23.8004494,16.8157558,0.334550709,0.175405324,e2170fbe8e8c2d074ffb08de4269175a6de0bdcd410c3b60bd699ee7b5fc491e,bb6e83096abeee16a9eae2f5adcee411b9fd2e7422b5d02047acb040f41c9fac,0.349999994,21
f14-dev-0020-s0660baeb-w5e651fdf,14,dev,frozen_RAPTOR,true,1.5,60,1,0,0,5,5,19.3503475,15.853507,0.327869296,0.00289693475,e2170fbe8e8c2d074ffb08de4269175a6de0bdcd410c3b60bd699ee7b5fc491e,bb6e83096abeee16a9eae2f5adcee411b9fd2e7422b5d02047acb040f41c9fac,0.349999994,21
f14-dev-0021-sf3979696-w5e651fdf-mirror-y,14,dev,frozen_RAPTOR,true,1.5,60,1,0,0,5,5,25.6504917,16.9884815,0.332002401,0.149106294,e2170fbe8e8c2d074ffb08de4269175a6de0bdcd410c3b60bd699ee7b5fc491e,bb6e83096abeee16a9eae2f5adcee411b9fd2e7422b5d02047acb040f41c9fac,0.349999994,21
f14-dev-0022-s27b8cd69-w5e651fdf,14,dev,frozen_RAPTOR,true,1.5,60,0,1,0,2,5,7.28007174,6.36246729,6.5779233,-0.00164160132,e2170fbe8e8c2d074ffb08de4269175a6de0bdcd410c3b60bd699ee7b5fc491e,bb6e83096abeee16a9eae2f5adcee411b9fd2e7422b5d02047acb040f41c9fac,0.349999994,21
f14-dev-0023-s93b9e558-w5e651fdf-mirror-y,14,dev,frozen_RAPTOR,true,1.5,60,1,0,0,5,5,22.7504253,16.0814323,0.336690634,0.14294225,e2170fbe8e8c2d074ffb08de4269175a6de0bdcd410c3b60bd699ee7b5fc491e,bb6e83096abeee16a9eae2f5adcee411b9fd2e7422b5d02047acb040f41c9fac,0.349999994,21
f14-dev-0024-s993a8807-w5e651fdf,14,dev,frozen_RAPTOR,true,1.5,60,0,1,0,1,5,5.92004061,5.77842522,6.73964882,-0.00220522285,e2170fbe8e8c2d074ffb08de4269175a6de0bdcd410c3b60bd699ee7b5fc491e,bb6e83096abeee16a9eae2f5adcee411b9fd2e7422b5d02047acb040f41c9fac,0.349999994,21
f14-dev-0025-sae587287-w5e651fdf-mirror-y,14,dev,frozen_RAPTOR,true,1.5,60,0,1,0,2,5,16.2502766,9.43602657,5.99484301,-0.000337779522,e2170fbe8e8c2d074ffb08de4269175a6de0bdcd410c3b60bd699ee7b5fc491e,bb6e83096abeee16a9eae2f5adcee411b9fd2e7422b5d02047acb040f41c9fac,0.349999994,21
f14-dev-0026-s6715b445-w5e651fdf,14,dev,frozen_RAPTOR,true,1.5,60,0,1,0,2,5,7.73008204,6.88957644,5.61219025,-0.00135716796,e2170fbe8e8c2d074ffb08de4269175a6de0bdcd410c3b60bd699ee7b5fc491e,bb6e83096abeee16a9eae2f5adcee411b9fd2e7422b5d02047acb040f41c9fac,0.349999994,21
f14-dev-0027-sb123b8d4-w5e651fdf-mirror-y,14,dev,frozen_RAPTOR,true,1.5,60,0,1,0,3,5,20.7003784,11.361846,3.91860223,-0.00156961381,e2170fbe8e8c2d074ffb08de4269175a6de0bdcd410c3b60bd699ee7b5fc491e,bb6e83096abeee16a9eae2f5adcee411b9fd2e7422b5d02047acb040f41c9fac,0.349999994,21
f14-dev-0028-s59d7afcb-w5e651fdf,14,dev,frozen_RAPTOR,true,1.5,60,0,1,0,2,5,5.86003923,5.6786685,6.42987013,-0.00229343772,e2170fbe8e8c2d074ffb08de4269175a6de0bdcd410c3b60bd699ee7b5fc491e,bb6e83096abeee16a9eae2f5adcee411b9fd2e7422b5d02047acb040f41c9fac,0.349999994,21
f14-dev-0029-sac1b341d-w5e651fdf-mirror-y,14,dev,frozen_RAPTOR,true,1.5,60,0,1,0,1,5,11.7501736,6.4823575,7.06686258,-0.0048519969,e2170fbe8e8c2d074ffb08de4269175a6de0bdcd410c3b60bd699ee7b5fc491e,bb6e83096abeee16a9eae2f5adcee411b9fd2e7422b5d02047acb040f41c9fac,0.349999994,21
f15-dev-0000-s5eacfc53-w5e651fdf,15,dev,frozen_RAPTOR,true,1.5,60,1,0,0,7,7,8.50009918,9.74953651,0.332705379,0.161508799,e2170fbe8e8c2d074ffb08de4269175a6de0bdcd410c3b60bd699ee7b5fc491e,bb6e83096abeee16a9eae2f5adcee411b9fd2e7422b5d02047acb040f41c9fac,0.349999994,21
f15-dev-0001-s6958c653-w5e651fdf-mirror-y,15,dev,frozen_RAPTOR,true,1.5,60,1,0,0,7,7,15.4002571,11.7609043,0.337072372,0.0605063438,e2170fbe8e8c2d074ffb08de4269175a6de0bdcd410c3b60bd699ee7b5fc491e,bb6e83096abeee16a9eae2f5adcee411b9fd2e7422b5d02047acb040f41c9fac,0.349999994,21
f15-dev-0002-sff588efe-w5e651fdf,15,dev,frozen_RAPTOR,true,1.5,60,1,0,0,7,7,8.3000946,9.63710785,0.346552908,0.142448217,e2170fbe8e8c2d074ffb08de4269175a6de0bdcd410c3b60bd699ee7b5fc491e,bb6e83096abeee16a9eae2f5adcee411b9fd2e7422b5d02047acb040f41c9fac,0.349999994,21
f15-dev-0003-s76990b19-w5e651fdf-mirror-y,15,dev,frozen_RAPTOR,true,1.5,60,1,0,0,7,7,11.4001656,10.1069946,0.345548242,0.0641520768,e2170fbe8e8c2d074ffb08de4269175a6de0bdcd410c3b60bd699ee7b5fc491e,bb6e83096abeee16a9eae2f5adcee411b9fd2e7422b5d02047acb040f41c9fac,0.349999994,21
f15-dev-0004-sd401bbed-w5e651fdf,15,dev,frozen_RAPTOR,true,1.5,60,1,0,0,7,7,9.2001152,10.5264587,0.333351642,0.193767548,e2170fbe8e8c2d074ffb08de4269175a6de0bdcd410c3b60bd699ee7b5fc491e,bb6e83096abeee16a9eae2f5adcee411b9fd2e7422b5d02047acb040f41c9fac,0.349999994,21
f15-dev-0005-s4663f0bf-w5e651fdf-mirror-y,15,dev,frozen_RAPTOR,true,1.5,60,1,0,0,7,7,11.6001701,10.0753651,0.349959642,0.02223894,e2170fbe8e8c2d074ffb08de4269175a6de0bdcd410c3b60bd699ee7b5fc491e,bb6e83096abeee16a9eae2f5adcee411b9fd2e7422b5d02047acb040f41c9fac,0.349999994,21
f15-dev-0006-s73650d3a-w5e651fdf,15,dev,frozen_RAPTOR,true,1.5,60,1,0,0,7,7,9.75012779,10.595418,0.328706473,0.0391937494,e2170fbe8e8c2d074ffb08de4269175a6de0bdcd410c3b60bd699ee7b5fc491e,bb6e83096abeee16a9eae2f5adcee411b9fd2e7422b5d02047acb040f41c9fac,0.349999994,21
f15-dev-0007-s9675ffdc-w5e651fdf-mirror-y,15,dev,frozen_RAPTOR,true,1.5,60,1,0,0,7,7,15.8502674,12.0738354,0.343875945,0.0757786632,e2170fbe8e8c2d074ffb08de4269175a6de0bdcd410c3b60bd699ee7b5fc491e,bb6e83096abeee16a9eae2f5adcee411b9fd2e7422b5d02047acb040f41c9fac,0.349999994,21
f15-dev-0008-s01e0d6a7-w5e651fdf,15,dev,frozen_RAPTOR,true,1.5,60,1,0,0,7,7,8.45009804,9.7327528,0.337317407,0.167716622,e2170fbe8e8c2d074ffb08de4269175a6de0bdcd410c3b60bd699ee7b5fc491e,bb6e83096abeee16a9eae2f5adcee411b9fd2e7422b5d02047acb040f41c9fac,0.349999994,21
f15-dev-0009-sf601e24b-w5e651fdf-mirror-y,15,dev,frozen_RAPTOR,true,1.5,60,1,0,0,7,7,13.3502102,11.0854177,0.342035443,0.0665483028,e2170fbe8e8c2d074ffb08de4269175a6de0bdcd410c3b60bd699ee7b5fc491e,bb6e83096abeee16a9eae2f5adcee411b9fd2e7422b5d02047acb040f41c9fac,0.349999994,21
f15-dev-0010-s2c1b1df3-w5e651fdf,15,dev,frozen_RAPTOR,true,1.5,60,1,0,0,7,7,9.15011406,10.4242229,0.345551819,0.168068886,e2170fbe8e8c2d074ffb08de4269175a6de0bdcd410c3b60bd699ee7b5fc491e,bb6e83096abeee16a9eae2f5adcee411b9fd2e7422b5d02047acb040f41c9fac,0.349999994,21
f15-dev-0011-sfd44c7ba-w5e651fdf-mirror-y,15,dev,frozen_RAPTOR,true,1.5,60,1,0,0,7,7,14.3002319,11.8781929,0.337684751,0.0253753662,e2170fbe8e8c2d074ffb08de4269175a6de0bdcd410c3b60bd699ee7b5fc491e,bb6e83096abeee16a9eae2f5adcee411b9fd2e7422b5d02047acb040f41c9fac,0.349999994,21
f15-dev-0012-sa9ee9ae1-w5e651fdf,15,dev,frozen_RAPTOR,true,1.5,60,1,0,0,7,7,11.6001701,11.5095863,0.344387889,0.0711243451,e2170fbe8e8c2d074ffb08de4269175a6de0bdcd410c3b60bd699ee7b5fc491e,bb6e83096abeee16a9eae2f5adcee411b9fd2e7422b5d02047acb040f41c9fac,0.349999994,21
f15-dev-0013-s59acf027-w5e651fdf-mirror-y,15,dev,frozen_RAPTOR,true,1.5,60,1,0,0,7,7,10.9001541,10.3661127,0.33176899,0.0475318283,e2170fbe8e8c2d074ffb08de4269175a6de0bdcd410c3b60bd699ee7b5fc491e,bb6e83096abeee16a9eae2f5adcee411b9fd2e7422b5d02047acb040f41c9fac,0.349999994,21
f15-dev-0014-scd18eac9-w5e651fdf,15,dev,frozen_RAPTOR,true,1.5,60,1,0,0,7,7,10.3001404,10.9728689,0.338410348,0.0913223326,e2170fbe8e8c2d074ffb08de4269175a6de0bdcd410c3b60bd699ee7b5fc491e,bb6e83096abeee16a9eae2f5adcee411b9fd2e7422b5d02047acb040f41c9fac,0.349999994,21
f15-dev-0015-s3b9dbe94-w5e651fdf-mirror-y,15,dev,frozen_RAPTOR,true,1.5,60,1,0,0,7,7,14.9502468,11.4510422,0.333838344,0.025714457,e2170fbe8e8c2d074ffb08de4269175a6de0bdcd410c3b60bd699ee7b5fc491e,bb6e83096abeee16a9eae2f5adcee411b9fd2e7422b5d02047acb040f41c9fac,0.349999994,21
f15-dev-0016-sf12f397f-w5e651fdf,15,dev,frozen_RAPTOR,true,1.5,60,1,0,0,7,7,9.05011177,10.3905449,0.344691157,0.096059531,e2170fbe8e8c2d074ffb08de4269175a6de0bdcd410c3b60bd699ee7b5fc491e,bb6e83096abeee16a9eae2f5adcee411b9fd2e7422b5d02047acb040f41c9fac,0.349999994,21
f15-dev-0017-s45b8c541-w5e651fdf-mirror-y,15,dev,frozen_RAPTOR,true,1.5,60,1,0,0,7,7,10.6501484,9.93871975,0.333245993,0.0429418087,e2170fbe8e8c2d074ffb08de4269175a6de0bdcd410c3b60bd699ee7b5fc491e,bb6e83096abeee16a9eae2f5adcee411b9fd2e7422b5d02047acb040f41c9fac,0.349999994,21
f15-dev-0018-sa699d3c7-w5e651fdf,15,dev,frozen_RAPTOR,true,1.5,60,1,0,0,7,7,8.25009346,8.90458393,0.341331333,0.284414679,e2170fbe8e8c2d074ffb08de4269175a6de0bdcd410c3b60bd699ee7b5fc491e,bb6e83096abeee16a9eae2f5adcee411b9fd2e7422b5d02047acb040f41c9fac,0.349999994,21
f15-dev-0019-s3010baf6-w5e651fdf-mirror-y,15,dev,frozen_RAPTOR,true,1.5,60,1,0,0,7,7,14.4002342,11.3943138,0.344571471,0.0729706585,e2170fbe8e8c2d074ffb08de4269175a6de0bdcd410c3b60bd699ee7b5fc491e,bb6e83096abeee16a9eae2f5adcee411b9fd2e7422b5d02047acb040f41c9fac,0.349999994,21
f15-dev-0020-sc671a06a-w5e651fdf,15,dev,frozen_RAPTOR,true,1.5,60,1,0,0,7,7,9.15011406,10.211648,0.341052204,0.195609808,e2170fbe8e8c2d074ffb08de4269175a6de0bdcd410c3b60bd699ee7b5fc491e,bb6e83096abeee16a9eae2f5adcee411b9fd2e7422b5d02047acb040f41c9fac,0.349999994,21
f15-dev-0021-s053d6edd-w5e651fdf-mirror-y,15,dev,frozen_RAPTOR,true,1.5,60,1,0,0,7,7,14.9002457,11.1701469,0.347260505,0.0803063214,e2170fbe8e8c2d074ffb08de4269175a6de0bdcd410c3b60bd699ee7b5fc491e,bb6e83096abeee16a9eae2f5adcee411b9fd2e7422b5d02047acb040f41c9fac,0.349999994,21
f15-dev-0022-s106697c1-w5e651fdf,15,dev,frozen_RAPTOR,true,1.5,60,1,0,0,7,7,10.2501392,10.9753523,0.333037496,0.147194207,e2170fbe8e8c2d074ffb08de4269175a6de0bdcd410c3b60bd699ee7b5fc491e,bb6e83096abeee16a9eae2f5adcee411b9fd2e7422b5d02047acb040f41c9fac,0.349999994,21
f15-dev-0023-s693e1a97-w5e651fdf-mirror-y,15,dev,frozen_RAPTOR,true,1.5,60,1,0,0,7,7,12.950201,10.109767,0.342291504,0.0258297324,e2170fbe8e8c2d074ffb08de4269175a6de0bdcd410c3b60bd699ee7b5fc491e,bb6e83096abeee16a9eae2f5adcee411b9fd2e7422b5d02047acb040f41c9fac,0.349999994,21
f15-dev-0024-s32762236-w5e651fdf,15,dev,frozen_RAPTOR,true,1.5,60,1,0,0,7,7,10.4501438,11.0701399,0.347697705,0.145608366,e2170fbe8e8c2d074ffb08de4269175a6de0bdcd410c3b60bd699ee7b5fc491e,bb6e83096abeee16a9eae2f5adcee411b9fd2e7422b5d02047acb040f41c9fac,0.349999994,21
f15-dev-0025-s8faf2f35-w5e651fdf-mirror-y,15,dev,frozen_RAPTOR,true,1.5,60,1,0,0,7,7,12.0501804,10.3627806,0.348573029,0.0752841532,e2170fbe8e8c2d074ffb08de4269175a6de0bdcd410c3b60bd699ee7b5fc491e,bb6e83096abeee16a9eae2f5adcee411b9fd2e7422b5d02047acb040f41c9fac,0.349999994,21
f15-dev-0026-sdc88f704-w5e651fdf,15,dev,frozen_RAPTOR,true,1.5,60,1,0,0,7,7,9.75012779,10.9916191,0.349083304,0.123644799,e2170fbe8e8c2d074ffb08de4269175a6de0bdcd410c3b60bd699ee7b5fc491e,bb6e83096abeee16a9eae2f5adcee411b9fd2e7422b5d02047acb040f41c9fac,0.349999994,21
f15-dev-0027-s68a1a203-w5e651fdf-mirror-y,15,dev,frozen_RAPTOR,true,1.5,60,1,0,0,7,7,13.4502125,11.0604391,0.342509031,0.0293362737,e2170fbe8e8c2d074ffb08de4269175a6de0bdcd410c3b60bd699ee7b5fc491e,bb6e83096abeee16a9eae2f5adcee411b9fd2e7422b5d02047acb040f41c9fac,0.349999994,21
f15-dev-0028-s7ada4882-w5e651fdf,15,dev,frozen_RAPTOR,true,1.5,60,1,0,0,7,7,8.25009346,9.76605892,0.344160706,0.204582304,e2170fbe8e8c2d074ffb08de4269175a6de0bdcd410c3b60bd699ee7b5fc491e,bb6e83096abeee16a9eae2f5adcee411b9fd2e7422b5d02047acb040f41c9fac,0.349999994,21
f15-dev-0029-s49d35751-w5e651fdf-mirror-y,15,dev,frozen_RAPTOR,true,1.5,60,1,0,0,7,7,12.2001839,10.1300678,0.342686683,0.0539281219,e2170fbe8e8c2d074ffb08de4269175a6de0bdcd410c3b60bd699ee7b5fc491e,bb6e83096abeee16a9eae2f5adcee411b9fd2e7422b5d02047acb040f41c9fac,0.349999994,21
f16-dev-0000-s0568bff1-w5e651fdf,16,dev,frozen_RAPTOR,true,1.5,60,1,0,0,10,10,10.0001335,9.65958691,0.319917083,0.0681791753,e2170fbe8e8c2d074ffb08de4269175a6de0bdcd410c3b60bd699ee7b5fc491e,bb6e83096abeee16a9eae2f5adcee411b9fd2e7422b5d02047acb040f41c9fac,0.349999994,21
f16-dev-0001-s515dc270-w5e651fdf-mirror-y,16,dev,frozen_RAPTOR,true,1.5,60,1,0,0,10,10,10.1001358,9.92353725,0.324446827,0.0657175481,e2170fbe8e8c2d074ffb08de4269175a6de0bdcd410c3b60bd699ee7b5fc491e,bb6e83096abeee16a9eae2f5adcee411b9fd2e7422b5d02047acb040f41c9fac,0.349999994,21
f16-dev-0002-s2d524e07-w5e651fdf,16,dev,frozen_RAPTOR,true,1.5,60,1,0,0,10,10,10.2001381,10.3905687,0.322401643,0.0112155527,e2170fbe8e8c2d074ffb08de4269175a6de0bdcd410c3b60bd699ee7b5fc491e,bb6e83096abeee16a9eae2f5adcee411b9fd2e7422b5d02047acb040f41c9fac,0.349999994,21
f16-dev-0003-sc6b7cad2-w5e651fdf-mirror-y,16,dev,frozen_RAPTOR,true,1.5,60,1,0,0,10,10,9.75012779,8.61487961,0.337649554,0.0840315521,e2170fbe8e8c2d074ffb08de4269175a6de0bdcd410c3b60bd699ee7b5fc491e,bb6e83096abeee16a9eae2f5adcee411b9fd2e7422b5d02047acb040f41c9fac,0.349999994,21
f16-dev-0004-s4fb4105d-w5e651fdf,16,dev,frozen_RAPTOR,true,1.5,60,1,0,0,10,10,11.1001587,10.7296696,0.331775397,0.0139017254,e2170fbe8e8c2d074ffb08de4269175a6de0bdcd410c3b60bd699ee7b5fc491e,bb6e83096abeee16a9eae2f5adcee411b9fd2e7422b5d02047acb040f41c9fac,0.349999994,21
f16-dev-0005-se39c4470-w5e651fdf-mirror-y,16,dev,frozen_RAPTOR,true,1.5,60,1,0,0,10,10,9.75012779,8.26671028,0.338599354,0.0417423546,e2170fbe8e8c2d074ffb08de4269175a6de0bdcd410c3b60bd699ee7b5fc491e,bb6e83096abeee16a9eae2f5adcee411b9fd2e7422b5d02047acb040f41c9fac,0.349999994,21
f16-dev-0006-sf129ecc0-w5e651fdf,16,dev,frozen_RAPTOR,true,1.5,60,0,1,0,1,10,0.969999373,0.998166382,6.89121723,-0.000590860844,e2170fbe8e8c2d074ffb08de4269175a6de0bdcd410c3b60bd699ee7b5fc491e,bb6e83096abeee16a9eae2f5adcee411b9fd2e7422b5d02047acb040f41c9fac,0.349999994,21
f16-dev-0007-s7d74a26f-w5e651fdf-mirror-y,16,dev,frozen_RAPTOR,true,1.5,60,1,0,0,10,10,11.3001633,8.22220516,0.336229473,0.0833591223,e2170fbe8e8c2d074ffb08de4269175a6de0bdcd410c3b60bd699ee7b5fc491e,bb6e83096abeee16a9eae2f5adcee411b9fd2e7422b5d02047acb040f41c9fac,0.349999994,21
f16-dev-0008-s6826ba21-w5e651fdf,16,dev,frozen_RAPTOR,true,1.5,60,1,0,0,10,10,9.90013123,9.90675545,0.33445549,0.114138961,e2170fbe8e8c2d074ffb08de4269175a6de0bdcd410c3b60bd699ee7b5fc491e,bb6e83096abeee16a9eae2f5adcee411b9fd2e7422b5d02047acb040f41c9fac,0.349999994,21
f16-dev-0009-s85c73deb-w5e651fdf-mirror-y,16,dev,frozen_RAPTOR,true,1.5,60,1,0,0,10,10,8.85010719,8.04477787,0.332255095,0.0515453368,e2170fbe8e8c2d074ffb08de4269175a6de0bdcd410c3b60bd699ee7b5fc491e,bb6e83096abeee16a9eae2f5adcee411b9fd2e7422b5d02047acb040f41c9fac,0.349999994,21
f16-dev-0010-s89a934de-w5e651fdf,16,dev,frozen_RAPTOR,true,1.5,60,1,0,0,10,10,11.2501621,8.25098324,0.348599583,0.0545064062,e2170fbe8e8c2d074ffb08de4269175a6de0bdcd410c3b60bd699ee7b5fc491e,bb6e83096abeee16a9eae2f5adcee411b9fd2e7422b5d02047acb040f41c9fac,0.349999994,21
f16-dev-0011-sb70548a9-w5e651fdf-mirror-y,16,dev,frozen_RAPTOR,true,1.5,60,1,0,0,10,10,10.500145,8.88781452,0.337091833,0.0379884839,e2170fbe8e8c2d074ffb08de4269175a6de0bdcd410c3b60bd699ee7b5fc491e,bb6e83096abeee16a9eae2f5adcee411b9fd2e7422b5d02047acb040f41c9fac,0.349999994,21
f16-dev-0012-s6b32e7de-w5e651fdf,16,dev,frozen_RAPTOR,true,1.5,60,1,0,0,10,10,11.2501621,10.825614,0.342574507,0.091045022,e2170fbe8e8c2d074ffb08de4269175a6de0bdcd410c3b60bd699ee7b5fc491e,bb6e83096abeee16a9eae2f5adcee411b9fd2e7422b5d02047acb040f41c9fac,0.349999994,21
f16-dev-0013-s69cc0035-w5e651fdf-mirror-y,16,dev,frozen_RAPTOR,true,1.5,60,1,0,0,10,10,10.2001381,10.1165562,0.343709081,0.0640689284,e2170fbe8e8c2d074ffb08de4269175a6de0bdcd410c3b60bd699ee7b5fc491e,bb6e83096abeee16a9eae2f5adcee411b9fd2e7422b5d02047acb040f41c9fac,0.349999994,21
f16-dev-0014-sd4291ebc-w5e651fdf,16,dev,frozen_RAPTOR,true,1.5,60,1,0,0,10,10,9.25011635,8.19343853,0.34593156,0.0243280828,e2170fbe8e8c2d074ffb08de4269175a6de0bdcd410c3b60bd699ee7b5fc491e,bb6e83096abeee16a9eae2f5adcee411b9fd2e7422b5d02047acb040f41c9fac,0.349999994,21
f16-dev-0015-s876dd62c-w5e651fdf-mirror-y,16,dev,frozen_RAPTOR,true,1.5,60,1,0,0,10,10,12.3001862,8.75229549,0.339129806,0.0657811314,e2170fbe8e8c2d074ffb08de4269175a6de0bdcd410c3b60bd699ee7b5fc491e,bb6e83096abeee16a9eae2f5adcee411b9fd2e7422b5d02047acb040f41c9fac,0.349999994,21
f16-dev-0016-s3d830558-w5e651fdf,16,dev,frozen_RAPTOR,true,1.5,60,1,0,0,10,10,9.85013008,9.77252579,0.341005802,0.0885234177,e2170fbe8e8c2d074ffb08de4269175a6de0bdcd410c3b60bd699ee7b5fc491e,bb6e83096abeee16a9eae2f5adcee411b9fd2e7422b5d02047acb040f41c9fac,0.349999994,21
f16-dev-0017-s52ed60c3-w5e651fdf-mirror-y,16,dev,frozen_RAPTOR,true,1.5,60,1,0,0,10,10,9.15011406,8.29309177,0.34433499,0.0760851204,e2170fbe8e8c2d074ffb08de4269175a6de0bdcd410c3b60bd699ee7b5fc491e,bb6e83096abeee16a9eae2f5adcee411b9fd2e7422b5d02047acb040f41c9fac,0.349999994,21
f16-dev-0018-s7966c3c6-w5e651fdf,16,dev,frozen_RAPTOR,true,1.5,60,1,0,0,10,10,8.60010147,8.21678257,0.325308323,0.0721426606,e2170fbe8e8c2d074ffb08de4269175a6de0bdcd410c3b60bd699ee7b5fc491e,bb6e83096abeee16a9eae2f5adcee411b9fd2e7422b5d02047acb040f41c9fac,0.349999994,21
f16-dev-0019-sec907888-w5e651fdf-mirror-y,16,dev,frozen_RAPTOR,true,1.5,60,1,0,0,10,10,10.1501369,10.0051718,0.310429305,0.0694703758,e2170fbe8e8c2d074ffb08de4269175a6de0bdcd410c3b60bd699ee7b5fc491e,bb6e83096abeee16a9eae2f5adcee411b9fd2e7422b5d02047acb040f41c9fac,0.349999994,21
f16-dev-0020-sa0d58d4b-w5e651fdf,16,dev,frozen_RAPTOR,true,1.5,60,1,0,0,10,10,10.0501347,9.79263878,0.334207118,0.024420023,e2170fbe8e8c2d074ffb08de4269175a6de0bdcd410c3b60bd699ee7b5fc491e,bb6e83096abeee16a9eae2f5adcee411b9fd2e7422b5d02047acb040f41c9fac,0.349999994,21
f16-dev-0021-s0fdd4389-w5e651fdf-mirror-y,16,dev,frozen_RAPTOR,true,1.5,60,1,0,0,10,10,10.4001427,8.85439205,0.331764638,0.00854414701,e2170fbe8e8c2d074ffb08de4269175a6de0bdcd410c3b60bd699ee7b5fc491e,bb6e83096abeee16a9eae2f5adcee411b9fd2e7422b5d02047acb040f41c9fac,0.349999994,21
f16-dev-0022-s9d172b91-w5e651fdf,16,dev,frozen_RAPTOR,true,1.5,60,0,1,0,1,10,0.969999373,0.973625958,6.81257486,-0.00375968218,e2170fbe8e8c2d074ffb08de4269175a6de0bdcd410c3b60bd699ee7b5fc491e,bb6e83096abeee16a9eae2f5adcee411b9fd2e7422b5d02047acb040f41c9fac,0.349999994,21
f16-dev-0023-s12170f24-w5e651fdf-mirror-y,16,dev,frozen_RAPTOR,true,1.5,60,1,0,0,10,10,12.250185,8.89646435,0.336615533,0.0329485834,e2170fbe8e8c2d074ffb08de4269175a6de0bdcd410c3b60bd699ee7b5fc491e,bb6e83096abeee16a9eae2f5adcee411b9fd2e7422b5d02047acb040f41c9fac,0.349999994,21
f16-dev-0024-s1bd82c97-w5e651fdf,16,dev,frozen_RAPTOR,true,1.5,60,1,0,0,10,10,8.65010262,8.00255203,0.314126611,0.0756105781,e2170fbe8e8c2d074ffb08de4269175a6de0bdcd410c3b60bd699ee7b5fc491e,bb6e83096abeee16a9eae2f5adcee411b9fd2e7422b5d02047acb040f41c9fac,0.349999994,21
f16-dev-0025-s22f9d1aa-w5e651fdf-mirror-y,16,dev,frozen_RAPTOR,true,1.5,60,1,0,0,10,10,11.1001587,8.49025917,0.343372613,0.00145815313,e2170fbe8e8c2d074ffb08de4269175a6de0bdcd410c3b60bd699ee7b5fc491e,bb6e83096abeee16a9eae2f5adcee411b9fd2e7422b5d02047acb040f41c9fac,0.349999994,21
f16-dev-0026-sf5f29859-w5e651fdf,16,dev,frozen_RAPTOR,true,1.5,60,1,0,0,10,10,10.3001404,8.0274868,0.349873841,0.00772218406,e2170fbe8e8c2d074ffb08de4269175a6de0bdcd410c3b60bd699ee7b5fc491e,bb6e83096abeee16a9eae2f5adcee411b9fd2e7422b5d02047acb040f41c9fac,0.349999994,21
f16-dev-0027-s58ead200-w5e651fdf-mirror-y,16,dev,frozen_RAPTOR,true,1.5,60,1,0,0,10,10,9.40011978,8.24411869,0.339997828,0.0424491167,e2170fbe8e8c2d074ffb08de4269175a6de0bdcd410c3b60bd699ee7b5fc491e,bb6e83096abeee16a9eae2f5adcee411b9fd2e7422b5d02047acb040f41c9fac,0.349999994,21
f16-dev-0028-s26983cc6-w5e651fdf,16,dev,frozen_RAPTOR,true,1.5,60,1,0,0,10,10,8.95010948,7.68361425,0.343071729,0.0573554337,e2170fbe8e8c2d074ffb08de4269175a6de0bdcd410c3b60bd699ee7b5fc491e,bb6e83096abeee16a9eae2f5adcee411b9fd2e7422b5d02047acb040f41c9fac,0.349999994,21
f16-dev-0029-sf6dc26c6-w5e651fdf-mirror-y,16,dev,frozen_RAPTOR,true,1.5,60,0,1,0,1,10,0.969999373,0.855145156,6.76391172,-0.000272884965,e2170fbe8e8c2d074ffb08de4269175a6de0bdcd410c3b60bd699ee7b5fc491e,bb6e83096abeee16a9eae2f5adcee411b9fd2e7422b5d02047acb040f41c9fac,0.349999994,21
